ID,Type,Strain
018NY6XC00VTHTTQVRBK27ZAHT,"","$100 OG"
018NY6XC00VTQ55YRFW94E7DW2,"","$100 OG Kush"
018NY6XC00VTNRPEGJQE1AG2TK,"","00 Kush Breath"
018NY6XC00VTVGT4RHFJG7KGA4,"","0-0-Swerdlow"
018NY6XC00VT17WVEBQXAXRWR0,"","1"
018NY6XC00VT1R87P3TB4SC7KC,"","10"
018NY6XC00VTAJTT8A8B9VC674,"","100 Watt Kind"
018NY6XC00VTCSMWG1GA65276H,"","101 Headband"
018NY6XC00VT4PFANPQ3C0H612,"","1024"
018NY6XC00VTWYECN7JDN29TY5,"","11:59 Armageddon Skunk"
018NY6XC00VT60HRBACM7R8VXE,"","1:1 G - CBDiesel"
018NY6XC00VTVZX6A1H41AWZ3E,"","#129"
018NY6XC00VTVAKHD1J5PTYAHW,"","12th Man"
018NY6XC00VTA4NGSCC8ZZX0VN,"","12th Man Down"
018NY6XC00VTCG42BZH9ZJP7AE,"","12th Man OG"
018NY6XC00VTZE7S088G3E14P6,"","13 Bubbas"
018NY6XC00VTT430S1T8X07FEY,"","13 Dawgs"
018NY6XC00VT7QN30G0ANYHPTD,"","1.3G"
018NY6XC00VTRKMGME49XG6N9J,"","13 Roses"
018NY6XC00VT80ZYF13GFTWTTK,"","1988 Hash Plant"
018NY6XC00VTYN9YM5XQ491TGM,"","#1K"
018NY6XC00VT0ZKFPJP60C8M09,"","#1K PC"
018NY6XC00VT5P71WBH87P1XSA,"","1'n Dun"
018NY6XC00VT3THVR5VP2V8Z6R,"","1 'n the Pink"
018NY6XC00VTZFF8M9V7SX7WQN,"","2"
018NY6XC00VTYQFQEN4FF467E4,"","24 Carat"
018NY6XC00VTSTSP333DE37MK6,"","24 Gold"
018NY6XC00VT5HJ21GXX0YPER1,"","24k"
018NY6XC00VTB74EWVPE3NGPFE,"","24K Gold"
018NY6XC00VTR43R686FAYEMFX,"","24k tangie"
018NY6XC00VT1G4D63BBD0T9HK,"","26 Cookies"
018NY6XC00VTQNBN3NFFC7CWAF,"","#2 Pheno KFx2"
018NY6XC00VTBAXVKH3JC3ZH98,"","2 Pounder"
018NY6XC00VT992A88TBR0PGAB,"","2-Pounder"
018NY6XC00VTQKS0SCPEFBRC52,"","3"
018NY6XC00VTZBD06SXW4NDPZJ,"","303 Kush"
018NY6XC00VTKDWF9S3K1NSWA0,"","303 OG"
018NY6XC00VT9VZ8N3EN75B0YD,"","303 OG Kush"
018NY6XC00VTXK7X0KKPMYP9A8,"","303 Stooges"
018NY6XC00VTVPYSKAQREY7MFK,"","#32"
018NY6XC00VTHYAHQSC50ANVX2,"","360X"
018NY6XC00VTCS88KTFK4K1GW1,"","3D"
018NY6XC00VTVYB0H9R90WPED2,"","3D CBD"
018NY6XC00VT9WNYRJZMQQTCQA,"","3 Kings"
018NY6XC00VT3QBF9JWRXG25RF,"","3PAC"
018NY6XC00VT0NRENWAJK43CME,"","#3 Pheno GAL6174"
018NY6XC00VT9BRPECVFV9MZ6X,"","#3 Pheno GAL6175"
018NY6XC00VT68C8V3N1E7A7ME,"","3rd Coast Panama Chunk"
018NY6XC00VT0C036HX9JXSDAN,"","3rd Dimension"
018NY6XC00VTEBNYB6VCJ668WA,"","3 Times Crazy"
018NY6XC00VTV1BRE3PVSKGZWW,"","3x Cookies"
018NY6XC00VTTW7Z4QTAPZPS28,"","3X Crazy"
018NY6XC00VTZVCTX2ZH8CHA2M,"","3X Crazy (Three Times Crazy)"
018NY6XC00VT9GZJZWYYRD64RE,"","4"
018NY6XC00VT0KS1FCY3TPRFXF,"","4077 Med Leaf"
018NY6XC00VTKRT7GKQ1YRJS4M,"","420"
018NY6XC00VTNNKX6T9AMBBARQ,"","420 Glue"
018NY6XC00VTKV7F5JGC3CZAST,"","420 Kush"
018NY6XC00VTTRTWYR2MX8AT5G,"","425"
018NY6XC00VTZWAN7HFF2GMVNK,"","4 Best 4 You"
018NY6XC00VTGHMW504YCSV2QM,"","4 Corners"
018NY6XC00VT6VG1ADYDXAM2QJ,"","4D (4th Dimension)"
018NY6XC00VTN80N2Z5ERT1HMB,"","4 Horseman Haze"
018NY6XC00VTE21YP13JCAVW1E,"","4 Kings"
018NY6XC00VT028J0EVSQ2EGG2,"","4 Way"
018NY6XC00VTJGNXE6PXVS5Y5M,"","5"
018NY6XC00VTCGQY28MQCVFDPX,"","501st OG"
018NY6XC00VT1D2142EHNJ01XE,"","503 OG"
018NY6XC00VT9P1RRH3JPKKKZ1,"","509 Kush"
018NY6XC00VTS9N46T7548VR33,"","512 OG"
018NY6XC00VTH069NFRDPRJVZW,"","5G's Blue"
018NY6XC00VT19D0G0PB69NKFY,"","5G's Purple"
018NY6XC00VTEYTDFSZ599QQRB,"","5G's Red"
018NY6XC00VTX9X17NPH3NTBAR,"","5G's Yellow"
018NY6XC00VTZ8BEZ5VBBGWPQ7,"","5K OG (cut)"
018NY6XC00VTBQSG2D5F47ZQRV,"","5K Puff"
018NY6XC00VTJ25V9Y6CPQZBP1,"","#5 Pheno"
018NY6XC00VTV0WJ20WSCKNKS0,"","#5 Pheno Afghan Dom"
018NY6XC00VTJRV19QE0Q95ZTF,"","5th Element"
018NY6XC00VT5H1W350XNTG4Y9,"","6"
018NY6XC00VTRQMPDY5EXK57DJ,"","60"
018NY6XC00VT0N6MHQ555WJH11,"","60 Day Lemon (auto)"
018NY6XC00VTM3NBJSA5VMHBED,"","60 Day Wonder"
018NY6XC00VTQKM78X99Q06HQS,"","60% Indica / 60% Sativa"
018NY6XC00VTB4CA06D3PEFVPS,"","619 OG"
018NY6XC00VTPYA09VXEPBM8RX,"","#6 Pheno"
018NY6XC00VTTVV7BW8WEZ6N15,"","7"
018NY6XC00VTV178GJXHSQF33J,"","707 Headband"
018NY6XC00VTXG6E2F8A950JD7,"","707 Sour Diesel"
018NY6XC00VTAQ0H1A7VDS45VC,"","707 Truthband"
018NY6XC00VTG77Q8JA602AXK4,"","710 Cheese"
018NY6XC00VTT5CTEKGP75GCWP,"","710 Mango"
018NY6XC00VTMGAG46FKHXEAZ9,"","710 Stick Icky"
018NY6XC00VTQ0QE4AWQ8EBT3D,"","747"
018NY6XC00VTB7PPE4CT42ENQ2,"","76' Thai Stick"
018NY6XC00VTC8T6RQRH3D178S,"","'78 LA OG Affie"
018NY6XC00VT42ACPGXKG7JF3J,"","'78 OG AFFIE"
018NY6XC00VTY46J85PVH1HK1K,"","7/8 Sour"
018NY6XC00VT2H8TWSFEX3SYQP,"","7 Ghosts"
018NY6XC00VTX110106TDDDWFT,"","7 Kingdoms"
018NY6XC00VTHK3QHQSMKTFVP9,"","7 of 9"
018NY6XC00VT998HRJB46G1CXP,"","7 Stars Cookies"
018NY6XC00VTASKMVNHK1A43ZF,"","7-Way"
018NY6XC00VTBYTKN42PAPZ4WE,"","8"
018NY6XC00VTFTP4R22SJ84V3E,"","818 Headband"
018NY6XC00VTQDCMEQGSRP67K1,"","818 OG"
018NY6XC00VTZ4KEC25DK38GF3,"","818 Pure SFV OG S1"
018NY6XC00VT3D8SC353H891EZ,"","818 SFV Fire OG"
018NY6XC00VT95WC4AAH9A9G3H,"","831 OG"
018NY6XC00VTFCMJT4QW09RE46,"","'86 Black UW"
018NY6XC00VT0Q2HMSJYR5ZYDQ,"","88 G-13"
018NY6XC00VTZMCK995R2AW16J,"","88 G-13 Hashplant"
018NY6XC00VT7MA9XWV6XSJV0Z,"","8 Ball Kush"
018NY6XC00VTRGP9H2CQPP8Q34,"","8-K"
018NY6XC00VTV5CGK8H7BTSG3A,"","8 Mile"
018NY6XC00VT4TYDCDTAS1MEFJ,"","8 Miles High"
018NY6XC00VT8R9DQ7D5SB6WV4,"","90's Glue"
018NY6XC00VTPXCZXNVPHCHDBG,"","91 Bubbleberry"
018NY6XC00VTJGVGGPM6X7NXR7,"","'91 Chemdawg"
018NY6XC00VTABJJN0B0FJ93NX,"","91 Krypt"
018NY6XC00VTYB0THWWZHTW1FG,"","91 OG"
018NY6XC00VTW3KFBW368SW495,"","925"
018NY6XC00VTHRRVDRMGJ39MCB,"","'98 Aloha White Widow"
018NY6XC00VT3A1H46Y1PAD7GR,"","'98 Lemon Haze"
018NY6XC00VTFF0MQX9FTD6GRR,"","9lb. Strawberry"
018NY6XC00VTV675EQ0H8XP9NJ,"","9lb. Strawberry cough"
018NY6XC00VTJ58VBZTTFJHJJF,"","9 mile"
018NY6XC00VTXTW0R34K1M2BNX,"","9 Mill"
018NY6XC00VTVEEGRDEDWSH4GE,"","9 Pound Hammer"
018NY6XC00VTG2GBB0AVN4X24D,"","A-10"
018NY6XC00VT8C8KY7YKRZXXNW,"","A10"
018NY6XC00VTWSS3W8GSRH319J,"","A-13"
018NY6XC00VT7VC4H4R15YHAV7,"","A-1 Haze"
018NY6XC00VTC2BXGAR14J6QRW,"","A2 Cookies"
018NY6XC00VTQSK67MB3Z4B9H0,"","A3"
018NY6XC00VT3CTZZT43QCF11J,"","A5 Haze"
018NY6XC00VT6PTCPGXDH70B0N,"","AAA"
018NY6XC00VT9G49D6223AV83V,"","Abacus"
018NY6XC00VT0DK785N6PZPMFV,"","Abatiol"
018NY6XC00VT0ASVMXM2WP9B1B,"","Abba Zabba"
018NY6XC00VTTDYWD48WNZPFYS,"","ABC (Australian Bastard Cannabis)"
018NY6XC00VT0VXJW1WJCJ8YEY,"","Aberdeen"
018NY6XC00VT5QKE24HAVZETR7,"","A-Bomb"
01E7BTTYS5S0HQYHCXVFPRDNXA,"Indica/Sativa","Abominable Snowman"
018NY6XC00VTTW9WBR81Z7PM7P,"","Above and Beyond"
018NY6XC00VTFE00BFQ3J07Z5Y,"","Abra Cadabra"
018NY6XC00VT0W8EJVAS60HYCC,"","Abula"
018NY6XC00VT0XXP6YTQ1WY46T,"","Abusive OG"
018NY6XC00VTZN6CV0NZ690V1V,"","Acai"
01E7BTV19KVM70TVDVD56N2G8V,"Sativa/Indica","Acai Berry Gelato"
018NY6XC00VT6YBTJZD4Z7FXSY,"","Acapulco Gold"
018NY6XC00VT55KGTVN9M7DG0R,"","Acapulco Gold GAL6141"
018NY6XC00VT2Z0Q25TJ526H3J,"","Acapulco Gold GAL6443"
018NY6XC00VTGTR5VC7K0R32DE,"","Acapulco Gold Landrace"
018NY6XC00VTGGPFPK28GT148Z,"CBD","ACBD"
018NY6XC00VTG23EMG7A6A6S99,"","Accidental Tourist"
018NY6XC00VTJMAHXJYDW778K1,"","ACCORN SNOWBUD"
018NY6XC00VT4V0498MHXTY4CH,"","AC/DC"
018NY6XC00VT171FZWZWQ75QX9,"","ACDC (AC/DC)"
018NY6XC00VTH53WJC26MDJ5PZ,"","ACDC/Cannatonic"
018NY6XC00VT1P1SB4XGTHZKHH,"","ACDC / CB Diesel"
018NY6XC00VT3DXNQVM3G9WATN,"","AC/DC GAL5817"
018NY6XC00VTKG4AKAEXXX1D19,"","AC/DC GAL6140"
018NY6XC00VT3TQDY9RHMD74RQ,"","AC/DC Maui Bubble Gift"
018NY6XC00VTHHQDG92QS2Y6ED,"","ACDC / Stardust"
01E7C1NWSA1FQ2P33DAX1YKZVM,"-unknown-","ACDC x Lilly"
01E7BYPWKX3ZBHT76FW53D58CB,"-unknown-","ACDC x Querkle"
018NY6XC00VT6CB3XR66SJM7FB,"","AceBerry"
018NY6XC00VTDH0MD7MWKKYGQH,"","Aceh"
018NY6XC00VTMXQX728SJA5Q9Y,"","Aceh (Atjeh)"
01E7BTV5HVZ4SGTJSTK5F07MMW,"Sativa/Indica","Ace High"
018NY6XC00VTGXBNRTH472SAWD,"","Ace Killer OG"
018NY6XC00VT6C74EK7Y5XYMW1,"","Ace of Haze"
018NY6XC00VTE9RVHCXB6PT4ZH,"","Ace of Spades"
018NY6XC00VTCE5555S7GRJFMV,"","Ace of Spades GAL5983"
018NY6XC00VTVTEM0A5QW7XCNF,"","Ace of Spades GAL6064"
018NY6XC00VTFPFJA4K2HED33H,"","Ace of Spades GAL6379"
018NY6XC00VTWSEMWE62APDHDD,"","A Charlot's Web"
018NY6XC00VTG0GRPW3QRSK55J,"","Acid"
018NY6XC00VTNJXF83NEFPJC1W,"","Acid Diesel Hog"
018NY6XC00VT4D2AREADCSBZWG,"","Acid Dough"
018NY6XC00VTVTQXXH6MFVX6V7,"","Ackleberry"
018NY6XC00VTFNS94XX5MCP4J0,"Indica","Ackona"
018NY6XC00VT9VG9N222XKR6GR,"","Acorn"
018NY6XC00VTGM18VS9MH00FWJ,"","Acrata Trainwreck"
018NY6XC00VT2W87BV8QVCG3Q2,"","Adak OG"
018NY6XC00VT1J5MC4SJRJCY9C,"","Adamantium"
018NY6XC00VT6RXXDDV0AJ3G31,"","A-Dawg"
018NY6XC00VTECR264A45TGEJW,"","ADHD"
018NY6XC00VTSMWA8M5EWVABTD,"","Ad Hoc"
018NY6XC00VT04WE5X9H2TSTE6,"","Adonai Kush"
018NY6XC00VTPPQ1P8JFXDT903,"","Adonis"
018NY6XC00VT1YBP5AKYRDDD6Z,"","A-Dub"
018NY6XC00VTTSETA1QMF0QERZ,"","AE77 Cali-O"
018NY6XC00VTK8B635RTWQH66E,"","Aeon Flux"
018NY6XC00VTYV857GFGM2HDBS,"","Afcrack"
018NY6XC00VTRX6YV9A8CGDS0Z,"","Affi"
018NY6XC00VT70S1CWSDQ2YYPQ,"","Affie Bubba"
018NY6XC00VTGW00MSZ07VEHMF,"","Afgan Goo"
018NY6XC00VT3SYX1X1MVF8818,"","Afgani Skunk"
018NY6XC00VT8ZPQDPX6CFP8B2,"","Afgan Kush"
018NY6XC00VTZ6YJXCX6ZF14PC,"","Afghaan"
018NY6XC00VT6MW6PRQYYDFYAV,"","Afghaan Dream"
018NY6XC00VTEESV2EP0CJ74BG,"","Afghan"
018NY6XC00VTEWTJ52MRF3WJ0G,"","Afghan #1"
018NY6XC00VTHNB6NSAM2NXKMG,"","Afghan #1/10"
018NY6XC00VTV8Y1M9YD40JEVQ,"","Afghan Abusive"
018NY6XC00VTX4VNP60VEV72CJ,"","Afghan Big Bud"
018NY6XC00VTX2NQ1WKVFXDWY9,"","Afghan Blue"
01E7BTVG9JMCGTCMVQ6V6J1H4W,"Indica","Afghan Bullrider"
018NY6XC00VT1WYD87DA9JGFP9,"","Afghan Bull Rider"
018NY6XC00VT5SYHYM92F7F5G8,"","Afghan Cookies"
018NY6XC00VTT3Q9CAKPP9XXPX,"","Afghan Cow"
018NY6XC00VT60J1WFXW13GN11,"","Afghan Delight"
018NY6XC00VTTNC6RVMFAR6PJD,"","Afghan Diesel"
018NY6XC00VT44T2G6KBV1VZBW,"","Afghan Face-Off"
018NY6XC00VTHXKAYC944RSQM4,"","Afghan GAL5955"
018NY6XC00VTQCT51Q8JX6Z7Y3,"","Afghan GAL6448"
018NY6XC00VTGF3DM828WNBRF7,"","Afghan Ghost"
018NY6XC00VTFGCM5Q2QCGH5ER,"","Afghan Goo"
018NY6XC00VT7ZAKXEHT1966KS,"","Afghan Gooey"
018NY6XC00VTZDSWRQQ3ZMHZPT,"","Afghan H.A."
018NY6XC00VTFGEZ4Z5G33N452,"","Afghan Hawaiian"
018NY6XC00VTGAAEN36WBC3EH0,"","Afghan Haze"
018NY6XC00VTFNJFV6B2J5DB4C,"","Afghani"
018NY6XC00VTE181YQ17AVQ32V,"","Afghani #1"
018NY6XC00VTJNA2RSFWRHWWD8,"","Afghani 99"
018NY6XC00VT08EJGE0FAJ5K6Q,"","Afghani/Black Domina Hybrid"
018NY6XC00VT3R025MF55Z9PMN,"","Afghani Bullrider"
018NY6XC00VTSX2QCD17HC5CSR,"","Afghanica"
018NY6XC00VTQ85WFGFPH0E2H1,"","Afghani CBD"
018NY6XC00VTN7XDDVXB69C2KY,"","Afghani Dream"
018NY6XC00VT99W2FSXS9X84WJ,"","Afghani Erdpurt"
018NY6XC00VTVCXZNFSHVT0865,"","Afghani Gold"
018NY6XC00VTCDF77461JK4VR4,"","Afghani Granddaddy"
018NY6XC00VTXZP0MN9JR5V26B,"","Afghani Grand Daddy"
01E7BV0KPSWG2A0ZGPXZPJ52YW,"Indica/Sativa","Afghani Hash Plant"
018NY6XC00VT5K4QPFAS3504M6,"","Afghani-Hawaiian"
018NY6XC00VTWF8JY28X03R6QR,"","Afghani-Headband"
018NY6XC00VTNXHR59AKNHZ8E8,"","Afghani Hindu Kush"
018NY6XC00VTR1SR6QCPHDG7DT,"","Afghani Ice Cream"
018NY6XC00VTV1ASN7G67WJ68Q,"","Afghani Landrace"
018NY6XC00VTTM0FEDPH47FDDJ,"","Afghanimal"
018NY6XC00VTT1NVCWDSN2QG5B,"","Afghani-Malawi"
018NY6XC00VTTWBJ0Z0XJCT3XZ,"","Afghani / Nepali"
018NY6XC00VTXVV6PC143QA3KE,"","Afghani No. 1"
018NY6XC00VTFN0PSR9ZN904Y8,"","Afghani No. 1 / Skunk No. 1"
018NY6XC00VTKGEKK49SXHDC9P,"","Afghani Orange"
018NY6XC00VTGAZ390DABMKKJD,"","Afghani Pink"
018NY6XC00VTYTJJC00V8G8YQV,"","Afghani Skunk"
018NY6XC00VT462KJCAZYDSTJM,"","Afghani Special"
018NY6XC00VTMEKRM6YJCJS85C,"","Afghanistan Kyber Pass"
018NY6XC00VTMGK2RC6BCYAWMC,"","Afghani Wonder"
018NY6XC00VTFM2J0HNTJNXR9J,"","Afghani Yumbolt"
018NY6XC00VT8ECEG78ASPNX9M,"","Afghan Kush"
018NY6XC00VTRWKGJ7KAE8X889,"","Afghan Mango"
018NY6XC00VTEYSCQ2KCKRHQGY,"","Afghan OG"
018NY6XC00VTN1A3PJDW9EPNCT,"","Afghan Ooey Gooey"
018NY6XC00VTCEHWEFYMJZTY3S,"","Afghan Poison"
018NY6XC00VTKYFH0PG16EFB8T,"","Afghan Princess"
018NY6XC00VT52GV0KEED5EH35,"","Afghan Purple Kush"
018NY6XC00VTM1JW8W5B9XJQGC,"","Afghan Skunk"
018NY6XC00VTERVZA3N6MP87RQ,"","Afghan Skunk (Aficionado)"
018NY6XC00VT6E7SKC5Z7H7G44,"","Afghan Sour Kush"
018NY6XC00VTY414RR292326PX,"","Afghan Storm Auto"
018NY6XC00VTJX20VNQNSFHR8S,"","Afghan Widow"
018NY6XC00VT2GE3TV81T9P76H,"","Afghan Yumbolt"
018NY6XC00VTMDD6SNVP3GSV6Z,"","Afghooey"
018NY6XC00VT5BHTYGXP9Y71QG,"","Afgoo"
018NY6XC00VTXGW5FK7V7F2ZRN,"","Afgoo (Afgooey / Afghooey)"
018NY6XC00VTQKTY0PW8EEHPQA,"","Afgooberry"
018NY6XC00VT5C0V1611H2PBN0,"","Afgooey"
018NY6XC00VTRTR216RHDYYZY2,"","Afgooey Doja"
018NY6XC00VTBNE2A7MKDSZY71,"","Afgoo GAL329"
018NY6XC00VTD17A7Z03W67Z7C,"","Afgoo GAL6068"
018NY6XC00VTHDZT2MH69RQN2P,"","Afgooiest"
018NY6XC00VT6R9R29GW9D4XEP,"","Afgoo Kandy Kush"
018NY6XC00VTD18B7AQ5JKY59S,"","Afgoonie"
018NY6XC00VTX4Y7HC3VG3DP7J,"","Aficionado OG"
018NY6XC00VT2XQTHWPN4P9HRF,"","Afkansastan"
018NY6XC00VTC16EAKG9D2HX41,"","Afpak"
018NY6XC00VTVGGZCMK6FK7AJ2,"","African"
018NY6XC00VT0KRBM5Z2848JQK,"","African 75"
018NY6XC00VT59AH2RFS73WSEV,"","African Black"
018NY6XC00VTX7GXKPND05SPGZ,"","African Buzz"
018NY6XC00VTDZ74QQ2P4CN7NH,"","African Gold"
018NY6XC00VTJXFZS8P7A0T1R5,"","African Haze"
018NY6XC00VTE18XVV4CJW76AC,"","Africanistan"
018NY6XC00VTJASH9E4FMM3YQE,"","African Purple"
018NY6XC00VTZZ9PCDGWKM3RSW,"","African Queen"
018NY6XC00VT3B4MASNAAE23M5,"","African Sativa (Spirit)"
018NY6XC00VT0MQE0GQ2PN3N1Z,"","African Tangie"
018NY6XC00VTCRHHR74J2SFT4H,"","Afrikaner"
018NY6XC00VTG6TGED7110K2TR,"","Afrinomicon"
018NY6XC00VT2T8SGPX3GB89BR,"","Afrodite"
018NY6XC00VTA068MC7FVPYYYQ,"","Afropips Durban Poison"
018NY6XC00VTZ56GPEHSV71JSJ,"","Aftangie"
01E7BV103CREJPJT9TRGMWYKRQ,"Indica/Sativa","After Burner"
01E7BV10W543QBEVGY0TFZKKRK,"Sativa/Indica","After Chem"
018NY6XC00VTWJHW4ZASSV3K0T,"","Afterlife (Afterlife OG)"
018NY6XC00VT797NS4DEFR4Y7Q,"","After Life OG"
018NY6XC00VTCY0TZE9JZYJHKA,"","Afternoon Delight"
018NY6XC00VTH2V9TA40QTM389,"","After Party"
018NY6XC00VTECY0YTZTCK36V1,"","Afwreck"
018NY6XC00VTFGH84H439WJ09H,"","AG13 Haze"
01E7BVXJ12T7YWR8CX9X5XP4TY,"Sativa/Indica","Agape"
018NY6XC00VTCZHHJ8TQKKXG9V,"Hybrid","Agate"
018NY6XC00VTBV7AZFEPB05EJM,"","Agathlan"
018NY6XC00VT42C26KRX1QGNGQ,"","Agent 99"
018NY6XC00VT8KT5H4R06WZ3BX,"","Agent Blue"
018NY6XC00VTDXHTFFNFS0QQRA,"","Agent Cheese"
018NY6XC00VT6MKR7KNS8J5X3T,"","Agent D"
018NY6XC00VTN5176DKD1NXWXR,"","Agent O"
018NY6XC00VTNGSZVWKHJP2Q4T,"","Agent OgDog (AOD)"
018NY6XC00VTVDN9CGGFG4GA5R,"","Agent Orange"
018NY6XC00VT81WFS5E673AN8P,"","Agent Orange GAL19816"
018NY6XC00VTYD0W4ZRRWTSP4V,"","Agent Orange GAL5885"
018NY6XC00VTKRZDACNSH06JN3,"","Agent Orange GAL5906"
01E7C0YHY2DSDZSYE2V6QEKKB3,"-unknown-","Agent Orange x Berry White"
01E7C0YH5A9QT41F2YAGN0K5KZ,"-unknown-","Agent Orange x Raspberry Kush"
018NY6XC00VT44YCK7MBQHVYK6,"","Agent Tang"
018NY6XC00VTW75XETH0CE2H1J,"","Agent Tangie"
018NY6XC00VT61M4XZAE1RKBE8,"","Agent Walker"
018NY6XC00VTMB271HG1KN88SC,"","Agent White"
018NY6XC00VT8B69RAJJTJPKKF,"","Ahmad-Shah-Massoud_SBG"
018NY6XC00VT68DXZZ7P692BMN,"","Aiea"
018NY6XC00VT3WCEWNBAYPWYVA,"","Airborne"
018NY6XC00VTR28JNWXH3WDM2W,"","Airborne's G13"
018NY6XC00VTR1GX892TJSVDEY,"","Airhead"
018NY6XC00VTM2S2JSQ7QT7GT8,"","Air Jordan OG"
018NY6XC00VT5Q2B13QB1TPFF5,"","Airside OG"
018NY6XC00VTFTDW35VPWJ59J9,"","Airwalker OG"
01E7BVY5VJ7BBJ1MR59Z1RRC61,"Sativa/Indica","Aj'S Sour Diesel"
018NY6XC00VTMF6AF4EHPY2CG0,"","A-K"
018NY6XC00VTSQN571MW2D92YP,"","AK-420"
018NY6XC00VTWS9RKYK0Y63Z2Y,"","AK-47"
018NY6XC00VTJYRCPAQKY6SKTT,"","AK-47 F2"
018NY6XC00VTACG1W61JXPCTAD,"","AK47 F2"
018NY6XC00VTJKX0SH7X6B5EJ7,"","AK-48"
01E7BVY8C403K3MWQSWFY73YB0,"Sativa/Indica","AK-49"
018NY6XC00VTBED2W3AJBA2H9R,"","AK99"
018NY6XC00VTZ6Z10GFSVG1076,"","Akala"
01E7BVY94VQG0X17CWT6Z1JA0F,"Indica/Sativa","AK Confidential"
01E7BVY9XM46D92C6R9DBYFE9Y,"Sativa/Indica","AK Cookies"
018NY6XC00VTVP835W5G3CV4YT,"Hybrid","Akenocet"
018NY6XC00VTMX8F2E285WDBXP,"","Akimbo's Snow Grapes"
01E7BVYB96MMN34PNGMRMHBQQ0,"Hybrid","Akong 47"
018NY6XC00VT7WHMKSZRB3MNWG,"","Akorn"
018NY6XC00VT7DB8FJ7PBNEQ41,"","Akorn (Snowbud)"
018NY6XC00VT8G6CADRG2VQSGR,"","AKtombe"
018NY6XC00VTT2PFYXN37MK4DB,"","Alakazam"
018NY6XC00VTGD5D109K4X8N0W,"","Ala Moana"
018NY6XC00VTY1T6T470T0G609,"","Alaska"
01E7BVYECBS3R3KVDMY3CTS24J,"Hybrid","Alaskan Blackberry"
018NY6XC00VTG5GV8XFQ9382C5,"","Alaskan Fireweed"
018NY6XC00VTQ4N6YR6BHY0ZRT,"","Alaskan Ice"
018NY6XC00VTK8CS3ZDXD91A18,"","Alaskan Matanuska Thunderfuck"
01E7BVYFQNF5DP2GKJTD9F8TYJ,"Indica/Sativa","Alaskan Purple"
018NY6XC00VTKPMWAHCFCQ2YHC,"","Alaskan Thunder Bolt"
018NY6XC00VTDERJCFCMPVP4PK,"","Alaskan Thunder Fuck"
018NY6XC00VT1J4ACHAHBR3TQ4,"","Alaska Thunder Grape"
018NY6XC00VT667M6M6ZXQKH71,"","Albert Walker"
018NY6XC00VTRT18H8DZP1C456,"","Albert Walker OG (AWOG)"
018NY6XC00VTY06DEH14MFQSAD,"","Albino Albert"
018NY6XC00VT22ZR7CDN6ZBVQ9,"","Albino Kush"
018NY6XC00VTR66FR6N2KGM4VJ,"","Albino Leprechaun"
018NY6XC00VTYYKHHV8T1E2MY0,"","Albino Rhino"
018NY6XC00VTX0TRGJRK84Z0N0,"Sativa","Albroven"
018NY6XC00VT9HFS8MEWCFFEZN,"","Al Capone"
018NY6XC00VTQNXKC0RXMKXZD9,"","Alcatraz OG"
018NY6XC00VTN60G3E8FGBZB9Y,"","Alchemy"
018NY6XC00VTA33YTZ54NX8TZP,"","Alder Point"
018NY6XC00VTBH9CRP00EEK5TK,"","Alegria"
018NY6XC00VTYQBVAMCSC9Z51C,"","Alenuihaha"
018NY6XC00VT2Q9N0DJMHF5T04,"","Alexander Kush"
018NY6XC00VT1CJPYEEAKARN1S,"","Alexander the Grape"
018NY6XC00VTBD2VQEABPT828E,"","Alf"
018NY6XC00VT16H4V030B2Y57K,"","Alfred Packer"
018NY6XC00VT2SJS9HACW5NHMR,"","Alice"
018NY6XC00VTHWE48GT766P520,"","Alice & Bob"
018NY6XC00VTX2H5KF8SE2YVEB,"","Alice (Delicatessen)"
018NY6XC00VT4YJJZEEB0FXRBK,"","Alice in Wonderland"
018NY6XC00VT42Q20V096FPYQ0,"","Alien"
018NY6XC00VTMNC6C95PXSW88A,"","Alien Abduction"
018NY6XC00VTWS4802AK5GCAR5,"","Alien Afterburner OG"
018NY6XC00VT2P46ZNNYDWTTFH,"","Alien Afwreck"
018NY6XC00VTE38ZRN70WXBKY9,"","Alien Apparition"
018NY6XC00VTAXMDPHHYS9QHNC,"","Alien Asshat"
018NY6XC00VTJPE1P9Q208ZN7G,"","Alien Blue Dot"
018NY6XC00VTBKHPG6GH67A7YR,"","Alien Blues"
018NY6XC00VT96EH19WFVY9F5H,"","Alien Bubba"
018NY6XC00VTT9RCFEMPJ1PZSJ,"","Alien Bubba Berry"
018NY6XC00VT1D6KNS1N2TZG3T,"","Alien Bubba Crack"
018NY6XC00VT08XZE5B4JTEJ0V,"","Alien Cake"
018NY6XC00VTMXGVVAWE68XCYC,"","Alien Candy"
018NY6XC00VTK3XDK0GZTC38TJ,"","Alien Caper"
018NY6XC00VTZEJR8NYHS4QH4A,"","Alien Champagne"
018NY6XC00VTKXDVTA09E5NT8X,"","Alien Chemmander"
018NY6XC00VT2T9AK8R09DNE58,"","Alien Chocolate"
018NY6XC00VTG7X4HFTYKNJWXC,"","Alien Cookies"
018NY6XC00VTX0YWC1YCQTPFTF,"","Alien Cookies (Oregon Microgrowers)"
018NY6XC00VTE8KFGE055R47WE,"","Alien Cough"
018NY6XC00VTGJB3T70DNPTVF0,"","Alien Crack"
018NY6XC00VTQ1TQ13EP5TBV40,"","Alien Daug"
018NY6XC00VT0KJZJA36E236RB,"","Alien Dawg"
018NY6XC00VT963A83TS6EVG0T,"","Alien Dog (Ether)"
018NY6XC00VT209K7WFG2RKVJ6,"","Alien Dog F3"
018NY6XC00VT1GY1BVPYDH38Z2,"","Alien Dog V2"
018NY6XC00VTB1H5YF06GY3A5A,"","Alien Dojo F2"
018NY6XC00VTEXKG7PTW6YV5R7,"","Alien Double Dawg"
018NY6XC00VTK3VDA9FT62DVM2,"","Alien Dutchess"
018NY6XC00VTD67YNF842RPX2Y,"","Alien Express"
018NY6XC00VTPCWWKFQE62HEQ1,"","Alienfields"
018NY6XC00VT3YDY46S566D9RD,"","Alien Fire"
018NY6XC00VTW4QCJ3NXYJQ138,"","Alien Fire A"
018NY6XC00VTYX5M6Y3H5Z002C,"","Alien Fire F"
01E7BVYXA0CB4GJVEMB2BB4GTH,"Indica/Sativa","Alien Fire Fruit"
018NY6XC00VTJMH6B6A4YQ4AGS,"","AlienFruit"
01E7BVYY2N0JK43HWJ2WTNWJ4B,"Indica/Sativa","Alien Girl"
018NY6XC00VT0HSGT5H5PS2HKZ,"","Alien Grapes"
018NY6XC00VTH1C9H78NRJBHHG,"","Alien Grapevine"
018NY6XC00VTJCJSMYQHAHM8SM,"","alien grenades"
018NY6XC00VTQ79QGXS404CP6X,"","Alien Grenades"
018NY6XC00VTCN73N68H3FVXKW,"","Alien Hallucination"
018NY6XC00VTX57BB4X926MJ8F,"","Alien Inferno"
01E7BVZ15PNAYVX9H0BZHWKRBX,"Indica/Sativa","Alien Invasion"
018NY6XC00VTRXC7MKJQ3KZG7P,"","Alien Jack Motta"
018NY6XC00VTGSRDSNE96587PK,"","Alien Jones"
018NY6XC00VT5WBFR582YSDTHX,"","Alien Kind"
018NY6XC00VTTZ20J38F2RPA89,"","Alien Kush"
018NY6XC00VTXPVD22PH8D5710,"","Alien Kush (Alien Genetics)"
018NY6XC00VTJFWVBZJDEWW2RN,"","Alien Kush F2"
018NY6XC00VTEMHGTD4NBYN3DJ,"","Alien Matter"
018NY6XC00VT1R0DVHR8DTW1QN,"","Alien Moon Pie"
018NY6XC00VTX4FNY5K2BNSMAM,"","Alien Napalm"
018NY6XC00VTQWA2H8VEKBP0NR,"","Alien Napalm OG #6"
018NY6XC00VTK4KF42PGJMWHWF,"","Alien Nightmare"
018NY6XC00VTS0D8W0DVEFCEWN,"","Alieno Formaggio"
018NY6XC00VT4YXN74ATQ0FQHP,"","Alien OG"
018NY6XC00VT5YYC7GJWHYHGY3,"","Alien OG Kush"
018NY6XC00VTEJGCWKMZTHE1NP,"","Alien OG Kush (Aficionado)"
018NY6XC00VTV7BPPTD9SJE9CH,"","Alien Orange Cookies"
018NY6XC00VTHT1RJ1D00CBFF9,"","Alien Orange Gum"
018NY6XC00VTYTGWHX2FQPXJ77,"","Alien Orange Reclookie"
018NY6XC00VTXGYDW300GS6QJB,"","Alien Outcast"
018NY6XC00VT4F34R7ZVZYY0JX,"","Alien Pebbles"
018NY6XC00VT3JFHMW2B78GWVZ,"","Alien Planet"
018NY6XC00VTZATG4MS8EABSJZ,"","Alien Poison"
018NY6XC00VT99X81KW6VZZ530,"","Alien Porn"
018NY6XC00VTK0JP6VGFKX3TWQ,"","Alien Reunion"
018NY6XC00VT55H875KA8MWQ9J,"","Alien Riff"
018NY6XC00VT5G9QEYJ4ECYZN0,"","Alien Rift"
018NY6XC00VTWJADW46FTGFB8D,"","Alien Rock Candy"
018NY6XC00VTD7TMPG7VCCVVCV,"","Alien Science"
018NY6XC00VT8JTGMN1FMK78CT,"","Aliens JackD Up"
018NY6XC00VTBQAMPDMK17TGBD,"","Aliens OM"
018NY6XC00VTFY601Y1JXVS8A3,"","Aliens on Moonshine"
018NY6XC00VTACKFC9NC7HG32K,"","Aliens On Moonshine (Aliens OM)"
018NY6XC00VT9XQ2BEAZVNFX5V,"","Alien Sour Apple"
018NY6XC00VTFNK7KQKBQ71ZKM,"","Alien Stardawg"
01E7BVZA2JDCVB1J5F02TR3WH2,"Hybrid","Alien Surfer Cookies"
018NY6XC00VTT8GN82YCDQR2BW,"","Alien Swindle (OG Alien Dawg)"
018NY6XC00VT8AN4R1PMPDF4HD,"","Alien Technology"
018NY6XC00VTVKKVTVS1Q2KBEF,"","Alien Train Wreck"
018NY6XC00VTY092EX6ACHTZYD,"","Alien Witchcraft"
018NY6XC00VTP8XZS7RX8A8ANA,"","Alion"
01E7BVZC0E7X5B90XZK28A1ACD,"Indica/Sativa","A Little Kushy"
018NY6XC00VTQXA3D3ANQBX78T,"","All Blues"
018NY6XC00VTPSKW7QF45M2465,"","Allen Iverson OG"
018NY6XC00VTDKM14CDHF330ZX,"","Allen Wrench"
018NY6XC00VTHXVQH0YN2648F8,"","All Green"
018NY6XC00VTQZEV7T8BM4QAP1,"","Allkush"
018NY6XC00VTJDG2AABNZN74WW,"","All of The Above (AOTA)"
018NY6XC00VTJ5ANQYR953PHCS,"","All Spark OG"
018NY6XC00VT2DWCV022ZC4PST,"","All Star Jack Frost"
018NY6XC00VTR5MHS2J889025R,"","All Star Romulan"
018NY6XC00VTJK7B11K0Q8P7BN,"","Allure OG"
018NY6XC00VT12R1P09G5RDQEP,"","Aloha"
018NY6XC00VTK2VH9ANV7N4313,"","Alohaberry"
018NY6XC00VTN2YWFPE41AM0PR,"","Aloha Berry"
018NY6XC00VTRNXJCYSK84AR1Z,"","Aloha Grape Stomper"
018NY6XC00VTSXX4QHK71K9W36,"","Aloha Limone"
018NY6XC00VTKD019ZNM6GT3JM,"","Alokai Hawaiian"
018NY6XC00VT8VF3QWD2KBYN2E,"","Alpha 13"
018NY6XC00VTP242ERAGENH6RP,"","Alpha Blue"
018NY6XC00VT2FP3DR2R69SKSW,"","Alpha Bud"
018NY6XC00VT6AV4PYX46Q7672,"","Alpha Centauri"
018NY6XC00VTCXQNX2D765RGB3,"","Alpha Cow"
018NY6XC00VT8GXXAWP2X6ZHW1,"","Alpha Dawg"
018NY6XC00VTDSA1CAP8HHYDDJ,"","Alpha Diesel"
018NY6XC00VTF3AX5F51ZNYQB8,"","Alpha Express"
018NY6XC00VT0QZ087PF067QNP,"","Alpha Jack"
018NY6XC00VTG1N9EYKXQ01RX8,"","Alpha OG"
018NY6XC00VTT31GZBJWZRB8QA,"","Alpha Omega OG"
018NY6XC00VTXKE3BCQYP6V97D,"","Alpha Who"
018NY6XC00VTCANSRNH50XQA77,"","Alpine Blue"
018NY6XC00VT9YF87H1DAAE0EZ,"","Alpine Cookies"
018NY6XC00VT34N1KR4Y6WVVR6,"","Alpine OG"
018NY6XC00VTN3EKJ06NQKTQVF,"","Alpine Rocket"
018NY6XC00VTW23B2TJFYRQ68X,"","Alpine Star"
018NY6XC00VT80F0X68EYS9S1Y,"","Alp King"
018NY6XC00VTMT6YQ2KKHVSH1R,"","Al's Dream"
018NY6XC00VTWF17SB4TAS11VS,"","althea haze"
018NY6XC00VT016HANS8RGEJ0F,"","Alumiquista"
018NY6XC00VTB6M0N678JNCRT8,"","Amarant Dwarf"
018NY6XC00VT9N85N2AEKA9YN1,"","Amarelo Brazilian Landrace"
018NY6XC00VTCKCZEV0G0XPC1K,"CBD","Amarillo"
018NY6XC00VTR8EZAYCPKZPZNM,"","amazing grace"
018NY6XC00VT91XXENRKQWGJPQ,"","Amazing Grapes"
018NY6XC00VTXEM4Y2E3184NPP,"","Amazing Haze"
018NY6XC00VT4H39NQFNET6BQB,"","Amazonia"
018NY6XC00VT9FTTXST699Z8Q4,"","Amber Diesel"
018NY6XC00VT79TY37SSMXTYCY,"","Amber Fire"
018NY6XC00VTTR98QVX7ZQJVW3,"","amber Frost"
018NY6XC00VTZRHSX35WD5WHR7,"","Ambrosia"
018NY6XC00VTQGGMDB5MPJBR0E,"","Ambrosia Papaya"
018NY6XC00VTSW83JEHRPHZ1KG,"","Ambulance"
01E7BVZZXEE7ZK6ZNCN9MP6MA2,"Indica/Sativa","Ambush Kush"
018NY6XC00VTX5Q3PTBCGK976K,"","American Beauty"
018NY6XC00VT8KWSA8VXQG6YK9,"","American Dream"
018NY6XC00VT95ZTCCK1KTH1FR,"","American Dream Kush"
018NY6XC00VTDX6S91F6BJM9Q4,"","AMERICAN FERAL"
018NY6XC00VT7E9TF4VNK071M0,"","American Kush"
018NY6XC00VT1GC9203W8ADXCC,"","Americano"
018NY6XC00VT5CDG6PKDVXCFZB,"","American Orange"
018NY6XC00VTWWSK7870YKKBN3,"","American Pie"
018NY6XC00VT7M05K0D8HW8QKG,"","Amethyst"
018NY6XC00VTYS8PDVS45MJQ0D,"","Amethyst Bud"
018NY6XC00VTVF4NM3AB43QR9K,"","Amethyst Bud (Irie Vibe)"
018NY6XC00VT3R6ZX6MRWVNS2V,"","Amethyst Koosh"
01E7BW04R56D7VBWPWWFHJNS1J,"Indica/Sativa","Amf OG"
018NY6XC00VT9A1962TPVFBXBF,"","Amherst (Mass.) Super Skunk"
01E7BW05GVXYD6K6GXN4WRX7BV,"Sativa/Indica","Amherst Moby Dick"
018NY6XC00VTFN7BZK1YDV42R5,"","Amherst Sour Diesel"
018NY6XC00VTMS06R4KGMKYXHY,"","Amnesia"
018NY6XC00VTNMQXAJR2R3H5KM,"","Amnesia 99"
018NY6XC00VTAZ54PKES2FY3RR,"","Amnesia Auto"
018NY6XC00VTJVVVAMGJWG6B1W,"","Amnesia Buiten"
018NY6XC00VTYBHW5ZDW0E1J09,"","Amnesia Cookies"
01E7BW096FQWT3AAYWV2ZFPM9A,"Indica/Sativa","Amnesia Flash"
018NY6XC00VTXSB6Q7Y22Z5H6B,"","Amnesia Gangster"
018NY6XC00VTQ5CE1TPF5PWA6N,"","Amnesia Ganja Haze"
018NY6XC00VTYNMPRNF7VXZK9M,"","Amnesia Haze"
01E7BW0BPY6TRFMHBVDHSA5M92,"Sativa/Indica","Amnesia Haze XL"
018NY6XC00VTNHSWVET0YJVT59,"","Amnesia Kush"
018NY6XC00VT5ZZFPCTZ4T77F8,"","Amnesia Kush (Dinafem)"
018NY6XC00VTFKERJYSTN4THJA,"","Amnesia Lemon"
018NY6XC00VTH6K14Y9D8H66EV,"","Amnesia Mac Ganja"
01E7BW0DMPDKAG6FNE53CNJQ9G,"Sativa/Indica","Amnesia Mystery"
018NY6XC00VTGBQMC70QRDQ95J,"","Amnesia OG"
018NY6XC00VTF5E0P7BW66M9ZW,"","Amnesia Trance"
018NY6XC00VTQN1R59VAQZM7KM,"","Amnesia White"
018NY6XC00VTY3Q71JDY537V3H,"","Amnesia Widow"
018NY6XC00VT1C0AHKBEH4BWH3,"","Amnesia Wreck"
018NY6XC00VTD2R3GXNX59Y90J,"","Amnesia XXL Autoflowering"
01E7BX7FKXD3TBHKYDP42NN27E,"","Amnesika"
01E7BX7E2DZCT2G9S61XJD9STJ,"","Amnesika 2.0"
018NY6XC00VTQVERKGZGHQRE3Q,"","A.M.S."
018NY6XC00VTKKV7TFFDD13ZRK,"","AMS"
01E7BW0HY78ZS93N75SKKF7RNW,"Hybrid","Amsterdamâs Widow"
018NY6XC00VTRGRJKEESA8XZVN,"","Amsterdam Bubblegum"
018NY6XC00VTQM70W51Z3CTN38,"","Amsterdam Cheese"
018NY6XC00VTRZ38QHGBFTRYV0,"","Amsterdam Delight"
018NY6XC00VTNFP13W4E9SH4S0,"","Amsterdam Flame"
018NY6XC00VTNZ9B1B84CDX201,"","Amsterdam Gold"
018NY6XC00VTD96FFM1PD2622S,"","Amsterdam Headband"
018NY6XC00VTZ96BA6BYA0MJDB,"","Amsterdam Indica"
018NY6XC00VTQRTYD3CF1H0W5H,"","Amsterdam Mist"
018NY6XC00VTE5QTDC6R3X6197,"","Amsterdam OG"
018NY6XC00VT8CJ14XEJMG1HYV,"","Amsterdam’s Widow"
018NY6XC00VT5Y3T41AWXKDWBC,"","Amtrac"
018NY6XC00VTWFEGBBYKK2AC9A,"","Anahita"
018NY6XC00VT9W0RB85WMZC1P3,"","Ancient Kush"
018NY6XC00VTA9HPYG0BAEBC2B,"","Ancient OG"
018NY6XC00VTFGK687ZHMWTMJZ,"","Andes Mountains Landrace"
018NY6XC00VTH22S4CX47SFXEP,"","Anesthesia"
018NY6XC00VTKNVMY5VMAS683Y,"","Angel Cake"
018NY6XC00VTRP4F2G7C9TATP1,"","Angel Cookies"
018NY6XC00VT819G6TZFF2GVSX,"","Angel Dust"
018NY6XC00VTNHG65Y84BDEKKM,"","AngelDust"
018NY6XC00VTBT7SFNN37YZVR3,"","Angelfuck (Blue Velvet Cindy)"
018NY6XC00VT715ECCD8GQHHH1,"","Angel Heart"
01E7BW0METH67VC0NWV023YK6N,"Indica/Sativa","Angelica"
018NY6XC00VT159QWJDXS67E9X,"","Angelmatic"
018NY6XC00VT38T4BQGWP171WH,"","Angel OG"
018NY6XC00VTZM1XXFDWKX03T6,"","Angel's Breathe"
018NY6XC00VT41170BBX0QAYZ7,"","Angel's Food"
018NY6XC00VTG0FDPBBZMCGFCM,"","Angels Kush"
018NY6XC00VTTJ0BW66X74JFG5,"","Angel's Milk"
018NY6XC00VT4KB1B8Z3G3EFGV,"","Angola Fem 2004"
018NY6XC00VT50FJJ6FS1AXJQ2,"","Angolan"
018NY6XC00VTD0BMQZT6M7H5B0,"","Angola Red #13 (LMN)"
018NY6XC00VT29AHDQYX7PRRBG,"","Animal Blues"
018NY6XC00VTD03KMRK9TYJZT6,"","Animal Cookies"
018NY6XC00VT2414993XTWGE0B,"","Animal Cookies GAL5957"
018NY6XC00VT8R84445H6Z5H5K,"","Animal Cookies GAL6373"
01E7BW0QHTX61PEJQ7J45BKWXS,"Indica/Sativa","Animal Crackers"
01E7BW0RAG7AQRWWD70XJSGS0C,"Sativa/Indica","Animal Face"
01E7BW0S39KDJ512DJSKW9S8EE,"Indica/Sativa","Animal Land"
018NY6XC00VT046HC77BYZH5Z8,"","Animal Mint Cookies"
01E7BW0SW0G98PH57Z4E3BERW3,"Hybrid","Animal Mints"
018NY6XC00VT8S8JEAR27Y7AKB,"","Animal OG"
018NY6XC00VT65083X37NXF7PS,"","Animal Pie"
018NY6XC00VTS40FKMP1AGP8EY,"","Animism"
018NY6XC00VTRYP4JYNAA6GZWQ,"Sativa","Aniva"
018NY6XC00VT0D94EGRRYMK01C,"","Annapolis Royal"
018NY6XC00VT6F36ZVD0SGYBA0,"","Annunaki"
018NY6XC00VTMBGJPN5ARRQKPJ,"","Anonymous"
018NY6XC00VTA0TAHTCPED8YS0,"","Anonymous OG"
018NY6XC00VTDCR3NKP1844DCJ,"","Anslinger"
018NY6XC00VTM0DDEVJM6XR59B,"","Anubis"
018NY6XC00VT8A876S6V5N760P,"","Anunnaki"
018NY6XC00VTGADZAYSF3DC355,"","ANYTIME"
01E7BW0XHDHRQPNDQR4SR39RB1,"Indica/Sativa","Aota"
018NY6XC00VTW2BH8K9G5S6F4B,"Indica","Apalacept"
018NY6XC00VT24CTG5YF5JHSXJ,"","Apalala (Purple Dragon)"
01E7BW0YA5Z56073094DG37J7R,"Indica/Sativa","Ape Adhesive"
01E7BW0Z2VM3M7RBNPZZ46TSC2,"Indica/Sativa","Ape Berry"
018NY6XC00VT2YAQ0DZC4Z6278,"","Ape Cheese"
018NY6XC00VTKTQJ5ES76YAGQ5,"","Apehanger"
018NY6XC00VT5N1WBDYV85MJWG,"","Ape Hanger"
018NY6XC00VT8XBZKKHKQD00Q6,"","Ape Shit"
018NY6XC00VTWZR8C2YJZW1HKC,"","Apex"
018NY6XC00VT0QPA2KZYMEAH8X,"","Apex Kush"
018NY6XC00VT5G06MQ3JVG4M5R,"","Aphrodite"
018NY6XC00VT2VGVE2Q95EBY9G,"","Apocalypse"
018NY6XC00VTMT4073KC7SPVWK,"","Apocalypto"
018NY6XC00VTP8SNW9VR75F84Y,"","Apogee"
018NY6XC00VTMSWTKFBXT3PRG4,"","Apollo"
018NY6XC00VT8W3CCFN49YWK4T,"","Apollo 11"
018NY6XC00VTHMDA13GS37T1YH,"","Apollo 11 F2"
018NY6XC00VTAG67NXVRC5JM67,"","Apollo 11 Genuis Pheno"
018NY6XC00VT5TSVEAD0D78DF2,"","Apollo 11 Select"
018NY6XC00VT9QNZZXNVTFPFF3,"","Apollo 13"
018NY6XC00VTS8R1T8TDV868EN,"","Apollo 13 BX"
018NY6XC00VTY44DC5CR17FDRV,"","Apollo 13BX"
018NY6XC00VT38XQ2NA14DWT1H,"","Apollo 13 Sativa"
018NY6XC00VTSXD22SBAZAPN3V,"","Apollo 710"
018NY6XC00VTX7QPZVJ7F94EWH,"","Apollo GF4"
018NY6XC00VTGP98YJK2D5JM3X,"","Apollo Mist"
018NY6XC00VT9V2F6QZV660EY2,"","Apollo Orange"
018NY6XC00VT4QRG8AHHJ601V0,"","Apollo's Mist"
018NY6XC00VT9J5QGRH14MNR7J,"","Apollo's Trip"
018NY6XC00VTMVNZYHZT45MQEJ,"","Apollo Thunder"
01E7BW14G0MPN9C3R7ER21SE3F,"Indica/Sativa","Apothecary Reserve"
018NY6XC00VTPVADMG23KVTFFY,"","Appalachain Power"
018NY6XC00VTSC38HHQN3T1QGH,"","Appalachia"
018NY6XC00VT0F668V66AZDFYR,"","Appalachian Hashplant"
018NY6XC00VT50CA4GPH743YYD,"","Appalachian Indica"
018NY6XC00VT3AHCHTT37TSEVD,"","Appalachian Power"
018NY6XC00VTBFPDHRAT4H0A1C,"","Appalachian Thunderfuck"
018NY6XC00VTT0N6VEY5ZCBM9R,"","Appleberry"
01E7BW17JXQRCXPNPXMN0SA47W,"Indica/Sativa","Apple Bubba"
018NY6XC00VTFPB7MGN67CGPA3,"","Apple Fritter"
018NY6XC00VTG5C8P6EGAEPQTP,"","Applegate"
018NY6XC00VTM5NHMX0XC4SERA,"","Applegate Apple Cheese"
018NY6XC00VTT5XRYJ1B442MQM,"","Apple Jack"
018NY6XC00VT1C220T1RYQ2WJG,"","Apple Kush"
018NY6XC00VTM0AGZ87WFPX53R,"","Apple Pie"
018NY6XC00VT4E0TRC0A0Z497M,"","Applesauce"
01E7BW1BVAEZRVZYYJ9WP5VEZH,"Sativa/Indica","Apple Sherbet"
01E7BW1CM1XYK2T04VWZ9V3RNK,"Indica/Sativa","Apricot Helix"
01E7BW1DCQZF00YJNGWZKDZQ7A,"Sativa/Indica","Apricot Helix Orange Tahoe"
01E7BW1E5EN8PAB05BB2JHRF9M,"Sativa/Indica","Apricot Jelly"
018NY6XC00VT88APPYJXSBE4Q5,"Indica","Apritath"
018NY6XC00VT7HA7WBEH5P9V82,"Sativa","Aquacept"
018NY6XC00VT17BXTBGXXT17Y7,"","Aquia's OG"
018NY6XC00VTSY25Q4CEZDVZ7A,"","Arabian Gold"
01E7BW1FGQPWBFNMBSDE1WETY3,"Sativa/Indica","Arcata e-32 Trainwreck"
018NY6XC00VTHBSWD1Z6EA2KKM,"","Arcata Trainwreck"
018NY6XC00VTDKHA6AB4C10RN3,"","Archangel"
018NY6XC00VTC9H4W14DB6W74P,"","Arcticblue"
018NY6XC00VTR5CAX187P8WBWH,"","Arctic Fallout"
018NY6XC00VT1P089GPJ89GWR2,"","Arctic Sun"
018NY6XC00VT7R5SQ0W83KBZNJ,"","Area 43"
018NY6XC00VT1D88QQ5QRK265J,"","Area 51"
018NY6XC00VTSD3X33VHAVJAG4,"","Area 51 / Trainwreck"
018NY6XC00VTMBAMK1H5WZG2W8,"","Area 91"
018NY6XC00VTS6H35X0BQD2467,"","Argyle"
018NY6XC00VT7VV7YSY565VGYC,"","Arianna Celeste (Tha Purple Floss)"
01E7BW1K65EY8S1EJA46H5CPGB,"Hybrid","Arise"
018NY6XC00VTE6YJQRAKKYGCY0,"","Arizonan Western Light Purps"
018NY6XC00VTVCT1S37HKMFZD5,"","Arjan's Haze"
018NY6XC00VT19QW3CQBH3JRVF,"","Arjan's Haze #1"
018NY6XC00VTXJYR4JRPTBX75Y,"","Arjan's Haze #2"
018NY6XC00VTW204ZFAJBFJYPT,"","Arjan's Haze #3"
018NY6XC00VTXMNQRXW2J27JHN,"","Arjan's Strawberry Haze"
018NY6XC00VTKRKQ0N8KHB1X5Q,"","Arjan's Ultra Haze"
018NY6XC00VTAD8R6197C1H3NZ,"","Arjan's Ultra Haze #1"
018NY6XC00VTKAS0YGCK3JTA6H,"","Arjan's Ultra Haze #2"
018NY6XC00VT4CMZNKKJ6F8PA4,"","Armageddon"
018NY6XC00VTR2CC4PYH6675T5,"","Armageddon 47"
018NY6XC00VT2W881REFDHHCG6,"","Armagnac"
018NY6XC00VTN5CNP9QYKG6C81,"","Arne"
018NY6XC00VTDD4TKSYK9C70JQ,"","Arnie Palmer"
01E7BW1S63PG2HTWB7YQVND8C1,"Sativa/Indica","Arnold Palmer"
018NY6XC00VTPRT953E5YRWBBR,"","Aroma"
018NY6XC00VT23004DN9G7VD6S,"","Aroma Kush"
018NY6XC00VTARQ0YMXW6RN0SM,"","Art's OG"
018NY6XC00VT2N382WYHZZSYEX,"","Aruba"
018NY6XC00VT8EXJ54KA5DHK95,"","Ascension"
018NY6XC00VT42TT4TGFV3DT3N,"","ASH"
018NY6XC00VT1BK5PVKZXHFSB5,"","Asia Girl"
018NY6XC00VT9G40MY0KWFJ0XV,"","Asian Fantasy"
018NY6XC00VTK8R7XGBEK1HWW2,"","Aspen OG"
018NY6XC00VTKNJKSWJ5KNQ9QJ,"","Aspirare"
018NY6XC00VTRMGBQGE468XW0F,"","Assassin OG"
018NY6XC00VT74EE5PZ1V0N1N6,"","Asshat"
01E7BW7T812WB73M2E4YNCANYM,"Indica/Sativa","Asteroid"
018NY6XC00VTMFN1R97ZYK7GXM,"","Astral OG"
018NY6XC00VTFJRY3WJ2H6G616,"","Astroboy"
018NY6XC00VT356627GW6EM53K,"","Astro Boy"
018NY6XC00VTXDSAWM4VKT47KC,"","Astro Queen"
018NY6XC00VT5EGE4PEP3PQW07,"","Ata Tundra"
018NY6XC00VTGFEP42CBMHZDVF,"","ATF"
018NY6XC00VTT7TE0HFJTEQTK5,"","Athabasca"
018NY6XC00VTZDHKMF8G6MHSDG,"","Athena"
018NY6XC00VTQ267GKX6JHBF3K,"","Athena Kush"
01E7BW7XZPK555HRYRM9306JV7,"Sativa/Indica","Atlant CBD"
018NY6XC00VTZTQWA1DNGXNWWP,"","ATL Confidential"
018NY6XC00VTC2VJ7MEEWET1Q6,"","Atmosphere"
018NY6XC00VTZQ32EEPR78BD13,"","AToA"
018NY6XC00VTHN2E46C1W7PZW5,"","Atom Bomb"
018NY6XC00VT9G7JDAEZRF7WG5,"","Atomic"
018NY6XC00VTZW9KC6RHJFXTGR,"","Atomical Haze"
01E7BW81AHAMPYR4VFQXM4ZP6W,"Indica/Sativa","Atomic Blueberry"
018NY6XC00VTRJ5WH547Y05VQA,"","Atomic Bomb"
018NY6XC00VTPZ0FH0FVHYYE4N,"","Atomic Dog"
018NY6XC00VTA8FNHDBGX4GYW7,"","Atomic Goat"
018NY6XC00VT8QT11MEXWAX8CN,"","Atomic Haze"
018NY6XC00VTBPM0WZ1G4AC228,"","Atomic Montage"
018NY6XC00VT02XV8KV8T20RTK,"","Atomic Northern Lights"
018NY6XC00VTNNTPFRJE3VJ4YF,"","Atom Splitter"
018NY6XC00VT10FNFTTY6EZNW4,"","A-Train"
018NY6XC00VT506Q973ZQ9S2KT,"","August West"
018NY6XC00VTBK2STP625EG9ZA,"Hybrid","Auralex"
018NY6XC00VTCSBANCVMT4ZCCS,"","Aurora"
018NY6XC00VT6S4XPBSE9SSW69,"","Aurora B"
018NY6XC00VTDAY0SGWYJYD07Z,"","Aurora Berry-allis"
018NY6XC00VTX47FWH616TECF8,"","Aurora Borealis"
018NY6XC00VTS951DZ2BQAVJ8A,"","Aurora Haze"
018NY6XC00VTG2EM43RM7CJ4ZE,"","Aurora Indica"
018NY6XC00VTJQNN0GSZP034SP,"","Aurora Polaris"
01E7BW869W7N4BJN1WTA3C2MDH,"Indica/Sativa","Aurum Og"
018NY6XC00VTXR7W3F7KFEM376,"","Aussi Blues"
018NY6XC00VTTJ7G2EZV308PN1,"","Australian Blue"
018NY6XC00VTK19CF5GWEB5Z3R,"","Austrian Queen"
018NY6XC00VTX5ZE302XW581A0,"","Authentic #23"
018NY6XC00VTWP7PF3X6Z7R4S9,"","Auto #1"
018NY6XC00VTRXSNHSXT62NKDD,"","Auto Affie"
018NY6XC00VT0P7KNNEWKASCTT,"","Auto Afghan"
01E7BW87PE8Z6S32765ZPDX66W,"Sativa/Indica","Auto AK"
018NY6XC00VTKPRK9J4RSJ00KX,"","Auto AK-47"
01E7BW88GCMHGMR6TSEBRQSQ5Y,"Sativa/Indica","Auto Blueberry"
018NY6XC00VTW4FBC45B2KFQ4C,"","AutoBlueberry (Dutch Passion)"
018NY6XC00VTD80TE8KFERRYTT,"","Auto-Bomb"
018NY6XC00VTYJQG7ER2RG8DFD,"","Auto Bud Cannon"
018NY6XC00VTR6GC1F5GRW0JWH,"","Auto Cheese (Lowlife)"
018NY6XC00VTPAWPNKVWY3X0MH,"","Auto Diesel (Lowlife)"
018NY6XC00VTNDTS4R5D5VSA52,"","Auto Frisian Dew"
01E7BW89Z3P7F3A6HFRN7718KH,"Sativa/Indica","Auto Glueberry"
018NY6XC00VTC27EWV61G62SGS,"","Auto Granddaddy Purpz"
018NY6XC00VT4G666VTN85XXMG,"","Auto GTI"
018NY6XC00VTQGDP98GYK4DBJX,"","Automaria"
018NY6XC00VT58NK8KJM6T4XYY,"","Auto Mass"
018NY6XC00VTPR7KTKBJQMV8WJ,"","Automatic AK47"
018NY6XC00VT4MY9B3Y6V4A6QY,"","Automatic AK-47 (Lowlife)"
018NY6XC00VT68NC0SFFPSE86T,"","Automatic Blueberry"
018NY6XC00VTFBS373ZN9CF7HG,"","Automatic Blueberry (Lowlife)"
018NY6XC00VT93FRG73XM8SZ7X,"","Automatic Great White Shark"
018NY6XC00VT45CZX8PMTKRW1X,"","Automatic Hindu Kush"
018NY6XC00VTH2KSCSFQ70QBDQ,"","Automatic Hindu Kush (Lowlife)"
018NY6XC00VTEXGRYRRAYRCHXQ,"","Automatic Lemon Skunk"
018NY6XC00VTEGCWX3NZP7R8NF,"","Automatic White Moscow"
018NY6XC00VTCYYW3QFXZDHR5Z,"","Automatic White Russian"
018NY6XC00VTXK04B580HNAKVA,"","Automatic White Widow (Lowlife)"
018NY6XC00VTX1V48F9NT0W9BV,"","AutoMazar"
018NY6XC00VT5S8HJ1GXQKKJT2,"","AutoNight Queen"
018NY6XC00VTW3BFBCDSV9F2PF,"","Auto Pink Grapefruit"
018NY6XC00VT4P7E3N5KK3TTNR,"","Auto Pounder"
018NY6XC00VT8GJ1DJBVWJSJWQ,"","Auto Purple"
018NY6XC00VTSSSRTD7G48S1FA,"","Auto Purple Amnesia"
018NY6XC00VTAWHZF80T8E1BWQ,"","Auto Skunk (Lowlife)"
018NY6XC00VTSXR8M1T98SQRF5,"","Autum Fall"
018NY6XC00VTMS955WZ6SWJ8Q6,"","Avalanche F1"
018NY6XC00VTJMRM487SBHRA50,"","Avalon"
018NY6XC00VT9CY20AHGCSGDY8,"","Avenger 13"
018NY6XC00VTB81PVYAVQHVFGW,"","Avi"
018NY6XC00VT4PBE40CSHKQMAN,"","Avidekel"
018NY6XC00VTR6T2SVTC4DYCRB,"","Avi-Dekel"
018NY6XC00VTFQENBVC467K8K0,"","Avocado CBD"
018NY6XC00VTJA038MX1GYVEZE,"","A+ Wonder"
01E7BW8FMQQBY7D6NKN6GNB1PT,"Indica/Sativa","Axilla"
018NY6XC00VTBBEAG2HD3X9WTA,"","Ayahuasca Purple"
018NY6XC00VTRE685ZGRDQ067V,"","Aymi"
01E7BW8H0ZDX1J9QT7F30800HE,"Sativa/Indica","Az Super Sour OG"
018NY6XC00VTXV2BCW74Y0F38H,"Hybrid","Azul"
018NY6XC00VTKXNV2HPB9ZHFGY,"","Azura"
018NY6XC00VTKRKVS4YQ0YSZ83,"","Azure Haze"
018NY6XC00VTW469W7T25QEVVJ,"","B11"
018NY6XC00VTFPK5D7GWVMGF6W,"","B130"
01E7BW93MF8RVHWNBCKC5PW74V,"Hybrid","B29"
018NY6XC00VTQGSCTAMEAPH7DS,"","B3n7"
018NY6XC00VTTRKBY0RNBH0FZG,"","B-4"
018NY6XC00VTBMZW2H2Q34BGRX,"","B4"
018NY6XC00VT03QF8ZZSN4AGQP,"","B-52"
018NY6XC00VT81PTHJ3G6AX6A5,"","B52"
018NY6XC00VTE4R4Z8R6WA09PX,"","B-52 Bomber"
018NY6XC00VT8VJ99F152QJDK9,"","B-52 (Nirvana)"
018NY6XC00VT2831DCYMTQEDFA,"","Baalbek Valley Lebanese"
018NY6XC00VTFDENERGG9CEB4A,"","Baba Looey"
018NY6XC00VTHKVM6ETJATNXEF,"Indica","Bablica"
018NY6XC00VTD5GYX2498D3MF3,"","Baby Breath"
018NY6XC00VT7P81T8PP4XFWED,"","BABY JESUS OG"
018NY6XC00VTB180CATK5BRQPA,"","Baby Kay"
018NY6XC00VTQVNDBGWG4Z3PGN,"","Baby Stewie"
01E7BW96QN7WDXFV300YFX8SDX,"Hybrid","Bacio Gelato"
018NY6XC00VTZWATZBW9KB0BBR,"","Backfire"
018NY6XC00VTD4TFT15ETQJJJH,"","Backwood"
01E7BW97GBX4SZMEXXJHSC7V85,"Indica/Sativa","Badazz Cheese"
018NY6XC00VT1SN1XCDS21C6RJ,"","Bad Azz Kush"
018NY6XC00VTR0SBJ3F577Y3KB,"","Bad Boy"
018NY6XC00VT2V3GNGSCHE78FT,"","Bahia Black Head"
018NY6XC00VT7RXBM4J92VJ7G0,"","Baked Alaska"
018NY6XC00VTHR9EDM6ETVFERD,"","Baker's Dozen"
018NY6XC00VT8YQB2H51AYQN8X,"","Bakerstreet"
018NY6XC00VTDYN036SNJAVP2V,"","Baldy"
01E7BW9AKCA24GGHSX2698EVZB,"Indica/Sativa","Bali Kush"
018NY6XC00VTM90E7B6WFG5QM7,"Indica","Balinica"
018NY6XC00VT00FKFF7FDS853C,"","Balmoral"
018NY6XC00VTWTDTC79712VZWG,"","Balsamic"
018NY6XC00VT5H008DH8E9S6TP,"","Balto"
018NY6XC00VT2DVSBZZ8YNEBDG,"","Bambata"
018NY6XC00VT67E9W0TYGDT8S5,"","Banana Berry"
018NY6XC00VT00K57S48DBQGAQ,"","Banana Berry Kush"
018NY6XC00VTGQBCS3Y2DGNCBP,"","Banana Bread"
018NY6XC00VT55FQCKMESNKYG6,"","BananaBreath"
018NY6XC00VTYD6AB0E8BW2W4W,"","Banana Bubba Gum"
018NY6XC00VTA7S71S5DV8CY3B,"","Banana Buckeye"
018NY6XC00VTBHRQP72TD2J4WH,"","Banana Candy"
018NY6XC00VT3N00VN78RSEEA5,"","Banana Cheese"
018NY6XC00VTVP7C2JCXX5W9MB,"","Banana Chem OG Kush"
018NY6XC00VTRQ4MJ0DZAX8PD6,"","Banana Cookies"
018NY6XC00VTZ43BXBM89KZNR8,"","Banana Cough"
018NY6XC00VTA3X498HKJEFKE9,"","Banana Crack"
018NY6XC00VT3H901BQJW6S198,"","Banana Cream"
018NY6XC00VT676WBRDH6VFGBE,"","Banana Cream Cake"
01E7BW9EVHFB56CVYPFVWGYFNX,"Hybrid","Banana Cream OG"
018NY6XC00VTAY7M08FEXGFY9X,"","Banana Cream Pie"
01E7BW9FM8BN75TTXT3N0Y5VE5,"Indica/Sativa","Banana Crush"
018NY6XC00VTF970D6JPK7S1VJ,"","Banana D"
01E7BW9GD00QK583781822QVSK,"Hybrid","Banana Daddy"
018NY6XC00VT5N9DC7QTGH0Q0Z,"","Banana Dawg"
018NY6XC00VTC18N922B9EX0Y4,"","Banana Diesel"
018NY6XC00VT1X33AZ5PB4XW1F,"","Banana Doja"
018NY6XC00VTB44GYC0AE3VPPZ,"","Banana Dream"
018NY6XC00VT21GAZYQ1S5Q9Z6,"","Banana Dreams"
018NY6XC00VT07AB413CW1WDQA,"","Banana Fire Cookies"
018NY6XC00VTDTDACA87XG7G3F,"","Banana Fire OG"
018NY6XC00VT3KER6X7MQQG2F8,"","Banana Foster"
018NY6XC00VT174YEHXGQXDTMY,"","Banana Frost Kush"
01E7BW9JXDP40Q0D5V7MAJT5SY,"Hybrid","Banana Fruit Bound"
01E7BW9KP2CQ2D79KY5KK22WC9,"Hybrid","Banana God"
018NY6XC00VTB7KKA3XMT29G3Q,"","Banana Goo"
01E7BW9METM7Y4D573ZGYXS0MK,"Indica/Sativa","Banana Hammock"
01E7BW9N7GJDHZQMZV7P9SCYHK,"Sativa","Banana Haze"
018NY6XC00VTZB8ZTWH2H0XFTJ,"","Banana Jack"
01E7BW9P07A1BFFQ6V9DHYPEA4,"Sativa/Indica","Banana Kola"
018NY6XC00VT283P1YR0ZCZ20Y,"","Banana Kush"
018NY6XC00VT3AJMDY2SY0CYW6,"","Banana Mint"
018NY6XC00VTF2HAQX6N3C6PX5,"","Banana OG"
018NY6XC00VTQ1MGTK0M4NKNTC,"","Banana OgerKush (Orgnkids)"
018NY6XC00VTMKX02KGG0ANXAN,"","Banana Paris"
018NY6XC00VT05Y2F84HMSC3QR,"","Banana Peel"
01E7BW9RGMZ0A6BHPQ8XHNC8JT,"Indica/Sativa","Banana Pie"
018NY6XC00VTTS36MQCNK1NB5E,"","Banana Pineapple Express"
018NY6XC00VTQBX9KZBN41MMGG,"","Banana Puff"
018NY6XC00VT9914KTDJJ8FS0R,"","Banana Purp"
018NY6XC00VT45ZYJF1YK1N3W9,"","Bananas"
018NY6XC00VT2363APW7H0A0XZ,"","Banana Sherbet"
018NY6XC00VTJH40C44DS04ABD,"","Banana Split"
018NY6XC00VTD9CEE4Q9QJA1EN,"","Banana Split Kush"
018NY6XC00VTVKBWHTCPS922ES,"","Banana Split OG"
018NY6XC00VTFY5M8BVRPYARRF,"","Banana Strawberry"
018NY6XC00VT81YS6D19695ZE2,"","Banana Tangie"
018NY6XC00VTWB15X6Z5JVYWBS,"","Banana Treat"
018NY6XC00VTD7GPTRK96DWGET,"","Banana Wi-Fi"
018NY6XC00VTATKPX0N23C47K9,"","Banana WiFi"
018NY6XC00VTYZ11B3XDG4QPYS,"","Banana Wreck"
018NY6XC00VTCRJ92EVWVNBBRT,"","Banangie"
018NY6XC00VTKHFMWE6CFDCJZA,"","Bandana"
018NY6XC00VTMQMR8B3T17TM4X,"","Bandersnatch"
01E7BXEYVVX0XYW75T9FP4SNFT,"Indica/Sativa","Bandit Breath"
018NY6XC00VTE1JNJY18VH7RNF,"","Band Of Gypsies"
018NY6XC00VT2ABQD31XH09YSY,"","Bangi"
018NY6XC00VTE8XVM80VXQY8XV,"","Bangi Haze"
018NY6XC00VTC7XMZH3MW9WGE4,"","Bango"
018NY6XC00VTSTANXBDFRDST83,"","Banner"
018NY6XC00VTY96WJNBARG5DVX,"","Banner's Revenge"
018NY6XC00VTAEJMK27M620V11,"","Banshee Mist"
018NY6XC00VTZE22RTMXQGCWD7,"","Baox"
018NY6XC00VT4QMRDWPY5E5SFA,"","Barak"
018NY6XC00VTNWNWQQBJZEYSNS,"","Barbara Bud"
018NY6XC00VT4G86QBPDRSEFPV,"","Barbee's Bud"
018NY6XC00VT0J8RET7527VWHT,"","BA Royal"
018NY6XC00VTQHJQ7HEM3VG04Q,"","Barracuda F1"
018NY6XC00VTMR2ACD23B4P4BC,"","Barrier Reefer"
018NY6XC00VTP3K0117E7YZ1RW,"","Bart Simpson OG"
018NY6XC00VTXADFKEDD2288H9,"","Bash"
018NY6XC00VTVBK3Y2TDJ0W4R5,"","Basic 5 (Basic #5)"
018NY6XC00VTYXBCHT1G0GAKB5,"","Basic Diesel"
018NY6XC00VTRGF5S2DX64SX9F,"","Batgirl"
018NY6XC00VTRVMEE09GYC5G0M,"","Batman OG"
018NY6XC00VT4R8P3PDZ3NCXR2,"","Bay 11"
018NY6XC00VT4MX2VK8F72920R,"","Bay Bridge"
018NY6XC00VT3R26MJ69JW4FSB,"","Bay Dream"
018NY6XC00VT922A5YCBBMKPH4,"","Baylien"
018NY6XC00VT13NEWM5AYSBF5D,"","Bay Mix"
01E7BXF5ETEQAYCRM8QAX09ESJ,"Indica/Sativa","Bayou"
018NY6XC00VT814P15N5RD9FDC,"","Bay Pie"
018NY6XC00VTC975N5AC1RGKW2,"","Bay Platinum Cookies"
018NY6XC00VTMM0CGGW82Z4JKB,"","Bazinga"
018NY6XC00VTFW43PJHWHNDCQP,"","Bazooka Joe"
018NY6XC00VTQECPRHCNQBZK4P,"","Bazooka JoeG"
018NY6XC00VTWQNW4J28R8D96H,"","BBC"
018NY6XC00VT108Q2P9EVCC5MG,"","BBJ"
018NY6XC00VT8DZQNMTKP34S88,"","B.B. King"
01E7BXF94K5VCYD72FAJZXNQRZ,"Indica/Sativa","BB King"
018NY6XC00VTSE9AB6KK109T7E,"","B-Bud"
018NY6XC00VTV353Z16SYM4CG0,"","BC Albino Rhino"
018NY6XC00VTA6HFVD4HPF8P81,"","BC Arctic Sun"
018NY6XC00VTCAZWVDH2N379QW,"","BC Big Bang"
018NY6XC00VT3NA6SSX3E37EAM,"","BC Big Bud"
018NY6XC00VT8Y3XA55WYHSS6B,"","B.C. Biker Bud"
018NY6XC00VTDNPHBN9NQ2Z63K,"","BC Blue #1"
018NY6XC00VTY5YKQ9FQGSDV5N,"","BC Blueberry"
018NY6XC00VTZ9NDE0ADSB49S3,"","BC Champagne"
018NY6XC00VT4EKY3685QJ60N9,"","BC Chemo"
018NY6XC00VTBSZ1W9DX3V11PD,"","BC Chronic"
018NY6XC00VTM9TY4DCR30JRCS,"","BC Diesel"
018NY6XC00VTWW1CM3ZJA8Y125,"","BC God Bud"
018NY6XC00VT95X7KXY7A6A8AQ,"","BC Hash Plant"
018NY6XC00VTW200N4E2CC9P5R,"","B.C. Kush"
018NY6XC00VTA9Y22TV0VKXNRS,"","BC Kush"
018NY6XC00VTHA1Z2W2B41BR82,"","BC Mango"
018NY6XC00VT36DY00M5A2R5KX,"","BC Mtn. Pinewarp"
01E7BXFC856SMR3HZDAMGXHC5T,"Sativa/Indica","BCN Diesel"
018NY6XC00VTV68FAZX8X4YZAN,"","BC Pinewarp"
018NY6XC00VTS06JWBQ6J8NM2G,"","BC Purple Afghani"
018NY6XC00VT5FB88EZNCEEGQ2,"","BC Purple Star"
018NY6XC00VTJS4WQKY8YG17C1,"","BC Roadkill"
018NY6XC00VT4GADH4NQEXM7G9,"","BC Roadkill Skunk"
018NY6XC00VTF0YXXP4YX7TH16,"","BC Sweet God"
018NY6XC00VTQH1969C8ED72ZW,"","BC Sweet Tooth"
018NY6XC00VTQ8AG437PZD9QBE,"","BC Timewarp"
018NY6XC00VTKETN7B4Y48X079,"","Bdawg Kush"
018NY6XC00VTW12RP6SMQFBNFZ,"","Beach Bum Haze"
01E7BXFE6313W7XHVTSAZEFFPS,"Hybrid","Bear Creek Kush"
018NY6XC00VTEGBJ3FXC6Y9CX3,"","Bear Dance"
018NY6XC00VT20Q2A72AAJZ9NS,"","Bear OG"
018NY6XC00VTDY3G2K471AGSK8,"","Beast Mode"
018NY6XC00VTEX2D95QFP38BSN,"","Beastmode 2.0"
018NY6XC00VTZSXC6KRM0ZYHYQ,"","Beastmode OG"
018NY6XC00VTW6C6V2MS4PGX00,"","Beast Mode OG"
018NY6XC00VTN4PYQ66RS3VD5H,"","Beast Mode Skittles"
01E7BXFH995CW98R5ZV6Q4BCA0,"Indica/Sativa","Beast Quake"
018NY6XC00VTSQDN5VZTTBBC4H,"","Beatrix Choice"
018NY6XC00VTCCWDSH8T23KZGK,"","Beauty And The Beast"
018NY6XC00VTZF6EM6G9RXKYWP,"","Beaver Dawg"
018NY6XC00VTN49P9QCCAHDHE7,"","Beaver Dog"
01E7BXFJMMXWPS2DVZVFF7QQ11,"Indica/Sativa","Beckwourth Bud"
018NY6XC00VTWGVNDJDHVCZ80H,"","Becky"
018NY6XC00VTT0YA058AQ74JS4,"","Bedford Glue"
01E7BXG3J9DZ6Y371HC5JVHFJE,"Indica/Sativa","Bedford Og"
018NY6XC00VTX6ZXR5CNWXYY53,"","Bedica"
018NY6XC00VTJN15AKWDHFVTS2,"","Bediol"
018NY6XC00VTT0M855NRW6PPPR,"","Bedrock"
018NY6XC00VTFRZ52XZP8QA7E1,"","Beezle Bubba V2.0"
018NY6XC00VT8C3YD5B1JQ62Y3,"","Belfair Bomb"
018NY6XC00VT08EZGXRGTSTQSE,"","Belizean Sativa"
018NY6XC00VTMPCJ2TXA1WWXMK,"","Bella Ciao"
018NY6XC00VTV20D0GMB4R9VS7,"","Belladonna"
018NY6XC00VTSTVHE9S6WA0W6P,"","Bella Ortega"
018NY6XC00VTMER0AF6BWJFVMR,"","Bell Ringer"
018NY6XC00VTJZ8BKMY6SP6RG5,"Indica","Belvalix"
018NY6XC00VTHQAN6S59MD95CJ,"","Ben Franklin OG"
018NY6XC00VTG424566F3VBW2R,"","Bennett Valley Kush"
018NY6XC00VT3SBH5YSBT0MV57,"","Bentley OG"
018NY6XC00VTNGZM6XWSVNE4SX,"","Berberserker"
01E7BXG900G0FC5HMQPJ49F3SK,"Indica/Sativa","Berkel"
018NY6XC00VTGKV57QJ5551FEK,"","Berkeley"
018NY6XC00VT7MNJ85R8REKVHR,"","Berkeley Blues"
018NY6XC00VT68X3Q6S1JDW1EE,"","Berkely Blues"
018NY6XC00VTB3ZDN9ZJQ4E167,"","Berlin"
018NY6XC00VT1NAR20YANGZH2W,"","Bermuda Sour"
01E7BXGBGSA17260953FS094Q4,"Hybrid","Bermuda Triangle OG"
018NY6XC00VTB5V5HQPHYZBMMK,"","Berner's Cookies"
018NY6XC00VT6R1ZGENS0QD8K9,"","Berner's Cut"
018NY6XC00VT6WRTC7MBVF8HP3,"","Berner's Snowman"
018NY6XC00VTRX7B1A5Y29YXV3,"","Berry 1"
018NY6XC00VTBGK029W4JSM4TA,"","Berry Beard"
018NY6XC00VTNCGGDY6VMHHAJ1,"","Berry Blaster"
018NY6XC00VT1EYT9PVNV8432J,"","Berry Bolt"
018NY6XC00VTFDM954SEJSJJTW,"","Berry Bomb"
018NY6XC00VTMJ3PWN75T338MH,"","Berry Breath"
018NY6XC00VTNAXNXAQ47E1TZ6,"","Berry Bud"
018NY6XC00VTZF5P10SQF3EZD7,"","BERRY COBBLER"
018NY6XC00VTSF0YHR6WMVA7R9,"","Berry Delight"
018NY6XC00VT3FVFM839GYV9AG,"","Berry Gumboldt Pollen"
018NY6XC00VTKSDFQ4YEBXVYNX,"","Berry Haze"
018NY6XC00VT76CZ37SPZW5MRY,"","Berry Larry"
018NY6XC00VTX7Z21FNHSRTD1A,"","Berry Mania"
018NY6XC00VT3CD97EBP71APP7,"","Berry Manilow"
018NY6XC00VTWVKN39V6HH7R0S,"","Berry Mist"
018NY6XC00VTHYF48W7KWRATR2,"","Berry Noir"
018NY6XC00VTCS2TW196D1BMXW,"","Berry OG"
018NY6XC00VTYH1YRZ39FZDC80,"","Berry OG Kush"
018NY6XC00VT7517MX0CK0MNJ7,"","Berry Queen"
018NY6XC00VT61XX5T95S2VS3B,"","Berry Ryder"
018NY6XC00VT92J4VBXBGTNHB9,"","Berry Sanders"
018NY6XC00VT1Z0P7GNR9XXWV6,"","Berry Sour Creme"
018NY6XC00VTT62FWGJHB6ZTD0,"","Berry White"
018NY6XC00VTTMXN9B2AVDSDBK,"","Berry White (Guerilla Farms)"
018NY6XC00VTB00H9C44EGQ8EW,"","Berry Wreck"
018NY6XC00VTGAZJN019ZJ7NV5,"","Berserker"
018NY6XC00VT1VC1P35R37DCXM,"","Bertberry Cheesecake"
018NY6XC00VTPG456NRSMGJH12,"","Bert's Cookie Dough"
018NY6XC00VTNKNQ0496ERJANF,"","Beso"
018NY6XC00VT1ZW0VHYQ7JSJNH,"","Bespoke"
01E7BXGNKH2358QP8MW0KNGSA8,"Sativa/Indica","Best Friend OG"
018NY6XC00VTMFR7M5RKC41F4W,"","Betazoid"
018NY6XC00VTVYHS71NN4Z61NQ,"","Betsy"
01E7BXGQHF9D1VPY0EYWDG123V,"Indica/Sativa","Better Than Bubba"
018NY6XC00VT05MHXY3RXZGEV5,"","Better Than Yours OG (BTY)"
018NY6XC00VTVDSH5BPF2Z5H44,"","Bettie Page"
018NY6XC00VT1FKBH4EA05KWKM,"","Betty Boo"
018NY6XC00VTWN9G861NYTH02A,"","Betty Crocker"
01E7BXGRWWWSWMX8A9EV535PG5,"Sativa/Indica","Betty Hayes"
018NY6XC00VTM36FY8JQCVBC90,"","Betty Haze"
018NY6XC00VTT3W1A540WSCT8A,"","Beverly's OG"
01E7BXGSNPNZ5VTDWMPWH22S0Q,"Hybrid","Beyond Blue Dream"
018NY6XC00VTZXZDAMAXY6D50H,"","Beyond the Brain"
01E7BXGTED8YN2054MAGWRNTTJ,"Sativa/Indica","Beyond The Brain"
018NY6XC00VTZ20MWSMVC0EAXW,"","Bezerker"
018NY6XC00VTEJVH3BNRRMDRNH,"","Bezrkeley"
018NY6XC00VTQB0RASGCNA69EB,"","BF Blue Cheese"
018NY6XC00VTG30AEA0N4Q4HX6,"","BF G13 Haze"
018NY6XC00VT811T92EFF79MH4,"","BGKC #4-1"
018NY6XC00VTW30J2RS5CQT6ZA,"","BGKC-45"
018NY6XC00VTH42Y843Y1YQG6X,"","BG Orange Afghani"
018NY6XC00VTP97MZ1AD2VHPHS,"","Bhang 007 OG"
018NY6XC00VT8RN3SV5M0A97X4,"","Bhang 707 Headband"
018NY6XC00VTQGE25NR01MYGPW,"","Bhang Afghan Kush"
018NY6XC00VTZ305VAH6G8RXKD,"","Bhang Afghooey"
018NY6XC00VTJJCHASCHCQK4Z8,"","Bhang Afgoo"
018NY6XC00VT2Z4QX9YXYW1H96,"","Bhang AK-47"
018NY6XC00VTKAR293Z26B2ERE,"","Bhang Alien OG"
018NY6XC00VT6C0BMD7X85H9ZQ,"","Bhang Aloha"
018NY6XC00VTVY040K5MBXDV0T,"","Bhang Arjan's Strawberry Haze"
018NY6XC00VTNGD1FD1ZYYB31K,"","Bhang Banana Diesel"
018NY6XC00VT5B70FXDA6XNSJZ,"","Bhang Banana Kush"
018NY6XC00VTH67B149VA0A0XW,"","Bhang Blackberry Haze"
018NY6XC00VTW7CS0CVKG0ET6B,"","Bhang Blackberry Kush"
018NY6XC00VTJ1RFREE9PH9PCP,"","Bhang Black Domina"
018NY6XC00VT1N053RJPMF3WTT,"","Bhang Blue Diesel"
018NY6XC00VTW1ESG2SNFMDQ32,"","Bhang Bubba Kush"
018NY6XC00VTDCQQHNX4QTN9T7,"","Bhang Bubble Gum"
018NY6XC00VTBGC6Y00JC0XQER,"","Bhang Cali Orange"
018NY6XC00VTTPGWCR1XV3MCBR,"","Bhang Casey Jones"
018NY6XC00VTV6SEXVXRRF7FXC,"","Bhang Charlie Sheen"
018NY6XC00VTF8TYNDXDYS4QBR,"","Bhang Cheese"
018NY6XC00VT4FWPT05W3JAGGP,"","Bhang ChemDawg"
018NY6XC00VT28BHZPPQ8YCKT8,"","Bhang Cherry Kola"
018NY6XC00VTADQ828NFG6HEC2,"","Bhang Cherry Pie"
018NY6XC00VT734D1TM6WNNYAQ,"","Bhang Chiesel"
018NY6XC00VT7H54P8CHS0F2KM,"","Bhang Chocolate Thai"
018NY6XC00VTZTDQCGNG2FP8G2,"","Bhang Chocolope"
018NY6XC00VTWA7031T8CPD48W,"","Bhang Colombian Gold"
018NY6XC00VTN30HQJ9NGNBEC1,"","Bhang Darth Vader OG"
018NY6XC00VTBKPNP97PD3Y5R1,"","Bhang Diablo OG"
018NY6XC00VTD4TBK2XWXTBTCW,"","Bhang Diamond OG"
018NY6XC00VTXCAMK41HTR4T11,"","Bhang Durban Poison"
018NY6XC00VTJ3ZTY2GK4C6RF6,"","Bhang Dutch Treat"
018NY6XC00VTFGM8ED9R98WJMN,"","Bhang Earth OG"
018NY6XC00VTXEA4CM3R2Q9NNE,"","Bhang Fire OG"
018NY6XC00VTYS8AE62443C39C,"","Bhang Ghost OG"
018NY6XC00VT8WN2XE5YSKTGTB,"","Bhang Girl Scout Cookies"
018NY6XC00VT7ZW8E5YZWDVPH2,"","Bhang Granddaddy Purple"
018NY6XC00VT1AKS60MDFRDCSV,"","Bhang Grape Ape"
018NY6XC00VT9CWZ7VGMQFTZ17,"","Bhang Green Crack"
018NY6XC00VTYRWGN5DATKPRJW,"","Bhang Harlequin"
018NY6XC00VTRS5XCPY0W29DFV,"","Bhang Hawaiian Haze"
018NY6XC00VTBB84A6EZAQCDVF,"","Bhang Haze"
018NY6XC00VT5Y0WWEBPDD35N4,"","Bhang Hazewreck"
018NY6XC00VTPJH6P44Q1YK431,"","Bhang Headband"
018NY6XC00VTPF1CSBEWB08K0A,"","Bhang Holy Grail"
018NY6XC00VTW5H8ZVHNJBY1QD,"","Bhang Humboldt Reserve"
018NY6XC00VTBVDKRTDZ7EMZS2,"","Bhang Island Sweet Skunk"
018NY6XC00VTXS1CQBRW354WEM,"","Bhang J-1"
018NY6XC00VT918Q84F8AJWGJV,"","Bhang Jack Frost"
018NY6XC00VTCKDRP2T4JXTQ8P,"","Bhang Jack Herer"
018NY6XC00VTHC5C3AMZN67TE1,"","Bhang Juicy Fruit"
018NY6XC00VTH8FQASSMYANP51,"","Bhang Jupiter OG"
018NY6XC00VTF9P44ZEDS3K72Z,"","Bhang Kali Mist"
018NY6XC00VTMWFZB7T7QHQ3KB,"","Bhang King's Kush"
018NY6XC00VT6HE4B1EV9VA35H,"","Bhang LA Confidential"
018NY6XC00VT4P9S4CE1X972GS,"","Bhang Lamb's Bread"
018NY6XC00VTP82XJEZDD2BQM5,"","Bhang Lavender Kush"
018NY6XC00VT1P5T0DVYHQDH52,"","Bhang Lemon Diesel"
018NY6XC00VTZ679566NG4TSR3,"","Bhang Lemon Haze"
018NY6XC00VTJ689BB8NKTF1ZM,"","Bhang Lemon Skunk"
018NY6XC00VTX5Y1EZP9S92V8M,"","Bhang Mango OG"
018NY6XC00VTXWH1CG7M18560T,"","Bhang Master Kush"
018NY6XC00VTYAVK0NXSZANS4T,"","Bhang Maui Waui"
018NY6XC00VTPK3332P9E9C7YZ,"","Bhang Mercury OG"
018NY6XC00VTX6YYPXCETZJYB6,"","Bhang MK Ultra"
018NY6XC00VTTYJK9YR62520XM,"","Bhang Mr. Nice"
018NY6XC00VT2HSFNH7KF13TRZ,"","Bhang Neptune OG"
018NY6XC00VTTN37P4VBK6VABT,"","Bhang Northern Lights"
018NY6XC00VTDY98R1YJKNPPV9,"","Bhang OG Kush"
018NY6XC00VTBMX999Q9KXYM8C,"","Bhang Ogre"
018NY6XC00VTYQTKQ7EJAKVJ8J,"","Bhang Panama Red"
018NY6XC00VTS8ZK2B8QWW7CQD,"","Bhang Perfecto Hybrid"
018NY6XC00VTMSF5TPNRXCM7B0,"","Bhang Perfecto Indica"
018NY6XC00VTGP83Q1XM6Z73E1,"","Bhang Perfecto Sativa"
018NY6XC00VTRZW19Z565NZB5F,"","Bhang Pineapple Express"
018NY6XC00VTTW03XKR22QP3FB,"","Bhang Pineapple Kush"
018NY6XC00VT8N73FNDBCRYWM6,"","Bhang Pineapple Thai"
018NY6XC00VTRX19XGB8SZNXSR,"","Bhang Platinum Kush"
018NY6XC00VT6QRNRWV2A51H3M,"","Bhang Platinum OG"
018NY6XC00VTW2PV53R11SWHF5,"","Bhang Purple AK-47"
018NY6XC00VTTX3VPNW3376T0F,"","Bhang Purple Diesel"
018NY6XC00VTJS7H5Y34B1RT3M,"","Bhang Purple Erkle"
018NY6XC00VTEW5R4FX6Z850D4,"","Bhang Purple Haze"
018NY6XC00VTRDWTSK3Q2RS0H5,"","Bhang Purple Kush"
018NY6XC00VT3B4E380RGCY9KT,"","Bhang Purple Nepal"
018NY6XC00VT9VGYT3NC0S1SRQ,"","Bhang Romulan"
018NY6XC00VTAA63VY1BCSWHXJ,"","Bhang SAGE"
018NY6XC00VTFHETH8Q3WYEV45,"","Bhang Seattle Blue"
018NY6XC00VT86K7CAEP49ECGH,"","Bhang Sensi Star"
018NY6XC00VTZZAXNSRGJZK9MX,"","Bhang Shark Shock"
018NY6XC00VTYGZVYCX19RCP6F,"","Bhang Skunk #1"
018NY6XC00VT4CW6VGQDY818E8,"","Bhang Skywalker OG"
018NY6XC00VT600TEYXCYMA6GC,"","Bhang Sour Diesel"
018NY6XC00VTRGHCGZW6GF4STM,"","Bhang Sour OG"
018NY6XC00VTZZMM15DVSJFGX5,"","Bhang Strawberry Cough"
018NY6XC00VT0QZT592AW7EVYP,"","Bhang Strawberry Diesel"
018NY6XC00VTCRH0T90694WTWX,"","Bhang Super Lemon Haze"
018NY6XC00VTYTGX9CKTE8J0G9,"","Bhang Super Silver Haze"
018NY6XC00VT6HX2V8SPRHJJHB,"","Bhang Super Skunk"
018NY6XC00VTHP8HQG9BS1D914,"","Bhang Super Sour Diesel"
018NY6XC00VTVK0NS4X0WC2H91,"","Bhang Tahoe OG"
018NY6XC00VT1BWCKM8Y5BA308,"","Bhang Tangie"
018NY6XC00VTHYYS3VGS60KMY5,"","Bhang Trainwreck"
018NY6XC00VT4MEEG3ZKSC8RDF,"","Bhang Triple Berry Goo"
018NY6XC00VTZ0JG60E8GZVHK2,"","Bhang True OG"
018NY6XC00VT4DFD8D07BSVW2C,"","Bhang White Diesel"
018NY6XC00VTCY64BRPVSKWARW,"","Bhang White Widow"
018NY6XC00VTY5370247QBPH2X,"","Bhang WidowMaker"
018NY6XC00VTNVKTQF6PHR8F9Y,"","Bhang XJ-13"
018NY6XC00VTX0WPX9TXXV9ZK9,"","Bhang Yoda OG"
018NY6XC00VTW8YJTAXM625Q9N,"","BHUTAN"
018NY6XC00VTT08PHM855BBXV6,"","Bialobreski"
018NY6XC00VT4JTEZE8QKN2DWC,"","Bianca"
018NY6XC00VTGDR12D35KDVECG,"","Bianca Fire"
018NY6XC00VTMMJZX3Q90QM1ZS,"","Biddy Early"
018NY6XC00VTHXC9FHS2JPGHDR,"","Biddy Sister"
01E7BXGY4G60KA8F4AR0RXHDKT,"Sativa/Indica","Biesel"
018NY6XC00VT9TVZZC0802PPQ9,"","Big Apple Deez (ONYCD F2)"
018NY6XC00VTKNZPCBFYQM33P4,"","Big Bambo"
018NY6XC00VTVW9GJ8ZD2A3FKK,"","Big Band"
018NY6XC00VTNW60E3T5MV1EBM,"","Big Bang"
01E7BXH0MZAJ9CESJ767470X56,"Indica/Sativa","Big Bazooka"
018NY6XC00VT4EXXNHJGVYX13Y,"","Big Black"
018NY6XC00VTMQPRM1JZXPR2G4,"","Big Black Cherry"
018NY6XC00VTE6GSS2V0SWHDG0,"","Big Blue"
018NY6XC00VTM3Z6WT0ABJXZHJ,"","Big Blue Bang"
018NY6XC00VT3KQDK504769N9A,"","Big Blue Mountian"
018NY6XC00VTJX6W50FAFGD4AD,"","Big Bomb"
018NY6XC00VT8J2SNHYMZ3PX9X,"","Big Boy"
018NY6XC00VT997ZAZDRDRYB1G,"","Big Bubba Diesel"
018NY6XC00VTFFEJBBN3RC86W2,"","Big Bud"
018NY6XC00VT946GR5CWR4FK0G,"","Big Bud Afghani"
018NY6XC00VTNVWB7KXVNSFSPF,"","Big Buddha"
018NY6XC00VTHCEH4D9QCQAWE4,"","Big Buddha Blue Cheese"
018NY6XC00VTAPA31Z1Z49T4Z8,"","Big Buddha Cheese"
018NY6XC00VTK2CZ13S94S532Z,"","Big Buddha Kush"
018NY6XC00VT4AB8P0KM4ZC1GR,"","Big Buddha OG"
018NY6XC00VTET7JW7FWQQN4CB,"","Big Bud (Sensi Seeds)"
01E7BXH6N0R4WK22MW44GBFB64,"Indica/Sativa","Big Bull"
018NY6XC00VTEDMMFEBGRTHGGY,"","Big Chain Cobra"
018NY6XC00VTZ9T1EQKP5BK9K4,"","Big Cheese"
018NY6XC00VTGH1ZH86N6AF0BX,"","Big Cheese (Chuckleberry Cheese)"
018NY6XC00VTMG0D953WSVG76T,"","Big City Lights"
018NY6XC00VTC2GTWCW8FJ46G4,"","Big Daddy Kush"
018NY6XC00VTS622ZZ1RD9Y4BJ,"","Big Devil"
018NY6XC00VTPDM0HPBH33SXHX,"","Big Devil #2"
018NY6XC00VTTSDYPHCC1Q4JN8,"","Big Devil F1 Fast Version"
018NY6XC00VTNCM882AHPNN4W4,"","Big Devil XL"
018NY6XC00VT9W81KDRHQEJET4,"","Big Duke"
018NY6XC00VT2P18AQJ52WTMXB,"","Big Easy OG"
01E7BXH95HW89P705ANSH1JZSD,"Indica/Sativa","Big E OG"
018NY6XC00VTHY7AQARRTAG3FJ,"","Big Fatty"
018NY6XC00VTMDF861FXJB9SA6,"","Big Foot"
018NY6XC00VT78R7GYHYWBBMT4,"","Big Foot (Sweet Seeds)"
018NY6XC00VTY9ZFDQB9VVAV3C,"","Big Freeze"
018NY6XC00VT7223BTRDXBXF8K,"","Big Funk"
018NY6XC00VTE5BMY64PGWHC1B,"","Biggie Small"
018NY6XC00VTGZN8J60640VZ7B,"","Biggie Small OG"
018NY6XC00VTKHBS5ERV0JFVDQ,"","Big Gun"
018NY6XC00VTMVVHGA85HPCQ4Q,"","Big Haze"
018NY6XC00VTEQ2MBNJT4V97C4,"","Big Haze (Crazy X)"
018NY6XC00VTJ2Y0ZTZVQY9422,"","Bighead"
018NY6XC00VTN5VGKK49QJZ44V,"","Big Holy Nina"
01E7BXHBP25FWPESW5MMXJHAGQ,"Sativa/Indica","Big Hurt"
018NY6XC00VT6RJN544MSGN3NC,"","Big Island Skunk"
018NY6XC00VT381BVE0XMQK6MQ,"","Big Kahuna"
018NY6XC00VT1HCKZ9F09HHA3V,"","Big Kush"
018NY6XC00VT5P88SEYKRJVHCB,"","Big Laughing"
018NY6XC00VTSBHN6Q47TZS1T8,"","Big Lemon"
018NY6XC00VT10MFAZWB98DNMQ,"","Big Lights"
018NY6XC00VTRF738YJVXFB1HS,"","Big Mac"
018NY6XC00VT8S3PKSMGXVNSJF,"","Big Mahuna"
018NY6XC00VTAYQGQENQJ99WY0,"","Big Medusa"
018NY6XC00VTEE0D9YRYZDECSW,"","Big Meech"
018NY6XC00VT7P6G13YJPPJR7M,"","Big Perm"
018NY6XC00VTXDBYFWHG2YP3ZK,"","Big Purps"
018NY6XC00VTXN5JGRJYSF2E82,"","Big Que Bud"
018NY6XC00VTMY2G1SVNZDYQBM,"","Big Red"
018NY6XC00VTKK0JTSKV8C6RPJ,"","Big Rooster"
018NY6XC00VT89F8XBA3617M4Z,"","Big Sensi Skunk"
018NY6XC00VTB0NAMCN11HRKQ7,"","Big Skunk"
01E7BXHH3B1T893MTX9SHTJ13P,"Indica/Sativa","big skunk korean"
018NY6XC00VTWBHQB54C1NPE34,"","Big Skunk Korean"
018NY6XC00VT74C2YAJEHVBYH0,"","Big Skush"
018NY6XC00VT5VHXFTF309KSXT,"","Big Sky OG"
018NY6XC00VTQ4MWB98SBX9ZJZ,"","Big Smooth"
018NY6XC00VT5AXBS3EGF2PW51,"","Big Sur Hippie Weed"
018NY6XC00VTHVKGGXP534FBJZ,"","Big Sur Holy Bud"
018NY6XC00VT2THRS818Y42P2A,"","Big Sur Holy Weed"
018NY6XC00VTFEP24C4CH7M5G2,"","Big Thunder"
018NY6XC00VTE8Y472RRPZW53S,"","Big Tooth"
018NY6XC00VTCX6T0GJB1NC25P,"","Big Treat"
018NY6XC00VTBCV5MXSHZT5KQJ,"","Big White"
01E7BXHMSMRBTPC83MZ7C9QH3S,"Indica/Sativa","Big Widow"
018NY6XC00VTFH3DH57DMFNQXS,"","Big Wreck"
018NY6XC00VTP189ZHSAYJ2R83,"","Biker Bob"
018NY6XC00VTG86Y08Y2FHPA1C,"","Biker Dawg"
01E7BXHP51RRS8WJVSW69G40G1,"Indica/Sativa","Biker Kush"
018NY6XC00VTEGB01SWGXMRA0G,"","Biker Kush V1.0"
018NY6XC00VTQ9M0ZTZ0WNDHDN,"","Biker Kush V2.0"
018NY6XC00VT1P6Y4W0HDBKMXD,"","Biker Le'Blanc"
018NY6XC00VTEKGMFY5DYMATWE,"","Bill Maher"
01E7BXJDWSA51AHKD257A3W9CP,"Indica/Sativa","Billy Kimber OG"
018NY6XC00VT285FZ0PD3E1CCN,"","Billy Meier's Bud"
018NY6XC00VTX2A5E75NQXMSS0,"","Billy the Kid"
018NY6XC00VTCN1YZ28SHHPZSM,"","Bilo"
018NY6XC00VTAD8418TY9RJJYJ,"","Bilzerian OG"
018NY6XC00VTNKSTW6T8DS911S,"","Bingo Pajamas"
01E7BXJGD85DP40VE5KEA8K2X4,"Hybrid","Bio Cheese"
018NY6XC00VTWCJDCFZSKGW218,"","Biochem"
018NY6XC00VTETZFN1PBVDSCAD,"","Bio-Chem"
01E7BXJHRJHVXFJDXEDNYT72ND,"Hybrid","Bio Diesel"
018NY6XC00VTSFN938RHZE473F,"","Bio-Diesel"
018NY6XC00VTWP6Q6FCW63MSH9,"","Bio-Diesel Bx1"
018NY6XC00VTD5BSFZSPXKY6WM,"","Biofuel"
018NY6XC00VTTC42TE9C38JT71,"","Bio-Jesus"
018NY6XC00VTAGHYHYR8PABMC1,"","Bio-Star"
018NY6XC00VT2EQ5JAPZYPPAC1,"","Bird"
018NY6XC00VTRZW63CMF2W72PN,"","Bird Dawg OG"
01E7BXJJH9TDT1NX5ZJRA469ET,"Sativa/Indica","Bird's Eye"
018NY6XC00VTM4GG1NCYCFWP66,"","Birds Eye"
018NY6XC00VTY5T7H683GT2F4H,"","Birthday Cake"
018NY6XC00VTYHY6CY7PYY65GZ,"","Birthday Cake Kush"
01E7BXJKWMWNCEZTFED123XXST,"Indica/Sativa","Birthday Punch"
018NY6XC00VTJ0CRM6DYYBQZEW,"Sativa","Biscay"
018NY6XC00VT2S3QJ3B03KTDS0,"","Biscotti"
018NY6XC00VT24HJTGNSN2RYYZ,"","Bisquik"
018NY6XC00VTM6EWRBEP4WC5EA,"","Bitch"
018NY6XC00VT1F8HNM4NQHG2H3,"","Bitchin Blue"
018NY6XC00VTHPH52QD2HE6TC2,"","Bizarre"
018NY6XC00VT9Q09TPCA9XV4TH,"","Bizarre (Sick Meds)"
018NY6XC00VTD1YECTS5VE492F,"","BK-47"
018NY6XC00VTRAYPSCGA6S5R6A,"Indica","Black"
018NY6XC00VTD6SKQJC73S4EX4,"","Black '84"
01E7BXJN7X7AM54GV2F33HDTR5,"Indica/Sativa","Black 84"
018NY6XC00VTX56KWZHEA0TZTW,"","Black Afghan"
018NY6XC00VTPH26PXXDHBHWXS,"","Black Afghani"
018NY6XC00VTZD98DE707X025V,"","Black Afghani Rose"
018NY6XC00VTMHFJJW39H6WX8J,"","Blackanese (Mad Hatter)"
018NY6XC00VT4ZWZGE8MV22S6A,"","Black Animal"
018NY6XC00VT81BA7H3YMDQN9R,"","Black Beauty"
018NY6XC00VT34G9XW20GS4TXE,"","Blackberry"
018NY6XC00VTPMTRTTDPJCX3DG,"","Black Berry"
018NY6XC00VTWR9BVDYF7MDCAF,"","Blackberry Afgoo"
018NY6XC00VTQ5ZQ3PH4CWBQ42,"","Blackberry Beret"
018NY6XC00VTEVYTRSNN5X0BKQ,"","Blackberry Bliss"
018NY6XC00VTG5FSGRJXJS0ZZC,"","Blackberry Bubba"
018NY6XC00VTGAMMDP6CSCWRN6,"","Blackberry Bubble"
018NY6XC00VTMTX2DE9JT1VH73,"","Blackberry Cheese"
01E7BXJS27T1NZJVMB7QY19PAY,"Indica/Sativa","Blackberry Cheesecake"
018NY6XC00VTJQTQNF47JPSKS4,"","Blackberry Cheesecake Cookies"
018NY6XC00VTDZNSDWQS5JRDFT,"","Blackberry Cheesequake"
018NY6XC00VTVSJGG1T07DY1FE,"","Blackberry Chem og"
018NY6XC00VTC8S73A1T5XPQ89,"","Blackberry Chem OG Budlets"
01E7BXJVK6THDD3A7BN5GM8ZXW,"Indica/Sativa","Blackberry Cobbler"
018NY6XC00VTZPHVVTPPE55HTW,"","Blackberry Cookies"
018NY6XC00VTM415CH9PDAGPQV,"","Blackberry Cream"
018NY6XC00VTGDWHYMEGSV1QYK,"","blackberry diesel"
018NY6XC00VTB4GJ1DF5XYT1JS,"","Blackberry Dream"
018NY6XC00VTMBD9TJQMEN96X1,"","Blackberry Fire"
018NY6XC00VTC21GTE785K46G3,"","Black Berry Fire"
018NY6XC00VTVRPJQ8MA4TXW8E,"","Blackberry GDP"
018NY6XC00VTRE31DRPJ0K5145,"","Blackberry Goo"
018NY6XC00VTNQS1ENH3W7SSP8,"","Blackberry Hashplant"
018NY6XC00VTVBKZKYFFFH3M6Z,"","Blackberry Haze"
01E7BXM7QZZ22CZSN3T96EB832,"Indica/Sativa","blackberry headband"
018NY6XC00VTNDTFJXAF57Q6W2,"","Blackberry Headband"
018NY6XC00VT4YCKFTV2VXR56J,"","Blackberry Ice Cream"
018NY6XC00VT8QVSVAKVKF3BHS,"","Blackberry Kush"
018NY6XC00VTZ1744D8N87THAR,"","Blackberry Lemonaid"
018NY6XC00VTEQG2JG04PBS5WS,"","Blackberry Lime Haze"
018NY6XC00VTANCZ3E4SY3X3ZS,"","Blackberry Lotus"
01E7BXM9NPT5GMHB6XNJCJANXK,"Indica/Sativa","Blackberry Moonrocks"
018NY6XC00VT234AA3PZR70F8W,"","Blackberry (Mullaway)"
018NY6XC00VTFWFVG1GK7FVBNK,"","Blackberry (Nectar Seeds)"
018NY6XC00VT5EACSWD1W3PQWG,"","Blackberry OG"
018NY6XC00VTVBFF5F2PHCWEB8,"","Black Berry OG"
018NY6XC00VTJ6E5N82CG9YW9G,"","Blackberry Panty Dropper"
018NY6XC00VTRGA238SD4DBYPK,"","Blackberry Pie"
018NY6XC00VTEJ3YPXH2XXC967,"","Blackberry Rhino"
018NY6XC00VTCMKR7N670CJ98N,"","Blackberry Rose"
018NY6XC00VTPFXJ18FHBE7G72,"","Blackberry Rush"
018NY6XC00VTQ0XG0RWA2ZTFEY,"","Blackberry (Sativa Seedbank)"
018NY6XC00VTC25ZYGS255EJG2,"","Blackberry Skywalker"
01E7BXMC6QN43H2ZEWG1BNYPS3,"Indica/Sativa","Blackberry Snow Cone"
018NY6XC00VTFCZHHKQNEX71Z1,"","Blackberry Soda"
018NY6XC00VTP87J858DRRTWR7,"","Blackberry Spacewreck"
018NY6XC00VTPV3DR1V20PG6TQ,"","Blackberry Trainwreck"
018NY6XC00VTX5JKN1CFWA7FTH,"","Blackberry (White) Rhino"
018NY6XC00VTBFGWS4XQYV4199,"","Blackberry Widow"
01E7BXME4J1EACYGSGA0F0GPRZ,"Indica/Sativa","Blackberry x Blueberry"
018NY6XC00VTFWFKWFRSZQP5EQ,"","Black Betty"
018NY6XC00VTGYR24S2FNET0PT,"","Black Betty GAL5985"
018NY6XC00VTSQYAH7TJPPFYZC,"","Black Betty GAL6636"
018NY6XC00VTQ1MYA7DA03MVN6,"","Blackbird"
018NY6XC00VTYSKFZ18Z5VHX4P,"","Black Blizzard"
018NY6XC00VT715PEJ5Z1Y01F5,"","Black & Blue"
01E7BX7EV4BBYW53TXAZSEYX9Z,"","Black Bomb"
018NY6XC00VTB2BKRYJX1JQA99,"","Black Bubba"
018NY6XC00VT8M9WPJ4AHV2Y56,"","Black Bubba G.I."
018NY6XC00VT7WAMZCRN1H42NH,"","Black Bubble"
01E7BXMG2DBCDS6HEZ581M3DTQ,"Hybrid","Black Buddha"
018NY6XC00VTTPNEXSYPDZPQTK,"","Black Budha"
018NY6XC00VT006Q39S11N2NSN,"","Black Cheese"
018NY6XC00VTNB54JQNV0NGN32,"","Black Cherry Cheesecake"
018NY6XC00VTZ3C0G0CGJWR6D7,"","Black Cherry Chem"
018NY6XC00VT08THWY8JYBMT9G,"","Black Cherry Dojo"
018NY6XC00VT4BVMCNE1CCCK5P,"","Black Cherry Dream"
018NY6XC00VTHX1YHV4DP7NEQX,"","Black Cherry Funk"
018NY6XC00VTCBS6HAVMV74FMM,"","Black Cherry Haze"
018NY6XC00VT8HNMV1HN3PD7FZ,"","Black Cherry Kush F1"
01E7BXMJ0GVHDNBC590VQKYK9R,"Hybrid","Blackcherry OG"
018NY6XC00VTP8CMS7VPAV0N00,"","Black Cherry OG"
018NY6XC00VT6THHGXD64PBD7N,"","Blackcherry Pie"
018NY6XC00VTV6KMYCRSG9XAS3,"","Black Cherry Pie"
018NY6XC00VT78XW2SB6WT1Y50,"","Black Cherry Pie BX1"
018NY6XC00VTRR923VR7A1NA1S,"","Black Cherry Pie (Libra Seeds)"
018NY6XC00VTHYFQ4ZN7BYCKJF,"","Black Cherry Russian"
018NY6XC00VTAA4QFAH73ANPRZ,"","Black Cherry Soda"
018NY6XC00VTHSKHK6CWP38H7N,"","Black Cherry Soda GAL15760"
018NY6XC00VT5JZHCB6CQXTWTF,"","Black Cherry Soda GAL19830"
018NY6XC00VTKMQ6W3MK7GEHPS,"","Black Cherry Soda GAL5986"
018NY6XC00VTESY73W2KK7YFGE,"","Black Cherry Sour Diesel"
018NY6XC00VT4ZFHABA1YTVH9X,"","Black Congolese"
018NY6XC00VTB2T8H102Q3XGMM,"","Black Cough F1"
018NY6XC00VTXHTJA100JNXHT2,"","Black Cream"
01E7BXMMGRGHBRXN60NQW0JKJW,"Indica/Sativa","Black Cream Auto"
018NY6XC00VT4CADJ4DNDNVMYA,"","Black Dahlia"
018NY6XC00VTA5ZXGN2212PJTH,"","Black Dahlia (TGA)"
018NY6XC00VTQV11XRHWFGV3M2,"","Blackdance"
018NY6XC00VTQ31GZ50V7N75RQ,"","Black Dawg V2 (The Rottweiler)"
018NY6XC00VT638VGSN4863QYD,"","Black Dawg V3"
018NY6XC00VTN4SCFKPZXKAJAF,"","Black Diamond"
018NY6XC00VTXQPY0P7JPVASWN,"","Black Diamond Cherry Diesel"
018NY6XC00VT7TFKKDAYHYWZYW,"","Black Diamond Ghost GDP"
018NY6XC00VTE3HE6596DW2J96,"","Black Diamond Goji OG"
018NY6XC00VT5D7K8JD6W3YZEV,"","Black Diamond Purple Urkle"
018NY6XC00VTAHYEH5PJE4D4MN,"","Black Diamond Sherbet"
018NY6XC00VT6P0RJCZ5PD1JPK,"","Black Diesel"
018NY6XC00VTX6WP9E69C2GPFG,"","Black Diesel (SoCal)"
018NY6XC00VT3GGBJS4157SG0D,"","Black Dog"
018NY6XC00VTXYBR5N4ERPP3XC,"","Black D.O.G."
018NY6XC00VTAKYJFVXZJNF9PT,"","Black Domina"
018NY6XC00VTHQY1DR02RHS349,"","Black Dream"
018NY6XC00VTCK7EAX9ZC0S1G1,"","Black Durban"
018NY6XC00VTG7ZA9C9X9SHW13,"","Blackened Ape Train"
018NY6XC00VTXGR8QZHEREY25J,"","Black Eyed Suzie"
018NY6XC00VTW250XH7292QS5K,"","Black Faze"
018NY6XC00VT57SGFX3QEHAZ3X,"","Black Finger"
01E7BXMRS033R5Q726E9BERYZ5,"Indica/Sativa","Blackfire"
018NY6XC00VTJVSZAWH7YAQS47,"","Black Fire OG Kush"
018NY6XC00VTX8DAXTFV100Q3F,"","Black Flo"
018NY6XC00VTGD5ZVG9QEK78SB,"","Black Frost"
018NY6XC00VT1Z3MVJZPE8B10P,"","Black Garlic"
018NY6XC00VT2SBWG7H04W6S9A,"","Black Gold"
018NY6XC00VTE7BZVC81X6GMFK,"","Black Goo"
01E7BXMV9GC2Z2QQPRYNFE7J01,"Indica/Sativa","Black Gorilla"
018NY6XC00VTXNAPY70FQDGCKN,"","Black Gorilla Grape"
018NY6XC00VTYKRCBFT3TWZDBB,"","Black Grape Romulan"
018NY6XC00VT5FRF6NWBNAR3GY,"","Black Grapes"
018NY6XC00VT3VGPT3V6MKGQ14,"","Black Haze"
018NY6XC00VTAGMQ958Y3H63NV,"","Black Hindu F1"
018NY6XC00VT86XAANGDMZH6JS,"","Black Hole"
018NY6XC00VT61XWJJTA10P2V1,"","Black Hole (GreenMan)"
018NY6XC00VT3J2NV9RAVMPG2D,"","Black Ice"
018NY6XC00VTMJQZ3AE1PAYCSS,"","Black Ice 9R1"
018NY6XC00VTZTH2TQVE1KQN8M,"","Black Ice Gelato #41"
018NY6XC00VTY0RXJZEGC8CFNR,"","Black Ice Grand Daddy Purple"
018NY6XC00VTRQJT6F6H16QFNX,"","Black in Black"
018NY6XC00VTVZXTHWRHF9KT9Q,"","Black Indica"
018NY6XC00VT2JWVZ76S6DDRAD,"","Black Jack"
01E7BXMZBEPVJZY6YX5KSFCQY2,"Indica/Sativa","Black Jesus"
018NY6XC00VTGBFAMB4CS1TVH5,"","Black Jill F1"
018NY6XC00VTFBAHCCWNS55EHE,"","Black Kat"
018NY6XC00VTPFBMCE2C3XY8F2,"","Black Knight F1"
018NY6XC00VTZFCV3QKHJ2R3W7,"","Black Kush"
018NY6XC00VTA6GSZGAHHWT5YC,"","Black Label Kush"
018NY6XC00VT6AAC49GH1AER7X,"","Black Larry Bird"
018NY6XC00VTZ2SV76AMFYAZ6P,"","Black Lavender"
018NY6XC00VTCY67A9F1N1SSG9,"","Black Lemons"
018NY6XC00VTXWB1N08PHJ9ZT2,"","Black Licorice"
018NY6XC00VTY8HYJSJSG3JGN7,"","Black Light"
018NY6XC00VTEFBYZC8WX86SSJ,"","Black Lights F1"
018NY6XC00VT2RWK0RQDY823TE,"","Black Lime"
018NY6XC00VT8VPVSGMDBR3BW1,"","Black Lime Reserve"
018NY6XC00VTZ20G68D83KNBX6,"","Black Lime Reserve GAL15777"
018NY6XC00VT5CKTPWXY31TTQ2,"","Black Lime Reserve GAL6593"
018NY6XC00VT0BG2BNVD6YHWGH,"","Black Lime Special Reserve"
018NY6XC00VTPX5NTTEYE6X46B,"","Black Lotus"
018NY6XC00VT5YJWVCZ43J3FR2,"","Black Magic"
018NY6XC00VTKY631B9V9T1C65,"","Black Magic Kush"
018NY6XC00VTA6T0RQ2A50NK50,"","Black Malawi F1"
018NY6XC00VTNKZY6Z9CKADFCD,"","Black Mamba"
018NY6XC00VTF7CSXG9WH3BXWM,"","Black Mamba CBD"
018NY6XC00VT5NPFBJ034CX7VR,"","Black Matter"
018NY6XC00VTERY7X4EHCBKC1D,"","Black Mendo"
018NY6XC00VTQWT9ZAH8P2T53J,"","Black Moon"
01E7BXN3KPES1CK3Z9RR6D2M6P,"Sativa/Indica","Black Mountain X Jesus OG Kush"
018NY6XC00VTH7QBZ3VXA1B34R,"","Black Nights F1"
018NY6XC00VTZ3MWB5C9JT2CN1,"","Black Ops"
018NY6XC00VTDFCFXZYJS0PH8Z,"","Blackout"
018NY6XC00VTF1FYT726BED443,"","Black Out"
018NY6XC00VTDB2NDWQEH6HWKC,"","Black Out (Archive)"
018NY6XC00VTG7ZPBP4BVM30Z5,"","Blackout OG"
018NY6XC00VTPDT6KXAAG7KADR,"","Blackout Purp"
018NY6XC00VT3NTVMPP1R1ZRM4,"","Black Pearl"
018NY6XC00VT9GQVP1XGX0X5G6,"","Black Phaze F1"
018NY6XC00VTQ500S329EK245Q,"","Black Platinum"
018NY6XC00VTMAAKBR8G4PZEM4,"","Black Rain"
018NY6XC00VTSQ8YAV6HV8EMDR,"","Black Raspberry"
01E7BXN79M3CCAY0BZRRFPTM3Q,"Indica/Sativa","Black Raspberry Trainwreck"
01E7BXN82BX5GYTCJEQ1WE1XH6,"Indica/Sativa","Black Raven"
018NY6XC00VTBG9318RY5G50QW,"","Black Rhino F1"
018NY6XC00VT8K33Z3N7SJWQZN,"","Black Rhino OG Kush"
018NY6XC00VTSKPXW2HW3J8J80,"","Black Romulan"
018NY6XC00VTNXVSKYV7HRWT62,"","Black Rose"
018NY6XC00VTJANCBK0CNJ7M38,"","Black Roses"
018NY6XC00VTJ5B39YSFXNB3TG,"","Black Russian"
018NY6XC00VT3KDNYN74EH3KW7,"","Black Russian (Delicious)"
018NY6XC00VT797B1V73MCRHEJ,"","Black Russian (Hazeman)"
018NY6XC00VTFD77TW18TM8E1X,"","Blackseed"
018NY6XC00VT3NX98JPF4P5YKS,"","Black SFV"
018NY6XC00VTMPP08T3T28HH9B,"","Black Silver F1"
018NY6XC00VTNEERHA0Q381CYV,"","Black Skunk Berry"
018NY6XC00VTK7PSXXZGD0V7JC,"","Black Spice"
018NY6XC00VT1AHNG5NDVQSBK5,"","Black SS"
018NY6XC00VT7PWXCXBYRXWV4R,"","Black Star"
018NY6XC00VTTK5FT98BTZTN7X,"","Black Strawberries"
018NY6XC00VT5T871ZTP0KGXW1,"","Black Sugar Berry"
018NY6XC00VT0JGCAW1NAAGDYQ,"","Black Sugar Rose"
018NY6XC00VTCJRX3PVDD0PM93,"","Black Swan"
018NY6XC00VT6SZCZKC5V4VRQ6,"","Black Triangle"
018NY6XC00VT4JB2SFRSCVGB60,"","Black Trinity"
018NY6XC00VTB0AM5GCWHP9NH2,"","Black Trinity 1"
018NY6XC00VTC05VMGG9N8H4WE,"","Black Trinity 2"
018NY6XC00VTDRDS1HMBR3VWYY,"","Black Trinity 4"
018NY6XC00VT28C6WH0D4F6C51,"","Black Trinity 5"
018NY6XC00VT6RMRA7YGSSEED1,"","Black Trinity 6"
018NY6XC00VT0EXG6NYB2PR6Q7,"","Black Trinity MP"
018NY6XC00VT3NSMJZ6YWTHAAH,"","Black Tuna"
018NY6XC00VTTB6VEXSAHNRDDB,"","Black Unicorn"
018NY6XC00VTPDG3GE4GSXF9PV,"","Black Unicorn (Riot Seeds)"
018NY6XC00VTDY3XMQ06061S37,"","Black Valley"
018NY6XC00VTFEVEAMSRAXCFC0,"","Black Velvet"
018NY6XC00VT0CSPA31KF8NM63,"","Blackwater"
018NY6XC00VTS82G7V3MZ5YSY6,"","Blackwater OG"
018NY6XC00VTQGMF95DZ2JVG77,"","Black & White"
018NY6XC00VTPTW3BD26MZN9DV,"","Black Widow"
018NY6XC00VTKDDGHDJT1FJ9E5,"","Black Widow #1"
018NY6XC00VTX4ECGVH0WMXBTC,"","Black Wreck F1"
018NY6XC00VT420YR8A5KH15F3,"","Black Yeti"
018NY6XC00VTXF2YZJTK5Q19GQ,"","Black Zombie"
018NY6XC00VTPZTNVS77FRQ7NW,"","Blanco Berry Kush"
018NY6XC00VTH12H1D6781KEKD,"","Blast"
018NY6XC00VT0V80SC3VG1PN4F,"","Blaze"
018NY6XC00VTMV988G6RZJT4XH,"","Blazing Blues"
018NY6XC00VTW9DC692RTDYYKT,"","Blazin Grapefruit"
018NY6XC00VTGZHQE8Z46MKFSR,"","B. Lee"
018NY6XC00VTG3FWZV9EWFFSX4,"","Bleeding Geisha"
018NY6XC00VTWZW63BJB1G421E,"","Blessings OG"
018NY6XC00VTVXVA5AZQM24S7W,"","Bleu Berries"
018NY6XC00VTR95WV9XW0NXQ88,"","Blewett Pass Blue"
018NY6XC00VT3C52FBT93WENM0,"","B Line"
018NY6XC00VTT9E6CVVQDSZ87E,"","Bling"
018NY6XC00VT1WQ3E34HMHB41F,"","Bling OG"
018NY6XC00VT67HWRHVV2WBYBJ,"","Blissful Wizard"
018NY6XC00VTK3NE6740CZZRT8,"","BlisterFist"
018NY6XC00VTSZD3639MQY68J4,"","Blizzard"
018NY6XC00VTJ91EM9BC618JEK,"","Blizzard Bubba"
01E7BXNKWNRJM34DVF8HV3X4Q7,"Hybrid","Blizzard Bush"
018NY6XC00VT3M6P7W79NAEH18,"","Blob OG"
018NY6XC00VT1JJMWCYME3G7AS,"","Blockhead"
018NY6XC00VT4PS54VJC9WDD0E,"","Blockhead BX1"
018NY6XC00VTGTG9QZH16SRGQX,"","Blonde Widow"
018NY6XC00VTR0WFG34BBQ78GW,"","Blondie"
01E7BXPMYS1GTDJ1EGPV5SPZC9,"Indica","Blond Skywalker"
018NY6XC00VTHCXBJTBG04X8NF,"","Blood and Iron Haze"
018NY6XC00VTM9FXSA068PVFTQ,"","Blood Assassin"
018NY6XC00VTMTQ1311BKJ1TJ7,"","Blood Atonement"
018NY6XC00VTAYHRW16P8A4MFG,"","Blood Berry"
018NY6XC00VT6CXZM2B08JB81A,"","Blood Diamond OG"
018NY6XC00VTPMM57X2WVDB7XE,"","Bloodhound"
018NY6XC00VTZ18D14ZHWVA6Y7,"","Blood Hound"
018NY6XC00VT7GNV3DBK4VMJ89,"","Blood Kush"
018NY6XC00VTQYB3KF85BJ9WMF,"","Blood Line"
018NY6XC00VTDSF8R7SRGXPZZ0,"","Blood Money"
018NY6XC00VT055ASW3BH9YYH6,"","Blood Orange"
01E7BXPQF3ACW2AAXC90SBB466,"Indica/Sativa","Blood Orange Kush"
01E7BXPR7TYC9ZTWX4VZZCS56E,"Indica/Sativa","Blood Orange Sorbet"
018NY6XC00VTTX7M0DNY15P833,"","Blood Orange Tangie"
018NY6XC00VTE7KRTPK69PW871,"","Blood Red Cookies"
018NY6XC00VT4DVPRKTBSQBDQM,"","Blood Rose"
018NY6XC00VT70XMHKXDB52666,"","Blood Sativa"
01E7BXPS0GCH6RCA0BX7N5JDWJ,"Indica/Sativa","Bloodwalker"
018NY6XC00VTFGKXKJ1942T4K7,"","Blood Wreck"
018NY6XC00VT7EY77NYDV3PK15,"","BloodWreck"
018NY6XC00VT45AKTQJAC6XK7A,"","Bloody Skunk"
018NY6XC00VT2QC6KMQFZGY710,"","Bloo Goo"
018NY6XC00VTGJDDPGSSGTGMMD,"","Bloo's Kloos"
018NY6XC00VTDYSVNF85GNM09W,"","Blotter"
018NY6XC00VT86RVSGF65BT165,"","Blotter Kid 1"
018NY6XC00VT7DKP4NMERZ95VV,"","Blotter Kid 2"
018NY6XC00VTSGTWYMM68FXWYH,"","Blotter Kid 3"
018NY6XC00VTN3RD5FBRK4V6KH,"","Blotter Kid 4"
018NY6XC00VTNAHXHJR6HNZY1Z,"","Blotter Kid 5"
018NY6XC00VTSG85TWDTXJ558H,"","Blotter Kid 6"
018NY6XC00VTEVKXNBK7SDSF6D,"","Blouie (Louie Blue OG)"
01E7BXPTBS4VPS2P9X0GCNXT9G,"Sativa/Indica","Bloutrein"
018NY6XC00VTHMMZXCACCT3PNK,"","Blowfish"
018NY6XC00VTAPS2G1830FSJ8J,"","Blucifer"
01E7BXPW9Y7N0GJHSJN5755MA9,"Indica/Sativa","Blucifer Cookies"
018NY6XC00VTGXMZ8QP51Y1251,"Sativa","Blue"
018NY6XC00VTEQ6ZBRDH6PBZ0X,"","Blue 13"
018NY6XC00VTR3NDYNHB2B35GY,"","Blue39"
018NY6XC00VTRM6M94XQ9Z4TMN,"","Blue Afghani"
018NY6XC00VT6G9G82K5PJSCV3,"","Blue Afgoo"
018NY6XC00VT0T1GWA2SQCZAPV,"","Blue Alaskan"
018NY6XC00VTN72DWB4Y8VCEAD,"","Blue Alert"
018NY6XC00VTFXZC92VTGBFSK0,"","Blue ali"
018NY6XC00VT00YNTETXMKVZ4Q,"","Blue Ali"
018NY6XC00VT63X20HK1HGGRAF,"","Blue Alien"
018NY6XC00VTNEE9SW2D8VH2PK,"","Blue Alien (Purple Caper Seeds)"
018NY6XC00VT2T4WJ594TJJY4M,"","Blue Amnesia"
018NY6XC00VTDVE5S82K9M0W0X,"","Blue Amnesia (Auto)"
018NY6XC00VTQPJB34PYY3YRA9,"","Blue Amnesia XXL Autoflowering"
018NY6XC00VTESC3TG9BQDANAX,"","Blue Angels"
018NY6XC00VTA9ZWP0MY6D1TZH,"","Blue Ape"
018NY6XC00VTY2RJTWBF61FEQM,"","Blue Apollo"
018NY6XC00VT32GY3YT7Q37A2X,"","Blue Asian Diesel"
018NY6XC00VTPD2QJNR18AKA0M,"","Blue AutoMazar"
018NY6XC00VTB8PAG1B5YNS5KW,"","Blue Azure"
018NY6XC00VTHN12JRWGFBE2C3,"","Blue Band"
018NY6XC00VTZDAWFPXSQ0F3VR,"","Blue Band (Hazeman)"
018NY6XC00VTENAHK6FS2ZWNGF,"","Blue Barrel AK"
018NY6XC00VT7PXZ6PHV90BE46,"","Blue Barrel OG"
018NY6XC00VTTA28HQG5HCSPK6,"","Blue Bastard"
018NY6XC00VTJNM3492N7VRQJJ,"","Blue Bayou"
018NY6XC00VTCV8YD3M100K9PA,"","Blue Berries"
018NY6XC00VT4Q35M4GXPDEPQA,"","Blueberry"
018NY6XC00VTKS7553F4C589A0,"","Blue Berry"
018NY6XC00VTC5WSWT2TCV8CN2,"","Blueberry #3"
018NY6XC00VTNB2F446Z9TPTBY,"","Blueberry 99"
018NY6XC00VT325RH9YT6ES89R,"","Blueberry Afghani Goo"
018NY6XC00VTZ51BMQFCTY8C8E,"","Blueberry AK"
018NY6XC00VTPPY0E1514W67V5,"","Blueberry Ape"
01E7BXQ41KNHAMZ5S38P3KHXHT,"Indica/Sativa","Blueberry Apocalypse"
01E7BXQ4TB6KTG87GS6K285GHC,"Indica/Sativa","Blueberry Athena"
018NY6XC00VTEFFSQGKH6ASZM9,"","Blueberry Blast"
018NY6XC00VTSG4D8MHPN71FMZ,"","Blueberry Bliss (AutoFem)"
018NY6XC00VTBPTCP0J34DP7X7,"","Blueberry Bud"
018NY6XC00VTPK77KN5CJ45ANR,"","Blueberry Cheesecake"
018NY6XC00VTZM5TEB0R7H124T,"","Blueberry Chem"
018NY6XC00VT22V4XYBHVW3P3C,"","Blueberry Chemdawg"
018NY6XC00VTEDNDTX917F1ESY,"","Blueberry Chemdog"
018NY6XC00VTAW6QR7KFMVXVHS,"","Blueberry Cobbler"
018NY6XC00VTB2S3EX275AKBAA,"","Blueberry Cookies"
018NY6XC00VTV7NXM53F6KS5HW,"","Blueberry Cough"
018NY6XC00VTX01PD456K0TPE4,"","Blueberry Crisp"
018NY6XC00VT0J2AXNEYX9DM7M,"","Blueberry Crush"
018NY6XC00VTWNAYY68R0PEC0Y,"","Blueberrydiesel"
018NY6XC00VTJGVTMPQMXG5HCE,"","Blueberry Diesel"
018NY6XC00VTG7T5QKGZ5RVN46,"","Blueberry Dream"
018NY6XC00VT4N2B0FDVRGXMGP,"","Blueberry (Dutch Passion)"
018NY6XC00VT8RKFK2AFT7C4PD,"","Blueberry Essence"
018NY6XC00VTHG7RTS0Z4Y7EVS,"","Blueberry Express"
018NY6XC00VT9RSYFC2587BPW5,"","Blueberry F2"
018NY6XC00VTHAAWD6SPENP851,"","Blueberry F4"
018NY6XC00VTXMFSBGTX0T58DJ,"","Blueberry Fog"
018NY6XC00VTPFPNGC0EEYYF87,"","Blueberry G-13"
018NY6XC00VTGEJJJ5G3TEKVR8,"","Blueberry GAL314"
018NY6XC00VTWGZ30BXE2WXHS9,"","Blueberry GAL6023"
018NY6XC00VTZWG1VXX8FW4WFE,"","Blueberry Garlic"
01E7BXQCHEJSXZK1E3NKVB52GD,"Indica/Sativa","Blueberry Gas"
018NY6XC00VTS9403J219NR4A0,"","Blueberry GDP (Granddaddy Blueberry)"
01E7BXQDA88V5044Z1V7ZKMN8E,"Indica/Sativa","Blueberry Ghost Og"
018NY6XC00VT5BA0K8J3PKRR9Q,"","Blueberry Girl Scout Cookies"
018NY6XC00VTPBSPX5EHKNQB4C,"","Blueberry Grape Ape"
018NY6XC00VT17SECK2QD8CZYJ,"","Blueberry Gum"
018NY6XC00VTV13ZZ5QTYHQ8MQ,"","Blueberry Hash"
018NY6XC00VTVWFMVXVRBM9NWV,"","Blueberry Hashplant"
018NY6XC00VT5SW50NXXTF81QW,"","Blueberry Haze"
018NY6XC00VTCC9ZAPFNRTXKVH,"","Blueberry Headband"
018NY6XC00VTJ6NQ49GRBB9M47,"","Blueberry Hill"
018NY6XC00VTAAGJBQND2VM20D,"","Blueberry Indica"
018NY6XC00VT3B4T9BHM09K6MS,"","Blueberry Jack"
018NY6XC00VTYJC0T50VFZGFNP,"","Blueberry Kush"
018NY6XC00VTM129G9G7QMS1WV,"","Blueberry Kush (Autoflower)"
018NY6XC00VTNES3GFPFYX454J,"","Blueberry Lambsbread"
018NY6XC00VTF5QEG02S4Q2RV2,"","Blueberry Lemonade"
018NY6XC00VT9Z26NBQ6K5NHXM,"","Blueberry Louis"
018NY6XC00VTX2V0SZJCB7J3SP,"","Blueberry Magic"
018NY6XC00VT6TDXE4134TKMDA,"","Blueberry Malawi"
018NY6XC00VTSFJNT99EWC7F35,"","Blueberry Master"
018NY6XC00VTX0ZTPPY9WNZ7EP,"","Blueberry Master P"
018NY6XC00VTC3H5WC66SMXC73,"","Blueberry Milkshake"
018NY6XC00VT1CBA9MBK0N8E2F,"","Blue Berrymore"
018NY6XC00VTZK2KTDVNJXXQZD,"","Blueberry Muffin"
018NY6XC00VTXS7SMV1ZM8V0Q3,"","Blueberry Muffin #10"
018NY6XC00VT2ZYV2MY8D6117N,"","Blueberry Muffin (Humboldt)"
018NY6XC00VTT9B63HNFA3C7FF,"","Blueberry Muffins"
018NY6XC00VTCV1TD5MSRNH29B,"","Blueberry Muffin (Sequoia Seeds)"
018NY6XC00VT73A2F6TRHPTSDT,"","Blueberry Nice"
018NY6XC00VTFSDXBMEE39MBN0,"","Blueberry Nl"
018NY6XC00VTTP2X45JE7ZRTEV,"","Blueberry OG"
018NY6XC00VT0VH9WYC478HYYG,"","Blueberry OG (Illuminati Seed)"
018NY6XC00VTJ16VPWWVGE5ZGT,"","Blueberry Pakistani"
018NY6XC00VTCFKH6XGN81YWY8,"","Blueberry Pancakes"
018NY6XC00VTMST70XA9ZBZ634,"","Blueberry Pie"
018NY6XC00VTGFJCJC3MH42G1T,"","Blueberry Pineapple"
018NY6XC00VT6V20T46PST7JP0,"","Blueberry Punch"
018NY6XC00VT1W7R3SG7K749S7,"","Blueberry (Sagamartha)"
018NY6XC00VTJ3N9YA8B5M3V6Z,"","Blueberry Sativa"
01E7BXXAPKVPEQ2MFJMZJVTJZ7,"Indica/Sativa","Blueberry Shortcake"
018NY6XC00VTE2FG7W4JV98CDX,"","Blueberry Silvertip"
018NY6XC00VTQ5FGGQPPCEXNST,"","Blueberry Skunk"
018NY6XC00VT31SZAK8WRSXJ1P,"","Blueberry Snow"
018NY6XC00VT8QYKVA94F867SQ,"","Blueberry Space Cake"
018NY6XC00VT9JY8CW4G17XKWE,"","Blueberry Sunset"
018NY6XC00VTER70G0WNAQVC84,"","Blueberry Temple"
018NY6XC00VTEBWNDG5FM8041F,"","Blueberry Trainwreck"
01E7BXXDSRBD1JSY3RKZJFAEZG,"Indica/Sativa","Blueberry Triple OG"
01E7BXXEJGTCWV8XZ0RH0K2N2W,"Indica/Sativa","Blueberry Underdog"
018NY6XC00VT1K1S09898NK2XY,"","Blueberry Waltz"
01E7C302ZTJM5VN7FF99T40BSR,"-unknown-","Blueberry x Headband x Sour Lemon Larry"
018NY6XC00VT78CMTX95HSN10D,"","Blueberry Yum Yum"
01E7BXXGGJ9P8299KCMM2P0J4Y,"Sativa/Indica","Blue Bird"
01E7BXXH9A87WZHQCPKAAS5RQ9,"Indica/Sativa","Blue Black"
018NY6XC00VT8WMFG905YGAQVA,"","BlueBlack"
018NY6XC00VTXX8TNAC64Y1MQR,"","Blue Blood"
018NY6XC00VTH9N5Y0SV1BXP0Q,"","Blue Bomber"
018NY6XC00VT1ZADX98C71BKYM,"","Bluebonic"
018NY6XC00VT1GDB3BXM2C4H27,"","Bluebottle"
018NY6XC00VTMT5P3NMZ17AT2D,"","Blue Boy"
018NY6XC00VTS73N7D5X32M6CC,"","Blue Bubba"
018NY6XC00VT33Y2Y8EXJQW3YA,"","Blue Bubble"
018NY6XC00VTHFSY5C9B30NCYF,"","Blue Bubblejuice"
018NY6XC00VT7SFV7SPVMVY63M,"","Blue Buddha"
018NY6XC00VTEJNJVQ7CPW3YZH,"","Blue Bull"
018NY6XC00VTA5XAGZHT462WWQ,"","Blue Burmese"
018NY6XC00VTSF6VVK5PDFGB5X,"","Blue C4"
018NY6XC00VTKPBBNZE25FYMDW,"","Blue Candy"
018NY6XC00VT0CKRG3VGP9GX4J,"","Blue Cap Crush"
018NY6XC00VT0S613C264B6EZK,"","Blue Champagne"
018NY6XC00VTAXG0THRAC74NEY,"","Blue Cheddar"
018NY6XC00VTMYPJ0Y680QHTYH,"","Blue Cheese"
018NY6XC00VTH4QCPPCHEX53E7,"","Blue Cheese (Barney's Farm)"
018NY6XC00VTV1Q62WX6DT2N6B,"","Blue Cheese (Royal Queen)"
018NY6XC00VT29VZ85JCTW76A7,"","Blue Chem #4"
018NY6XC00VT83HVG864QT9XBK,"","Blue Chemo"
018NY6XC00VTKNXWKQZKVAHXPE,"","Blue Chem OG"
018NY6XC00VT1BJYZM3VJSM0JH,"","Blue Chiesel"
018NY6XC00VTBQB0S7JHNBA59Z,"","Blue Chip Cookies"
018NY6XC00VT9T7MASEA6S27BK,"","Blue Chocolate"
018NY6XC00VTCS16CV3D1RGJ3M,"","Blue Chocolate (Fusion Seeds)"
018NY6XC00VT75BNQRJD1AAWVP,"","Blue Chocolate OG Kush"
018NY6XC00VTVDAS4TDNK609GR,"","Blue Cinex"
01E7BXXQ9RAH7F8GFMWBC94CP8,"Sativa/Indica","Blue Cinex X White Widow"
018NY6XC00VTZ8H2DVXH1WPZE1,"","Blue City Diesel"
018NY6XC00VT7AFG4X8CZV8CDH,"","Blue Coma"
018NY6XC00VTZ82M9RHE5NTGS4,"","Blue Confusion"
018NY6XC00VTWZHRZ1932SPMRM,"","Blue Cookieberry Crunch"
018NY6XC00VTZXX1JVYR7N69X0,"","Blue Cookies"
018NY6XC00VT17RFBMZF9YQV9N,"","Blue Coral"
018NY6XC00VT6TJDBEQX75Q0QR,"","Blue Crack"
018NY6XC00VTHWVM7J8B3EV1VP,"","Blue Cream"
018NY6XC00VTSES8JJK1T1JB3N,"","Blue Crystal"
018NY6XC00VTS29JR9XY7DXZ7E,"","Blue Daddy"
018NY6XC00VTBKZPMXC8EJK6PT,"","Blue Dank"
018NY6XC00VTBWP1MCEY4EV071,"","Blue Dawg"
018NY6XC00VTW6J3MYKH8ADG8P,"","Bluedawg (Sure Fire)"
018NY6XC00VT4DJGPQ6RMFEDWC,"","Blue Diamond"
018NY6XC00VTJYD1XB8MCDC2WA,"","Blue Diamond Philips"
018NY6XC00VT5M91N1GME56R4T,"","Blue Diesel"
018NY6XC00VTAF40GSKVP30QE8,"","Blue Dog"
018NY6XC00VT3J5XP87FJDYTJZ,"","Blue Domino"
018NY6XC00VTNZC6BJHES4MKA0,"","Blue Dot"
01E7BXXX3TG3R7CRB690ZSMXTB,"Sativa/Indica","Blue Dot Dawg"
018NY6XC00VTE87K7RNH0S8YG3,"","Blue Dot (MGB - Medical Grade Bud)"
01E7BYRZMDAXYGPBZHNN1V8CRW,"-unknown-","Blue Dot x Irene Apparition"
018NY6XC00VTSZP985M68362B9,"","Blue Dragon"
018NY6XC00VTZ1502TRPQFCM6T,"","Blue Dragon Desert Frost"
018NY6XC00VTQAMM8834GAWWWJ,"","Blue Dream"
018NY6XC00VTGYM1NK2YHGTVSP,"","Blue Dream 3"
018NY6XC00VTZK3M1BHWAXB9X4,"","Blue Dream Cookies"
018NY6XC00VTXMS041K1M0ESY1,"","Blue Dream Crack (Blueberry Crack)"
018NY6XC00VT1XE1AED27VTZTN,"","Blue Dream GAL317"
018NY6XC00VTVRTR4ZV5S62FFE,"","Blue Dream GAL5840"
018NY6XC00VT2BQMF9W2MKWH01,"","Blue Dream GAL6084"
018NY6XC00VTP6PA57Z5GRNMBQ,"","Blue Dream Haze"
018NY6XC00VTEXZRWPCEA92KJB,"","Blue Dream La Vie"
018NY6XC00VT6MH7476B8CK3ZE,"","Blue Dream Pink Pineapple"
018NY6XC00VTMRAD81SWS0YSAS,"","Blue Dream / Platinum Girl Scout Cookies"
018NY6XC00VTCE690FWQ3Y5SCN,"","Blue Dream (Rebel Grown)"
018NY6XC00VTRDDNJ2M24G9KGY,"","Blue Dream Skunk"
018NY6XC00VTJYFDHDCE5J5ADN,"","Blue Dream Trim"
01E7C20DTRSSYJNH1MJDQRJS1F,"-unknown-","Blue Dream x Sour Bubble"
018NY6XC00VT7780C439MZWV6T,"","Blue Dynamic"
018NY6XC00VT75GXYV002HNR6Z,"","Blue Dynamite"
018NY6XC00VTB044WA8KXMNJ26,"","Blue Dynamite OG"
018NY6XC00VT9RB1T04HZ7YKCE,"","Blue Earth Berry"
018NY6XC00VTXQHYXTWSTZESRH,"","Blue Elephant"
018NY6XC00VTQJMCKPJ3HWTS5J,"","Blue Enzo"
018NY6XC00VT2Y9V4NQ7Z3P42N,"","Blue Essence"
018NY6XC00VTS66JS6Q7G4C52N,"","Blue Fantasy"
018NY6XC00VTD61JF06WA0PW8V,"","Blue Fin"
018NY6XC00VTA4GHCD1FQ8R73T,"","Blue Fire"
018NY6XC00VTXXWAQ0BC4974BV,"","Blue Flame"
018NY6XC00VT83R30ZP62RW2YB,"","Blue Flower"
018NY6XC00VT17S835VHVVQ3HN,"","Blue Fondue"
018NY6XC00VTMN648VPF13NKEX,"","Blue Foo Dog"
018NY6XC00VTHVVVAM2F8WK5RA,"","Blue Forum Cookies"
018NY6XC00VTCV4BA0TPZRD9HB,"","Blue Fox"
018NY6XC00VTVBB22KE58FA1CB,"","Blue Frost"
018NY6XC00VTVB3CE39FZVZ5TT,"","BlueG"
018NY6XC00VTB6W8JTVJ7AGAX0,"","Blue Galaxy"
018NY6XC00VTJ8ABE5H9QAP04A,"","Blue Geez"
018NY6XC00VTYT3FBW65HFMK78,"","Blue Gelato"
018NY6XC00VTXH3F2G35PPYNJY,"","Blue Glue"
018NY6XC00VTFNMB18PYFMAFQD,"","Blue Goblin"
018NY6XC00VTV4Q3BQASHYAAHM,"","Blue God"
018NY6XC00VT2XA8Z94EZCCCFP,"","Blue Gold"
018NY6XC00VTYJWKSMQTFGV9A0,"","Blue Goo"
018NY6XC00VTYA1SDD8GKZTSJC,"","Blue Grape #1"
018NY6XC00VT11HDCBXQN8PVX9,"","Blue Gum #2"
018NY6XC00VTMJPZ4M33J5RFSM,"","Blue Hammer"
018NY6XC00VT8V63FDJV2B59N7,"","Blue Hanes"
018NY6XC00VTEM17ZCBDSQH49B,"","Blue Hash"
018NY6XC00VTA9J4YR7J5GC0MH,"","Blue Hawaii"
018NY6XC00VT01GT40B5C7ZC3D,"","Blue Hawaiian"
018NY6XC00VT61AN5J839NK1QD,"","Blue Haze"
018NY6XC00VTK54R3VXWHC1AE3,"","Blue Haze Libano"
018NY6XC00VTHYX4J5PHEHG1M7,"","Blue Haze Train"
018NY6XC00VTSN56ZQ8AWTJ55A,"","Blue Headband"
018NY6XC00VTKQ7VRZS2RGQEG3,"","Blue Heaven"
018NY6XC00VT58RCDN7C1KFC7M,"","Blue Hen"
018NY6XC00VTT47A46ZSDAEX14,"","Blue Heron"
01E7BWA77HSA9NCSDR5Z36FWYQ,"Sativa/Indica","Blue Highzenberg"
018NY6XC00VTTYTGB1ZPR0HXEX,"","Blue Hog"
018NY6XC00VTBY6M6XBEF3B8FP,"","Blue Hun"
018NY6XC00VTF3Z25PNFEPW46F,"","Blue Ice"
018NY6XC00VTV9QHG9X9NDGK7A,"","Blue Iguana"
018NY6XC00VT6SWZMTX56C3J5Z,"","Blue in Green"
018NY6XC00VTMC0P1JZS069330,"","Blue Island Skunk"
018NY6XC00VTT9E7R9EJCE69Q2,"","Blue Ivy"
018NY6XC00VTCT2T0DDMPE8P1M,"","Blue Jack"
018NY6XC00VTXYQ4S3C2H3ZZNJ,"","Blue Jagger"
018NY6XC00VTXSCW2NE8N81R7Q,"","Blue Jamaican"
018NY6XC00VTQWTFF08YFY4DA5,"","Blue Jay Way"
018NY6XC00VTJTJRF3HR18H6B2,"","Blue Kiev"
018NY6XC00VT9N14WW16ZZ50A2,"","Blue Kiss"
018NY6XC00VTK7906Q3G7WQNEM,"","Blue Kiwi"
018NY6XC00VTCKEB75XHKVEHB6,"","Blue Knight"
018NY6XC00VT3VWFX3R308AQMD,"","Blue Knight (Blue Kryptonite)"
018NY6XC00VTJKTR3WCMVJEWD4,"","Blue Kripple"
018NY6XC00VTFHH83MNRHR7VFC,"","Blue Kronic"
018NY6XC00VT71EC5SPSBXFGDW,"","Blue Kush"
018NY6XC00VTJHQNPBKE377JGE,"","Blue Kush (Blush)"
018NY6XC00VT4BMFD212G659TW,"","Blue Lavender"
01E7BWAECKQ6M66WV05W702VWG,"Indica/Sativa","Blue Lemon Haze"
018NY6XC00VTG173QRCCRVQA21,"","Blue Lemon Thai"
018NY6XC00VT35G7Z5MV7RG32Z,"","Blue Liberty"
018NY6XC00VTV801Q4WZ0X37SD,"","Blue Lightning"
018NY6XC00VTS0WDCFZPMCAPM3,"","Blue Lights"
018NY6XC00VTVD15J7QCJ9P2XT,"","Blue Light Special"
018NY6XC00VT0J6W233RW1S0AM,"","Blue Lime Pie"
018NY6XC00VT86R3P8966FA9S2,"","Blue Lion"
018NY6XC00VTD10JK2RTFQN5DC,"","Blue Lotus"
018NY6XC00VT33F6GX07BP8Y9W,"","Blue Magic"
018NY6XC00VT7D2GCESWQC17ZE,"","Blue Magoo"
01E7BWAK7P91Y7WHCRH72QFG68,"Indica/Sativa","Blue Magoo Meteorite"
018NY6XC00VT4CARDAQDH0CA4Z,"","Blue Mammoth"
018NY6XC00VTZFZDGGT9QC2WRG,"","Blue Mango"
018NY6XC00VT99ABJJWGCZB5V4,"","Blue Master"
018NY6XC00VTJJM3DF3TNVGQE5,"","Blue Matanuska"
01E7BWAN5F58DZPXSXGXNE8JNW,"Sativa/Indica","Blue Maui"
01E7BWANY53Q4RR1T4SYHFJPXD,"Indica/Sativa","Blue Mist"
018NY6XC00VTT6XG9GQVVT5JXV,"","Blue Mistic"
018NY6XC00VT0VSM7Z198XH4YF,"","Blue Monster"
018NY6XC00VT0TXHMJX4FQ4BVP,"","Bluemoon"
018NY6XC00VTPSWBT1FB2CHF59,"","Blue Moon"
018NY6XC00VTZB6Z963WBEVQYH,"","Blue Moon Blue"
018NY6XC00VTG7T91ANTCKAA4J,"","Blue Moon Rocks"
018NY6XC00VT62QKSKYWGCZQ7T,"","Blue Moon Rocks (B.M.R.)"
018NY6XC00VTGV1M7T8VQVSCQ5,"","Blue Moonshine"
018NY6XC00VTPW439SARA1R3M5,"","Blue Moonshine (Dutch Passion)"
018NY6XC00VT7QF00NB3BPYNPW,"","Blue Mountain"
018NY6XC00VTVPPP31SFZV0WY5,"","Blue Mountain Dream"
01E7BWAT67473PX957GRKBYPQB,"Sativa/Indica","Blue Mountain Durban"
018NY6XC00VTNYN42JN27GG8NV,"","Blue Mountain Fire"
018NY6XC00VT489SSE017MHZCW,"","Blue Mystic"
01E7BYRWXQBS410X51QG1HSDTC,"-unknown-","Blue Mystic x Purple River x Huckleberry OG"
018NY6XC00VT9PQSGRHTP47RQD,"","Blue Napalm"
018NY6XC00VTFKH1CFMPQ6F4KX,"","Blue Nebula"
018NY6XC00VT5BQ2DRPHRKTWM1,"","Blue Nepalese"
018NY6XC00VT0FF4M51S60471A,"","Blue Neville's Chem"
018NY6XC00VT7DBY2ZMQF906H9,"","Blue Nightmare"
018NY6XC00VTNV8N33RVDFBPP4,"","Blue Nile"
018NY6XC00VT856GPPQ09TYT6J,"","Blue Nina"
018NY6XC00VT9F9XFTCG220Y3E,"","Blue Northern"
018NY6XC00VTENMNPEHPV7RXGE,"","Blue N White"
018NY6XC00VT1YCMH5ZQCM9A4J,"","Blue Obama"
018NY6XC00VT28F6DHKGBPV2WJ,"","Blue OG"
01E7BWAZKGEJ53YK14CCFBPCZ4,"Sativa/Indica","Blue OG Sherbet"
018NY6XC00VTV46SZYFAZDT4NR,"","Blue Ox"
018NY6XC00VTJQ3QRHDWQRQ72M,"","Blue Pacific OG"
018NY6XC00VT370BA7SMMD67VG,"","Blue Pearl"
018NY6XC00VTCG6C7AQ2B91WRN,"","Blue Permafrost"
018NY6XC00VT3EAFBKKW7W76M5,"","Blue Persuasion"
018NY6XC00VTPQYFNZ8NG4GTS1,"","Blue Petrol"
018NY6XC00VT5BFTNK87JNSQ7P,"","Blue Phantom"
01E7BWB2PEPA3926JWSVHKZSPB,"Indica/Sativa","Blue Pineapple Chunk Og"
018NY6XC00VTH1AR7GTZFP4B0J,"","Blue Power"
018NY6XC00VTQ2TP6B0HSQ1T37,"","Blue Power (Vision Seeds)"
018NY6XC00VT9YJ4W2DKGW2AXQ,"","Blue Queen"
018NY6XC00VT675A9NQYB0BPD5,"","Blue Race Fuel"
018NY6XC00VTKF52G7813W1FF7,"","Blue Razz"
018NY6XC00VTN3ZQNBPN9NREYD,"","Blue Rhino"
018NY6XC00VT7M28V0A92ZHMSJ,"","Blue Rhino (Dane Strains)"
018NY6XC00VTZ6QF19QD48SCEC,"","Blue Ribbon"
018NY6XC00VT84FRXHXEF30S8E,"","Blue Ridge"
018NY6XC00VTCDHCF0KKGGYH76,"","Blue Rock"
018NY6XC00VTYFHXKYFFCQ9WRA,"","Blue Rocket"
018NY6XC00VTQMYET5YJ3FXJT5,"","Blue Romulan"
018NY6XC00VTJHSV1TYYFFW036,"","Blue Romulan Kush"
018NY6XC00VTG7106HDZ74C7N2,"","Blue Rush"
018NY6XC00VT11NQAHXRFRNQ69,"","Blue Russian"
018NY6XC00VT4D8NJ2SHWWPZDG,"","Blues"
018NY6XC00VT43N3P5AM1YXC0F,"","Blue Sage"
018NY6XC00VTM9RD3XTKJXNGDC,"","Blue Sapphire"
018NY6XC00VTGZKXCHMS53BYEQ,"","Blue Satellite"
018NY6XC00VTSCY6JQ043YKXX3,"","Blue Satellite #2"
018NY6XC00VT8KAN4VMNG6X53A,"","Blue Satellite #2.2"
018NY6XC00VT8FEZ9G7N0TMDRG,"","Blue Sensation"
018NY6XC00VT33P3WSY8RGCJ8K,"","Blue Shark"
018NY6XC00VT0F4GN6GRX15K3V,"","Blue Shark Auto"
018NY6XC00VTK254R1C7TE5EKH,"","Blue Sherbert"
018NY6XC00VTMAPZABX493MN0X,"","Blue Shiva"
018NY6XC00VTPAGGRBZCHWDJEZ,"","Blue Skunk"
018NY6XC00VTT9DEXD57E6PJDQ,"","Blue Skunk Special"
018NY6XC00VTHN032QFZWBSYM3,"","Blue Sky"
018NY6XC00VTZ8QJQSGA2KB5HZ,"","Blue Sky Cotton Candy"
018NY6XC00VTF757C75N8A0ZSM,"","Blue Sky Mango"
018NY6XC00VTZ9ZRX2H6XM9VV5,"","Blue Smog"
018NY6XC00VT7XV5H9WTXRND8P,"","Blue Snowdog"
018NY6XC00VT9ASD2V2ZQ013Q1,"","Blue Sonja"
01E7BWBADWMK0Q9CYNQFRWX2WQ,"Sativa/Indica","Blue Spider"
018NY6XC00VTCBHDESBQ0WRCAD,"","Blue Star"
018NY6XC00VTP0Y43F0FG8N63J,"","Blue Steel"
018NY6XC00VT5ZWRNR2362M5BD,"","Blue Streak"
018NY6XC00VT39GK43AP4A4HQR,"","Blue Stupor"
018NY6XC00VT2R7YHDB4G8C2MD,"","Blue Suede Shoes"
01E7BWBCC065EHE8QQ4H9M7V48,"Hybrid","Blue Suede Zkittles"
018NY6XC00VTQR71CAV9TYSN24,"","Blue Sugar Cookies"
018NY6XC00VTETQVNXK9S88FK5,"","Blues (Underground)"
018NY6XC00VTMVA39SMY4N0W62,"","Blue Tahoe"
018NY6XC00VTFT25WPMNJM9HHV,"","Blue Tara"
018NY6XC00VTWHFE7KE2B970RW,"","Blue Tarmac"
018NY6XC00VT3KGYZNRPTXRP6A,"","Blue Tattoo"
018NY6XC00VTR34R7WDBZRBEWR,"","Blue Thai"
018NY6XC00VTS9WVZ5NQS0S0GQ,"","Blue Thunder"
018NY6XC00VTZPHJ04WN2E19RC,"","Blue Thunder 13"
018NY6XC00VT2RBK5WHE5QJ3KS,"","Blue Train"
018NY6XC00VTH130278R0GXGM6,"","Blue Trainwreck"
018NY6XC00VTA04FK9W1ZSKEGQ,"","Blue Trane"
018NY6XC00VTKDCDJ8EZ6AXDRT,"","Blue Treat"
018NY6XC00VTG0DG4H4PMCMDB6,"","Blue Trilogy"
018NY6XC00VTX97AWKMRYQEY3F,"","Blue Turtle Diesel"
018NY6XC00VTY7PKZ3M289RZ9C,"","Blue Ultima"
018NY6XC00VT558G4XMCP5DC14,"","Blue Ultra"
018NY6XC00VT2X0WEEQ19B5G25,"","Blue Valley"
018NY6XC00VTWWGCCX7N66BVMX,"","Blue Velvet"
018NY6XC00VTSQH2J9T1V0VJY8,"","Blue Venom"
018NY6XC00VTA6EMZE31BS5EFW,"","Blue Vortex"
018NY6XC00VTVY39BRPF94NTEM,"","Blue Walker"
01E7BWBNVHZM6Y883TJDXWFMDY,"Sativa/Indica","Blue Whale"
018NY6XC00VTJZT20QBBZZGPVS,"","Blue Widow"
018NY6XC00VTBQ8Y1BJAGZRPHW,"","Blue Widow (Joey)"
01E7BWBQ6X62D4BFRKX7FCKHQ6,"Sativa/Indica","Blue Wolf"
018NY6XC00VTQ3CSRX7GMEJABC,"","Blue Wonder"
018NY6XC00VTFZX9HEX870JDGM,"","Blue Wreck"
018NY6XC00VTS4PQJZH0ST1VRC,"","Bluez Cluez"
018NY6XC00VTS45XTZFJ90Y0GV,"","Bluezilla"
01E7BWBS4REA8J0404XMCG20Q8,"Indica/Sativa","Blue Zkittlez"
018NY6XC00VTZ8JNK6RKRVXRMN,"","Blue Zombie"
01E7BWBTG3H0NXWH1DVTQ3MY2G,"Sativa/Indica","Blu Flame"
018NY6XC00VTE2VGSXPRQR0QGX,"","Blukashima"
018NY6XC00VTVBZD534E2C4H7Z,"","Blukushima"
018NY6XC00VT1Z9453GCVBFGAY,"","Bluniverse"
018NY6XC00VTHMV6KN8Z4SH9BX,"","Blu OGK (OG Kush)"
018NY6XC00VTZHEK1EKY8B583E,"","Blurberry"
018NY6XC00VT13KEBCC0BCTNYH,"","Blurple"
018NY6XC00VTFZS89Y2WKD6RM9,"","Blush"
018NY6XC00VTRC6NPFN2PXXWMB,"","Blu Sugar"
018NY6XC00VTM3S0JXCG7T2D37,"","Blz-bud"
018NY6XC00VT2H4ANKCPDYS86F,"","Boba's Stash"
018NY6XC00VTD4Y70G2RN90RXY,"","Bob Barker"
01E7BWMMA30FACZ78FQTC1N926,"Indica/Sativa","Bobble Head"
018NY6XC00VTA7A4MKXQ7DYVCY,"","Bob Marley"
018NY6XC00VTJJ60C6ZSCFDXB7,"","Bob Marley Sativa"
018NY6XC00VT93RW6M801S910D,"","Bob Marleys Best"
018NY6XC00VT8PQRXX1ZM9R37Z,"","Bob Saget"
018NY6XC00VT62PDKYVG4CVRYY,"","Bocelli"
01E7BWMP7VXDMGRNZDA50MGWFK,"Hybrid","Bodega Bubblegum"
018NY6XC00VT4B1FBKZAWY9VN5,"","Bodhi Dragonfruit"
018NY6XC00VT456STK4KFCB3Q2,"","Bodhi Satsuma"
018NY6XC00VTEAZP7DZV48Z71M,"","Bodhi Tree"
018NY6XC00VT2FVQCAPGDNVAEM,"","Bogart"
018NY6XC00VT2XP4CKFZNZVK16,"","BOG Bubble"
018NY6XC00VT0NF5VK0GNK4SXS,"","Boggle Berry White"
01E7BWMSXJARWENMNPHWWWEPYK,"Indica/Sativa","Boggle Dragon"
018NY6XC00VTYFPX2WJ9JKDPE3,"","Bogglegum"
018NY6XC00VT84Z0VDMCBNDGHK,"","Boggy Haze"
018NY6XC00VTE7T00MR86KVN9M,"","BOG L.S.D"
018NY6XC00VT21BFQJZP6D4A6J,"","Bog Medley"
018NY6XC00VTC8Z0FQ69D3C17Y,"","Bogota Breeze"
018NY6XC00VTCPXKBDT63S8M7P,"","BOG Strawberry Kush"
018NY6XC00VTDWWNZP5YZ0KKG1,"","Bohdi Sativa"
018NY6XC00VT23VG9JPZ32DY69,"","Boiling Brain"
018NY6XC00VTP9J90JQCFJHY30,"","Bollywood"
018NY6XC00VTBC8TR5C90ZJ9KB,"","Bolonska Yugoslavia"
018NY6XC00VTA9EQC0ZTQPQDW0,"","Bomb #1"
018NY6XC00VT7A7H885WCBJJ5F,"","Bomb #2"
018NY6XC00VTCE0TQWR5Z6FY3C,"","Bomb #3"
018NY6XC00VTQHF66Z80HF3535,"","Bomber Man"
018NY6XC00VTAQ3C92GJHZ5AB8,"","Bomber's Widow"
018NY6XC00VTAYR30BCFC8M293,"","Bomb Queen"
018NY6XC00VTYZN469950K1FDQ,"","Bomb Threat Bubba Kush"
01E7BWPBK12Z492PZHBS8Z0PP2,"Indica/Sativa","Bona Dea"
018NY6XC00VTYZK3NJWXCVX5NH,"","Bonkers"
018NY6XC00VTKTD1MKG35PHAJG,"","Bonobo"
018NY6XC00VTDA9CBZ965FSZJW,"","Bo Obama"
018NY6XC00VT01WPPWMWWY6PZP,"","Boo Berries"
018NY6XC00VT6P1Z5B56VWJ88K,"","Boo Berry"
018NY6XC00VTGA77DC0CWNQFDX,"","Boo Boo Berry"
018NY6XC00VT0C38TTZM57SNMM,"","Booger"
018NY6XC00VT08PDF1E5CHFKG4,"","Boogie Monster"
018NY6XC00VTQF5M10XV03WKCT,"","Boombaye"
018NY6XC00VT9CW090FAC7W6KS,"","Boonana"
018NY6XC00VTGPTPDNE6PM5EDD,"","Boonana (Blunana)"
018NY6XC00VTNCGHD5G2SWWKW4,"","Boost Goddess"
018NY6XC00VTX1XMSM01YX4SZP,"","Bootlegger"
018NY6XC00VT9TAZRGF424D76P,"","Booyah"
018NY6XC00VTVCT4TSNDKHYSH2,"","Bordello"
01E7BWPFWA4EHDGCC6W2ANCADN,"Indica/Sativa","Borderliner"
018NY6XC00VT65NJKBCXK5CWZT,"","Borderliner Extreme"
018NY6XC00VTGVA81KJGDFDHJW,"","borderliner XTRM"
018NY6XC00VT2E314BG2A4EXBF,"","Borderline XTRM"
018NY6XC00VT4DM3DVNW5KHNJ0,"","Born Killer"
01E7BWPHTDJZBBEGSVRA3J144R,"Hybrid","Boss Frost"
018NY6XC00VTRP2ZC944REJMN2,"","Boss Hog"
018NY6XC00VTYN315G2E745QKF,"","Boss Hogg"
018NY6XC00VT13QV6BARKZHNSS,"","Boss OG"
01E7BYS24Y4ZDW4AHWQ2VKDA0N,"-unknown-","Boss OG x Sour D"
018NY6XC00VTHVTP3HPDCM9ZG0,"","Boss's Sister"
018NY6XC00VTB2NRJ2SA9QVQCA,"","Boston George"
018NY6XC00VT6C72MFVYPDGYWB,"","Botafumeiros"
018NY6XC00VTSNXKG4K0ST50W9,"","Bottle Rocket"
01E7BXDDJ14EKAC3R2J812Z5XT,"-unknown-","Boudica"
018NY6XC00VTJZKG7AZCY3GKJ4,"","Boulder Queen"
018NY6XC00VTY15895QCXG2EAR,"","Bourbon"
018NY6XC00VTZCPRMN1VA1ACW7,"","Bourbon Cookies"
018NY6XC00VT637XXJ260N3CSV,"","Box Car Harley"
018NY6XC00VTBJKCF3DJSXHP2M,"","Boy Scout Cookie"
018NY6XC00VTRDK73QJBRF6BTB,"","Boy Scout Cookies"
018NY6XC00VT2ZT3FJB196YWWC,"","Boysenberry"
018NY6XC00VTKVKW1V4Q2P7239,"","BR1947"
018NY6XC00VT6CSKD2EEMWFEMX,"","Brain Candy"
018NY6XC00VT97MD05J3C2PJM8,"","Brainfreeze"
018NY6XC00VT4DQPM30X8TGD2C,"","Brain Freeze"
018NY6XC00VTKRXKARXEY6PERN,"","Brain OG"
018NY6XC00VTD5GYDA6A1BDRHS,"","Brain's Choice"
018NY6XC00VT0AV294EAFD74XR,"","Brain's Damage"
018NY6XC00VTHN4KBWSHGRZ5RP,"","Brains Damage"
018NY6XC00VTKZSQNMHT7ZS55C,"","Brain's Escape"
018NY6XC00VTHYS0Z0ZN15CBZ0,"","Brainstorm Haze"
018NY6XC00VT3CSWG5JZE6K509,"","Brainstorm Haze G13"
018NY6XC00VTV3G7Q3JT3XJG8F,"","Brainstorm (Hempstar)"
018NY6XC00VTJ5ZZTJ568SSSW5,"","Brainwarp"
018NY6XC00VTYBTMGHZPN1QH1E,"","Brainwreck"
018NY6XC00VTXP3NWEAYFDDQY6,"","Brambleberry Kush"
018NY6XC00VT19FTRXX2NPWTV9,"","Brand X"
018NY6XC00VTTEGNFB55B111ZS,"","Brandywine"
018NY6XC00VT2NZVW0JWDAYS8B,"","Brandy Wine"
018NY6XC00VTSTACT03JG3F1WP,"","Braveheart"
018NY6XC00VTS7F60D9VPZ99WG,"","Brazil"
018NY6XC00VT8J795TWAAXTSH2,"","Brazil Amazonia"
01E7BX42BEMVJ00Y28JVY6AAKK,"Sativa","Brazilian"
018NY6XC00VTX0FJ7EDXYC703M,"","Brazilian Amazonian"
018NY6XC00VTTY6M6A43468T4N,"","Brazilian Gold"
018NY6XC00VTZAKXR2DJD0GZDZ,"","Brazilian Hash Plant"
018NY6XC00VTZJQSYFYRZWYWA6,"","Brazilian Haze"
018NY6XC00VTZJAZKDTC0DPPB0,"","Brazilian Landrace"
018NY6XC00VT48017G7M3X63F6,"","Brazilian Lemon"
018NY6XC00VTP1D736FD02NHQ8,"","Brazilian Pineapple"
018NY6XC00VTJX22QYJ7FJ6A8P,"","Brazilian Sativa"
018NY6XC00VTDNV6XM85S6CHMP,"","Brazilian Skunk"
018NY6XC00VT84MCYQGM1MT2EM,"","Brazil Pernambuco"
018NY6XC00VT26SSB16CBJW67N,"","Bread Bowl"
018NY6XC00VTYZATE2X2WHR5DW,"","Bread Crumbs"
018NY6XC00VTZ91DWJJQRYN89B,"","Breakfast Kush"
01E7BX45EXD8D27JTX5A9PK496,"Hybrid","Breakfast of Champions"
018NY6XC00VTCJNNQXHEE6CK9Z,"","Breakout"
018NY6XC00VT3SJDCBYKE25X7J,"","Breakthrough"
018NY6XC00VTVAV67923637A6B,"","Breathless OG"
018NY6XC00VTMN4KXJ1G9EX8EK,"","Breath of Fire OG"
01E7BX46TCKVFAZWZWA21406P7,"Indica/Sativa","Breath Work"
018NY6XC00VT88K0XXFB157J90,"","Brett's Passion"
018NY6XC00VT7NRNDNPC9MN37V,"","Brian Berry"
018NY6XC00VT90A9K7SG6A7596,"","Brian Berry Cough"
018NY6XC00VTVAXEAA0DXJSJ14,"","Bright Eyes"
01E7BX49B85H3R2F56EM0J3BYN,"Indica/Sativa","Bright Fire"
018NY6XC00VT29YN3RPM8E38G0,"","Bright Floral Lift"
018NY6XC00VT46V6WB6FECTGPQ,"","Bright moments"
018NY6XC00VTQMTZPDAHMVD0KS,"","Bright Moments"
018NY6XC00VT8TYSKWNCYZXEP0,"","Bright Puff"
018NY6XC00VT56J7C5SJ37V7EJ,"","Brilliant Diamond OG"
018NY6XC00VTAEJQS2KAB1N88V,"","British Columbian"
018NY6XC00VTWHPZR0RACM7STP,"","Brittany Murphy"
018NY6XC00VTTWYJGNEAMMCVGK,"","Broad Leaf Black"
018NY6XC00VT2Q15KVR1E9X4YW,"","Bro Diesel"
018NY6XC00VTK2EPX8CZQ0P1YE,"","Bro-G"
018NY6XC00VTRMPS8DX7QCDRW5,"","Broke Diesel"
018NY6XC00VTFCT44DW4XNHFGT,"","Broken Arrow"
018NY6XC00VTMYYGH7GNK30C4J,"Hybrid","Bronze"
018NY6XC00VTMFDKTNTT8J1VRN,"","Bronze Berry"
018NY6XC00VTB4SXY8W9K4FA6T,"","Bronze Whaler"
018NY6XC00VT8JBH5MFPBS8DE2,"","Brooklyn Mango"
018NY6XC00VTJB0T3CX535KE1P,"","Brotherhood OG"
018NY6XC00VTWMV79CFVEP5XS8,"","Brother's Keeper"
01E7BX4D1GNCDS7GTQQJAGD1XP,"Indica/Sativa","Brother'S Keeper"
018NY6XC00VTP8W3X0924S9QZA,"","Brown Sugar F1"
018NY6XC00VT0M80YK0KEHQR3A,"","Bruce Banner"
018NY6XC00VT6RRM82542D9MRW,"","Bruce Banner #3"
01E7BX4EZNCWPMKGKK682DX059,"Sativa/Indica","Brute Fruit"
018NY6XC00VT9ENVHVPH2PVV1A,"","Brutus OG"
018NY6XC00VTQJ1V466AD4XCVV,"","BSC"
01E7BX4GXPAFYEJX51SARD3ER2,"Indica","Bty \"Better Than Yours\" Og"
018NY6XC00VT60RE48ERB6B60V,"","Bubba 76"
018NY6XC00VTDA8T5GYDEFPGYJ,"","Bubba Band"
018NY6XC00VTHTWVMYZJH8DX3T,"","Bubba Berry"
018NY6XC00VTEP8KES4EDWEQ80,"","Bubba Brother"
01E7BX6NPYFJ5J6B5S5H292R69,"Indica/Sativa","Bubba Cheese"
018NY6XC00VTPNR80NCRTNWPRC,"","Bubba Cheese Auto"
01E7BX6PFR6TQQS2QN5A6HBHXE,"Indica/Sativa","Bubba Chem"
018NY6XC00VTH0FRAYSVM9ZH4R,"","Bubbachron"
018NY6XC00VT584RPT296FV4VS,"","Bubba Chunk F1"
018NY6XC00VTM8AC1YW9QAA4DB,"","Bubba Con"
018NY6XC00VT4ZRCRGABPZVYQB,"","Bubba Cookies"
018NY6XC00VTDS1NKGRZ7V799V,"","Bubba Cornbread"
018NY6XC00VTEQMRNZ2Z2MQDG3,"","Bubba Dawg"
018NY6XC00VTZDTHWQP5F7XS1H,"","Bubba D (Bubba Diesel)"
018NY6XC00VTTMBH2T40DJAMPP,"","Bubba Diesel"
018NY6XC00VTEBZDEMGXA25K8P,"","Bubba Doja"
018NY6XC00VTZSA1FJWFJTA04D,"","Bubba Erkle"
018NY6XC00VTTT5B4HQWZ1NNV8,"","Bubba Express"
01E7BX6TRWGCXCFPC5RTT3665N,"Indica/Sativa","Bubba Fett"
018NY6XC00VTHKHGP7YJNGAYFP,"","BubbaFett Kush"
018NY6XC00VTT4N2P3237VAV0Q,"","Bubba Fire OG"
018NY6XC00VTWAJXKHNWSC3X9V,"","bubba fish"
018NY6XC00VT3EB67XY1C1GKYS,"","Bubba Fresh"
018NY6XC00VT4P6DN598QGW0D3,"","Bubba Fudge Kush"
018NY6XC00VTXX3GHMJ0FVSDDQ,"","Bubba GDP"
018NY6XC00VTX41JJ4G4SYPQN9,"","Bubbagum"
018NY6XC00VTQB7YTHMQP8J2YR,"","Bubba Gum"
018NY6XC00VTS2TJNJ8TXZERJV,"","Bubba Hash"
01E7BX6XWKCK7RVFSX7M8HGF0N,"Hybrid","Bubba Haze"
018NY6XC00VTSCX40HHHEB0V4G,"","Bubba Jones"
018NY6XC00VTW9N46HJNX307DC,"","Bubba Kush"
018NY6XC00VTBKVFZXWS39DKF3,"","Bubba Kush 13"
018NY6XC00VT8D3ZAWW0K2EQ73,"","Bubba Kushberry"
018NY6XC00VT7NWRXJKZNQ5W9G,"","Bubba Kush GAL5938"
018NY6XC00VT17NBB7SP47WREW,"","Bubba Kush GAL6259"
018NY6XC00VT2R66HZ97D9WF9P,"","Bubba Kush (Green House)"
018NY6XC00VT2V61MZY2BDYG1K,"","Bubba Kush S1"
018NY6XC00VT4DVXTFM6ZNQ0CB,"","Bubba Love"
018NY6XC00VT6EDPHZYDYCAZWQ,"","Bubba Mist"
01E7BX70DND71AW87W1GM7R9VG,"Indica/Sativa","Bubba Monster Cookies"
018NY6XC00VTSZAPEGF56RRKJX,"","Bubba OG"
018NY6XC00VTNBC2RY9PD3BFBR,"","Bubba's Bitch"
018NY6XC00VT251APENFX4HZTB,"","Bubba’s Coffee"
018NY6XC00VTN22P76T18D729Y,"","Bubba Scout"
018NY6XC00VT159ABKY8HBXW1D,"","Bubba Scout BX"
018NY6XC00VTJ8QEMZGRF49S4V,"","Bubbas Dream"
018NY6XC00VTBTBM0RHXE4P4C9,"","Bubba’s Gift"
01E7BX6KRGJ9FNHN6Q553FFRSM,"Hybrid","Bubba'S Girl"
01E7BX72BSMADZ1G1WEZZKQP00,"Indica/Sativa","Bubba Shine"
018NY6XC00VT8E9KEFSVN2GKCW,"","BubbaShine"
018NY6XC00VT661HJCS4H7NGJG,"","Bubba Skunk"
018NY6XC00VT8T23C7KN3MR1AH,"","Bubba Skywalker"
018NY6XC00VT7KQ99HBWD9HVEY,"","Bubba's Trainwreck Haze #1"
018NY6XC00VTFVC6ADW2371884,"","Bubba Tang"
018NY6XC00VT7ME8Z3GQQQRWVD,"","Bubba Tom Hayes"
018NY6XC00VTFDVBKSARCP5YYD,"","Bubba Walker"
018NY6XC00VTXVPBY24F7GNH4Y,"","Bubba Wreck"
01E7BX74WSB3XWV62B81G0DX9W,"Hybrid","Bubba x Skunk"
018NY6XC00VTMC838MMGXMEQRJ,"","Bubba Yum"
018NY6XC00VTCQ9DXWS9G6KPTF,"","Bubba Yum 99"
018NY6XC00VTCW33RV6F2D19HS,"","Bubbleband"
018NY6XC00VT6GFCV0XRP0QRA4,"","BubbleBean"
018NY6XC00VTEZ138H541J4AVH,"","Bubbleberry"
018NY6XC00VTHFFAQY4EWYDZ2N,"","Bubble Berry"
018NY6XC00VTHWHCSM570R8R86,"","Bubbleberry F2"
018NY6XC00VT4Q56QF22WRVM2B,"","Bubbleberry Haze"
018NY6XC00VTSQTR2ZYHSTS26Q,"","Bubble Bobble"
018NY6XC00VTD3SNXCQ3AC2QRH,"","Bubble Bomb"
018NY6XC00VTGNQ6P2YNNDSZEK,"","Bubble Cheese"
018NY6XC00VTPJ735PAJRW4KTG,"","Bubble Chem"
018NY6XC00VTK98G8DFW8ETCS6,"","Bubble Chung"
018NY6XC00VT22PJKGD83PAV5E,"","Bubblecious"
018NY6XC00VT10WSXGXZKJCND1,"","Bubbledust"
018NY6XC00VTV10W2DCRDZEPB5,"","Bubble Dust"
018NY6XC00VTXSDV4PT15QBJ9H,"","Bubblefunk"
018NY6XC00VTH5TRPNR7E4F2WF,"","Bubble Goo"
018NY6XC00VT5SMEG4M2QENX82,"","Bubble Gum"
018NY6XC00VTGRH2JPPSJFQPXE,"","Bubble Gum CBD"
018NY6XC00VTMHG6NGQN9417DJ,"","Bubblegum Chem"
018NY6XC00VT8DY8SRQW5REZ95,"","Bubble Gum Cookies"
018NY6XC00VTCVRKWVV5JWJKBH,"","Bubblegum F2"
018NY6XC00VT607TGGVWNBHSM3,"","Bubblegum Haze"
018NY6XC00VTXENAD72JWTKKET,"","Bubblegum Kush"
018NY6XC00VTR3BAP0BREJSBH5,"","Bubblegummer"
018NY6XC00VT347TZCHDG8KE7T,"","Bubblegum XL"
018NY6XC00VTR86C4QMQ1KHFEA,"","Bubblegun"
018NY6XC00VTS0J9W7VVRY29F2,"","Bubble Hash"
01E7BXCQAY29JKG2RFX0DG5X9Q,"Sativa/Indica","Bubble Haze"
01E7BXCR3P5S4ZDV9EPGPEKMPS,"Sativa/Indica","Bubble Jack"
018NY6XC00VTENY38N1BTCM0JX,"","Bubblejuice"
018NY6XC00VTRQWPGTBEJDGN69,"","Bubble-k"
018NY6XC00VT8BCKG936D5SFF3,"","Bubble Kush"
018NY6XC00VTQ8HV3N0YKY95XN,"","Bubblelicious"
018NY6XC00VTHH1A2E82WD8GPZ,"","Bubblelicious Nirvana"
018NY6XC00VTS55N797C7T8S2E,"","Bubblelope"
018NY6XC00VT35W1T518DQS9PS,"","Bubble Mint"
018NY6XC00VTH89A9ERSZDQRZN,"","Bubble 'n' Squeak 1"
018NY6XC00VT5V16CBD1YKZWY9,"","Bubble n Squeak #1 F2"
018NY6XC00VT40BTS167SASNV8,"","Bubble 'n' Squeak 2"
018NY6XC00VT109AAGZTVW78YT,"","Bubble Skunk"
018NY6XC00VTG6B8PMKYVST9J2,"","Bubble Tang"
018NY6XC00VTPBJWPBXQFFE3FS,"","Bubble Trouble"
018NY6XC00VTKSGRQ0NYZTSVZ5,"","Bubble Wreck"
018NY6XC00VTH3Z3GNETGE80MW,"","Bubble Yum"
018NY6XC00VTA1841Y1JG6V8HM,"","Bubblicious"
018NY6XC00VT7F0R5WJC46M0W6,"","Bubblicious Cookies"
018NY6XC00VTB4GK4PC1ZJTSTZ,"","Bubblicious Cookies (Bazooka Joe Bubble Gum Cookies)"
018NY6XC00VTDB3HANRZC7YR2V,"","Buckeye Purple"
018NY6XC00VTYT3S93576695Q2,"","Bud Bunnie"
018NY6XC00VT2YMPW1NDFQHJ35,"","Buddah Kush"
018NY6XC00VT8EDS6Z7JNV0EMK,"","Buddah's Delight"
01E7BXCXDKK99CWAJM9E2YQK98,"Indica/Sativa","Budder Og"
018NY6XC00VT2EC8YJTXPZNFW8,"","Buddha"
01E7BXD3JGMW236WZGV9X0Y1EV,"Indica/Sativa","Buddhaâs Gift"
018NY6XC00VT2WXY9TA8VAKJH9,"","Buddha Bobby"
018NY6XC00VTHE9KC0GC90YM7W,"","Buddha Cann"
018NY6XC00VTA6RMFT4GCJV8GT,"","Buddha Haze"
018NY6XC00VTC9NWDQXS0KS4R3,"","Buddha Kong"
018NY6XC00VTT06FME2D8HQXCJ,"","Buddha Kush OG"
018NY6XC00VTB0KNG2GAZ7MGPZ,"","Buddha Purple Kush"
018NY6XC00VTM875SZS3SDXRZ7,"","Buddha's Delight"
018NY6XC00VTZ5Q8CGT3D9KTNM,"","Buddha's Dream"
018NY6XC00VTYPA7B6DV34XFWP,"","Buddha’s Gift"
018NY6XC00VTPDHJRXKH93T5VP,"","Buddha's Hand"
018NY6XC00VTZR4M4Z3H2FJ8X3,"","Buddhas Hand"
018NY6XC00VT8B35A0BXSN2WE6,"","Buddha's Love"
018NY6XC00VT603R6Z2JXB3HB8,"","Buddhas On Moonshine"
018NY6XC00VT8X1RR07Y4PHFDK,"","Buddha's Passion"
018NY6XC00VT0MPQ4P27G8GJXG,"","Buddha's Sister"
018NY6XC00VT6TV39ZMNV71A80,"","Buddha's Sister (Soma Skunk V+)"
018NY6XC00VTXSAZQ948QFXMJM,"","Buddhas Third Eye"
01E7BXD05RAEPV9ZQ45ZY9C8SA,"Indica/Sativa","Buddha's Tooth"
018NY6XC00VTDCRZKFG51SVC5Y,"","Buddha's Triplets"
01E7BXD274ZHMFJ89T0BF204QG,"Indica/Sativa","Buddha Syrup"
018NY6XC00VTEVPJJHA8QV9HFW,"","Buddha Tahoe"
018NY6XC00VTAJSHSHZPV9KAD7,"","Buddha Tahoe OG"
018NY6XC00VT62WKNMPH1YZ2VS,"","Buddha Tonic"
018NY6XC00VTZ8FD9XRCNN0PZ7,"","Bud Lite"
018NY6XC00VTQ3NBD000ZJ3TNG,"","Buffalo Bill"
018NY6XC00VTR2BQBA6VBGNPJ5,"","Buffalo Cookies"
018NY6XC00VTNB6NMQYKFRWSN9,"","Buford OG"
018NY6XC00VT5AXFBD2CDXMVM8,"","Bugatti OG"
018NY6XC00VTHY0ZZMKGPQJK18,"","Bugglegum"
018NY6XC00VT0VTC2YB0XTP14H,"","Builder"
018NY6XC00VT2FAH06BZ8457M6,"","BuKu Cheese Kush F1"
018NY6XC00VTTZJVZAJDZQD8HQ,"","Bulldog"
018NY6XC00VTC94X4JPRZAFV3C,"","Bullfighter"
018NY6XC00VTRYK09F8Z3W4CFQ,"","BullNana"
018NY6XC00VTRJWEGPHQWK89JJ,"","Bullrider"
01E7BXD6SKE45VK9X4MJSZKMSH,"Sativa/Indica","Bull Rider"
018NY6XC00VTB5CWVP60SE7YMD,"","Bullshark"
018NY6XC00VT2RZY95RPXRMJQJ,"","Bully"
018NY6XC00VTVV4XKP4EVECRJR,"","Bundy OG"
018NY6XC00VTZZSDN4BWJ0KEGH,"","Bunker Bud"
018NY6XC00VT9P9PCC4WSFPP3C,"","Burgundy"
018NY6XC00VT9QY7JCQZ5FSWY2,"","Burkle"
018NY6XC00VTWKPENT355Y282C,"","Burmaberry"
018NY6XC00VTSGZMG0YNQ84C3P,"","Burmese"
018NY6XC00VTT6AXN9C86QPWBE,"","Burmese Cookies"
018NY6XC00VT8ZC5AYDJ38K08B,"","Burmese Delight"
018NY6XC00VTWTXFNHKYVZBJ2T,"","Burmese Headband"
018NY6XC00VTA4VWF1420NHZ0B,"","Burmese Kush"
018NY6XC00VTRKXV4KGJYVY0C4,"","Burmese Kush (BuKu)"
018NY6XC00VT5KX954DXA60C47,"","Burmese Pure"
018NY6XC00VT7GQBZBH39SXRP5,"","Burning Bush"
018NY6XC00VTQMEBSZPZXM5SF4,"","Burning Desire"
018NY6XC00VTSVQZJTSD8HXK70,"","Burnin' Love"
018NY6XC00VT3JMRNAG3GRAB7T,"Hybrid","Burnt Sienna"
018NY6XC00VTER5NDQ6DCGH9DV,"","Bush Bud"
018NY6XC00VTN9XEC9331NQ92D,"","Bushdoctor"
018NY6XC00VTPAPZ0N59ZTT963,"","Bush Hash Plant"
018NY6XC00VTRSQ0V3F5AF6YSZ,"","Bushman Kush"
018NY6XC00VT5Z2B2D2RCWS0VH,"","Bushmans"
01E7BXD9E5X5QQTK4VDA613JMM,"Indica/Sativa","Butter Cookies"
018NY6XC00VTAKWBSY0KAF31TS,"","Butter OG"
018NY6XC00VTQZ9A3ZJ9ZTCN3V,"","Butterscotch"
018NY6XC00VTHXBHXV9Z0AXMC9,"","Butterscotch Hawaiian"
018NY6XC00VT0ZRHHBK9TVZCDD,"","Buzz Bomb"
018NY6XC00VT54A64Q2TNBQ1FA,"","Buzz Light Gear"
018NY6XC00VTHAFZWGK8P1P2B2,"","Bwanana"
018NY6XC00VTWJ6CRRT1NKF9A7,"","B-Well Kush"
018NY6XC00VT6FXD1M85VTFVAX,"","B-Witched"
018NY6XC00VTGFBRX8CT1B0MPW,"Hybrid","Byrdolan"
018NY6XC00VTRAX095QHV2W3FC,"","C-13/Green Dragon"
018NY6XC00VT4692CWV9MMFYNF,"","C-13 Haze"
018NY6XC00VTZK5WFC7E96Q140,"","C13 Haze"
018NY6XC00VTZPQ8F3K6EEWP0B,"","C-3"
018NY6XC00VTPNBN6DZWYHQKZA,"","C3PO"
018NY6XC00VTCERYRKFY1KEYEG,"","C4"
01E7BZ7E11MAZ11DNC0R4A5Z8C,"-unknown-","C4 x Tangie"
018NY6XC00VTBC31JZCSD7EXFQ,"","C5 Haze"
018NY6XC00VT4KR38AH1HBA3E5,"","C7 Ultra"
018NY6XC00VTWV8ZSCKS32TX6S,"","C99 F4 Pineapple Pheno"
018NY6XC00VTEZF45ZWSAERC8Z,"","C99 Splash"
01E7BXY25D6QV82763HK7H4X6J,"Sativa/Indica","Cabaret"
018NY6XC00VTAZRWW4XKZHSYRM,"","Cabbage Patch"
018NY6XC00VTMCC3YT0RNWRZ86,"","Cab Driver"
018NY6XC00VT15BW34S5BGKR5M,"","Cabernet"
018NY6XC00VTHP70YTS1QNWMR0,"","Cabeza de Negro"
018NY6XC00VTQAAS7Q12H2WR4V,"","Cabezon Peak"
018NY6XC00VTJ78XZ7S6S3J1PW,"","Caboose"
018NY6XC00VT12HQ754YMB93CF,"","Cactus"
018NY6XC00VTNPRWWSA6N1Q8Z8,"","Cactus Cooler"
018NY6XC00VTD8JCZX80TNNK7F,"","CACTUS JACK"
018NY6XC00VT5WSKYJMS6B6VWD,"","Cadillac Cookies"
018NY6XC00VT0Y7M1TP4H9GC7N,"","Cadillac Jack"
018NY6XC00VTKVC577MEW8SVG5,"","Cadillac Purple"
018NY6XC00VTVN1EAXNWF7A5NR,"","Cafe Girl"
018NY6XC00VTC08AN9PEHPCC1F,"","CAGG OG"
018NY6XC00VT29D7QJXAB48PQV,"Sativa","Caleten"
018NY6XC00VTFWDZKGBVKTHQCG,"","Cali Big Bud"
018NY6XC00VTJJCNZPF421ENVD,"","Cali Breeze"
018NY6XC00VTAYZT591E2D9RXD,"","Cali Clones OG"
018NY6XC00VTNR0NRW3PDM1NF7,"","Cali Connection"
01E7BXY8RNYDYQ1T4NM2BTD6T0,"Indica/Sativa","Cali Dragon"
018NY6XC00VT4FB1GR1WZSBJZB,"","Cali Dream"
018NY6XC00VTFR6YJ369SG7TKE,"","Cali Fire"
018NY6XC00VTYZMM6WWYEV30X4,"","California American"
01E7BXYAPNJ0859DK7CVSC13FW,"Indica/Sativa","California Black Roze"
018NY6XC00VTXGG242MWQJPFZR,"","California Desert Sativa"
018NY6XC00VTZ0YTZWP3NB1RBA,"","California Dream"
018NY6XC00VTMP9P77T01QQKT4,"","California Dreaming"
018NY6XC00VTYZT73FJMA3Q3EK,"","California Dreaming (Gage Green Group)"
018NY6XC00VTSMB8W7NM1ZERAZ,"","California Dream'n"
018NY6XC00VTH3EVNHT00ZDG7E,"","California Grapefruit"
018NY6XC00VTR2C7F8SX44B8QT,"","California Hashplant"
018NY6XC00VTPMBF8KHX87ZVF9,"","California Hash Plant"
018NY6XC00VTHEWEEDSENJJ9EA,"","California Indica"
018NY6XC00VTN7RXJSP86ZN95J,"","California Indica F2"
018NY6XC00VTPAWGWJPZFN4XPZ,"","California Karma"
018NY6XC00VTRB1GQ96HWJTSYC,"","California Kush"
01E7BXYDSZ2Y3CDSMFNG43KDA9,"Hybrid","California Limes"
018NY6XC00VTEKBTASPM46F026,"","Californian Haze"
018NY6XC00VT228881H9R59T7D,"","Californian Orange"
018NY6XC00VTVNW111JXNNDXTP,"","Californian Sunrise (Alpha)"
018NY6XC00VT08BB4VJHGQ29ND,"","California Orange"
018NY6XC00VTHD7E8080DNDHVG,"","California Original"
018NY6XC00VTC4QWRFCJXPJWJT,"","California Skunk"
018NY6XC00VTFH3P6NWMF6M4KR,"","California Sour"
018NY6XC00VTX6M4D2E2SSVC2B,"","California Special"
018NY6XC00VTBN4CBVDCKDVPVX,"","California Sunrise"
018NY6XC00VTNHJC0NF7Y0PBQ8,"","California Wildfire"
018NY6XC00VTDNJR0W81NFQ20V,"","Cali Gold"
018NY6XC00VTHFVPFBSFZ6FTVG,"","Calihari Kush"
018NY6XC00VT446H6MVPXNHCSF,"","Cali Hash Plant"
018NY6XC00VTEXHHJ8TK0QFD1J,"","Cali Jack"
018NY6XC00VT5NWDYBX6WQ8PG5,"","Cali Jack (Bubba Jack)"
018NY6XC00VT5S172K3CB9NCMM,"","Cali Kush"
018NY6XC00VTZQ66ZXK27QVT7G,"","Cali Lavender"
018NY6XC00VTADQYQSW0W24PQS,"","Cali Miss"
01E7BXYJ2NVHVWJ1C5JQWY6PY1,"Sativa/Indica","Calio"
018NY6XC00VTA6CZ914M0Y6TZZ,"","Cali-Om"
018NY6XC00VTAX8M930V277KR9,"","Cali Orange"
018NY6XC00VTK69R8B7EAMZ50W,"","Cali Orange Bud (C.O.B.)"
018NY6XC00VT3CAXF5MK87HPHT,"","Calio S1"
018NY6XC00VT07AXKD556DNT64,"","Cali Quake"
018NY6XC00VTDZH67P6AH9CFCB,"","Cali Sat"
018NY6XC00VT56H78Q5TTXR9KC,"","Cali Sour D"
018NY6XC00VTWVTR0TNKAFPZ88,"","Cali Trainwreck"
018NY6XC00VTCW4VMAMAWNHZNM,"","Cali Widow"
018NY6XC00VT5424WSAH7BPKAK,"","Cali Wild Fire"
018NY6XC00VTWTCKGVWF2P5M85,"","Calizahr"
018NY6XC00VT7DP0NW5QVSTPJQ,"","Cal Jax"
018NY6XC00VTQAXCW3QCHVE5D9,"","Call Girl"
01E7BXYMKCN0Y5NE2AJFTGRV1P,"Indica","Calm 101"
018NY6XC00VTH6SDE36M7DB3W2,"","Cal Orange Bud"
018NY6XC00VTP7JN8FHTQKHKTT,"","Cal-train Wreck"
018NY6XC00VT4340QGYWJQDT18,"","Cal Train Wreck"
018NY6XC00VTE7S5MR72FH4WNZ,"","Calvin"
018NY6XC00VTGSK8DZ42JCASS4,"","Calypso"
018NY6XC00VTD1JVD3J11AA5F7,"","Calypso rose"
018NY6XC00VTKFCPNR77XFDBN1,"","Calyxxx"
018NY6XC00VT6GYKVRWXVYEXQT,"","Camael #1"
01E7BXYNYVQ3R3NQ4WD8X5RXA8,"Sativa/Indica","Camband"
018NY6XC00VTK52MSN94KQS2A2,"","Cambodia"
018NY6XC00VTDZDF9R1G5B9EAD,"","Cambodian"
018NY6XC00VTCPQ1PJZNXN9FN8,"","Cambodian Cane Weed"
018NY6XC00VTS064VY2CVJAJ9D,"","Cambodian Haze"
018NY6XC00VTWN0CEMC7W61GNB,"","Cambodian Landrace"
018NY6XC00VTD6JD8M0EMJFRSV,"","Camelot Kush"
018NY6XC00VTXFBF3VTDYMYPJR,"","camel walk kush"
01E7BYGC42EN4Z6H62P6WT45PZ,"Sativa/Indica","Camp Cinex"
018NY6XC00VTYS9GECN5TTJ00F,"","Canadian"
018NY6XC00VT2TW32TEWJ6ABRF,"","Canadian Classic"
018NY6XC00VTQ5D7344N998RV2,"","Canadian Cough"
01E7BYGCYQD5CD6NPT4MZM7QR8,"Indica","Canadian Kush"
018NY6XC00VTHYP4PY8PVZ2GTJ,"","Canadian Ruderalis"
018NY6XC00VTT91237HXN3S6YT,"","Cancer's Nightmare"
018NY6XC00VTJ9GX5WFB05SZ88,"","Candlestick Kush"
018NY6XC00VTR9CNJ7B433QFWY,"","Candy"
01E7BYGDT2B5PB5G4B4647GPZV,"Sativa/Indica","Candy Apple"
018NY6XC00VTPM0MQF8MEE67QR,"","Candy Apples"
018NY6XC00VTA88DJZSMGFA292,"","Candy Baer"
018NY6XC00VTBXKCA8DP5213JX,"","Candy Breath #9"
018NY6XC00VT8R4VDGAEVNGSXJ,"","Candy Cane"
018NY6XC00VTD2XJRJYSZQXZ4V,"","Candy Cane Brain"
018NY6XC00VTKKYKM35JKFMTKD,"","Candy Cheese"
018NY6XC00VT51X7NWA2Q7EGY8,"","Candy Chem"
018NY6XC00VTFSD5WBC6X6H9HX,"","Candy Cookies"
018NY6XC00VTP8SA4V2YTK3NFV,"","Candy Cream"
018NY6XC00VTDV8F0WHVHXBCFH,"","Candy Diesel"
018NY6XC00VTQSM08PE6HN8DVN,"","Candy Drop"
018NY6XC00VTYP25MW5CCAP5P2,"","Candy Fire"
018NY6XC00VTMDP2CKH0VMJXWX,"","Candy Jack"
01E7BYGH01Y490NVJ3SNG4CM6E,"Indica/Sativa","Candy Jones"
018NY6XC00VTM1YX7P5T0GYSXX,"","Candy Korn"
018NY6XC00VTHF67MD7ZB7WFJR,"","Candy Kream"
018NY6XC00VTVE9B7B2XH40QNP,"","Candy Kush"
018NY6XC00VTJVR5V77PCJDW69,"","Candy Kush Express"
018NY6XC00VTS8P9VW2N1SW6S7,"","Candyland"
01E7BYGKJ1J4GFE15BHXJYQ5XT,"Sativa/Indica","Candyland Cookies"
018NY6XC00VT3DGCFE442W6WA9,"","Candyland (Grandma's Batch)"
018NY6XC00VTEDY4Z2T59RNZDC,"","Candyland/Kush Dream"
018NY6XC00VTHNJVDRCNBCXRX3,"","Candyland OG"
018NY6XC00VTS3QSKFFCJS1RH6,"","Candyland V2"
018NY6XC00VTQESBTFK268WTVH,"","Candy Lemon OG"
018NY6XC00VTGK7VYXWSBSW6A7,"","Candy Magic"
018NY6XC00VTX3YE2JYJ1FN03C,"","Candy Mountain"
018NY6XC00VT57N13QF2HXBE8D,"","Candy OG"
018NY6XC00VTDHE7WXWD07WC2S,"","Candy Skunk"
01E7BYGMRKQFYJ8A35YZK29PTS,"Hybrid","Candy Store"
018NY6XC00VT5YPJD38GBESQRY,"","Candy Wreck"
018NY6XC00VTJVBX6G3JYTA343,"","Canela"
018NY6XC00VTYB4PZ35DAC34A4,"","Cannabarbital"
018NY6XC00VT8XSX34G5YHK5QB,"","Canna Berry"
018NY6XC00VT2H7DSHVJWSQ3BD,"CBD","Cannabidiol A"
018NY6XC00VTBECY0JYJPPF0CK,"CBD","Cannabidiol B"
018NY6XC00VTCGFGT9HT6858RB,"CBD","Cannabidiol C"
018NY6XC00VT45Z7N89XYV9HZ6,"CBD","Cannabidiol D"
018NY6XC00VTV9SWH57JKHTFPA,"CBD","Cannabidiol E"
018NY6XC00VTGBBC1ZXV9KE5Z8,"","Cannabis Chinensis"
018NY6XC00VT5AE2PK158YK6RP,"","Cannabis Sativa Slang"
018NY6XC00VT80Z1NMCZYS03SS,"Indica","Cannaden"
018NY6XC00VTXYB0D6P11015JX,"","Cannadential"
018NY6XC00VTY75ZYB5J1YKPNC,"","CannaLand"
018NY6XC00VT0CKMZAJA293PN1,"","Cannalope AK"
018NY6XC00VTM30K2HV8H0M13W,"","Cannalope Haze"
018NY6XC00VTPKGTM06PK0FJWJ,"","Cannalope Kush"
01E7BYGSX5A4SESQF3TTMMWABK,"Sativa/Indica","Cannaman Coffee"
01E7BYGTRKYHNWPDGYR2R15MSA,"Hybrid","Cannastar Og"
018NY6XC00VTSBG91XPG0VTQHQ,"","Cannasutra"
018NY6XC00VTZ43M92XZHXY8RR,"","CannaSutra (Canna Sutra)"
018NY6XC00VTS864HAZZ1NP94B,"","Cannatonic"
018NY6XC00VT69EMXMN3BHAZQ5,"","Cannatonic #7"
018NY6XC00VT3N7X9HJVYQJZRW,"","Cannatonic / Blue Dream"
018NY6XC00VTNQCV6CEST5SZGW,"","Cannatonic / Bubba"
018NY6XC00VTKNZ8PFM2ZBM7SW,"","Cannatonic C10"
018NY6XC00VTSFPMNN13Q0G3QX,"","Cannatonic C6"
018NY6XC00VTGVA9XEQTDD82NH,"","Cannatonic GAL298"
018NY6XC00VT9F87ZZ7N18MWVA,"","Cannatonic GAL336"
018NY6XC00VTFJBX97S4990JFD,"","Cannatonic GAL5903"
018NY6XC00VTJ201SP01AEJ1E9,"","Cannatonic GAL6025"
018NY6XC00VTP0HDEXTYM01HT3,"","Cannatonic GAL6144"
018NY6XC00VTNP61M8C2SWAHFG,"","Cannatonic GAL6193"
018NY6XC00VT5JBEN672VRXB4C,"","Cannatonic GAL6590"
018NY6XC00VTGW4RF96T410YKN,"","Cannatsu"
018NY6XC00VT92PCYQFPZ4X0GX,"","Canna-Tsu"
018NY6XC00VTDV1GEN0C9VK6T7,"","Cannatsujah- 1"
018NY6XC00VT2QA0TDEF1DJQQS,"","Cannatsujah- 10"
018NY6XC00VT81W0GT57GPYCX5,"","Cannatsujah - 13"
018NY6XC00VTFP16MXHVK7RK7C,"","Cannatsujah - 4"
018NY6XC00VT8FVHN5EJDSQ7CC,"","Canna Wreck"
018NY6XC00VT9S28BX578H5WSX,"","CannonBall Express"
018NY6XC00VTD82VAPEKBPQR9J,"","Cantaloupe Skunk"
018NY6XC00VT7HTF9RTDVV698F,"","Cantelope"
018NY6XC00VTP1EY70J8JBSCYS,"","Caper Dawg"
018NY6XC00VT1BV1Z3RBFRZ4VK,"","Capers"
018NY6XC00VTZXRZQ0NWEC3MQ4,"","Capital City Diesel"
018NY6XC00VT5KEX5D40K86AGB,"","Capleton"
018NY6XC00VTR74XS9FBGP54K6,"","Cap'n Jazz"
018NY6XC00VT8SEMHHX12ZXSPN,"","Cap OG"
01E7BYGZQD7G2RBWRN96QF89G3,"Hybrid","Capone"
018NY6XC00VTQV6SXPGQ728VNF,"","Cappucino"
018NY6XC00VTWHN8DMFTY2Z792,"","Capricho"
018NY6XC00VTTFVK06A27FMNYA,"","Captain American OG"
018NY6XC00VTSVXJ5C11BZNRK5,"","Captain America OG"
018NY6XC00VTQ5TTVH61E12RFY,"","Captain Cook"
018NY6XC00VTQ4P6V6W32WSJYW,"","Captain Crunch"
01E7BYH2F211P7TW4ACXMMYMFH,"Indica/Sativa","Captain Crypt OG"
018NY6XC00VTWEJ12GX05843SD,"","Captain Jack"
018NY6XC00VTFHV5DA4K0SCDK6,"","Captain Krypt OG"
018NY6XC00VTSZDZ65WFCEG0HC,"","Captain Kush"
018NY6XC00VTGX0NVWCBQ9JX8Z,"","Captain's Cake"
018NY6XC00VTN6BJKA1WNJD2CQ,"","Captains Candy"
018NY6XC00VTH0AWP9PCSPYHN6,"","Captains Cookies"
018NY6XC00VT4DZFZW67MND09Z,"","Captains Tangie"
018NY6XC00VTXJQS4JKZP6137G,"","Caramel"
01E7BYH536CVVRY0CJP2A050KD,"Sativa/Indica","Caramel Cake"
018NY6XC00VTFWX2X1YA21YHGF,"","Caramel Candy Kush"
018NY6XC00VTF6PAS7RA423VD1,"","Caramel Cough"
018NY6XC00VTFD11V8A2QM4ANC,"","Caramelicious"
018NY6XC00VTXHZ1EKC539PJ3V,"","Caramel Kona Coffee Kush"
018NY6XC00VTFXWGTJ2G26690B,"","Caramel Kush"
018NY6XC00VT494X2QV6910FXX,"","Caramella"
018NY6XC00VT9F9A34Y4ZCZXQK,"","Caramelo"
018NY6XC00VTYGP4QH8DQM0Y1Z,"","Caramel OG"
018NY6XC00VT4Z8GMNDQH2TRF4,"","Cardona Kush"
018NY6XC00VTKRN653WXEGB2W1,"","Caregiver"
01E7BYHQX6VGDCW2AM47VMG813,"Indica/Sativa","Caribbean Cooler"
018NY6XC00VTR9Q0EPG2AZ2HV9,"","Caribbean Crush"
018NY6XC00VTAJ17EYWRRA89VJ,"","Caribbean Dream"
018NY6XC00VTPES1Z7PM462AXT,"","Caribbean Landrace"
018NY6XC00VTDG47WQQSQSXWBX,"","Caribe"
018NY6XC00VTG6F4DAFZPN0ZE3,"","CarJack"
018NY6XC00VT3WSHKD9T3T13CN,"","Carl Sagan"
018NY6XC00VT1YTHWRNQ6739HW,"","Carlsbad Caverns"
018NY6XC00VTH89H1K2WG9G5BG,"","Carmagnola"
018NY6XC00VTVPAK8PV90CEGNW,"","Carmelo"
018NY6XC00VTD45DE4P2Y3CQCF,"","Carnage"
018NY6XC00VT35F7311QKXE543,"","Carnival"
01E7BYHVQFE210KF1BQZWVMH4D,"Hybrid","Carpet Tape"
018NY6XC00VT1CC4X060QF3685,"","Carrot Cake"
01E7BYHWJ50C6DPMQXCFG5CPBJ,"Indica/Sativa","Casablanca"
018NY6XC00VT87E1ZTAN26TZN1,"","Cascade Connie"
01E7BYHXXECAVSAVQGAMGVZV5X,"Hybrid","Cascade Cookies"
018NY6XC00VTCMF6F16A813103,"","Cascade Delight"
018NY6XC00VTMSJ7WCF27RF0HR,"","Cascadia"
018NY6XC00VT8M2R3V9PSAVJME,"","Cascadia Kush"
018NY6XC00VTHAR02HW8JDNRF1,"","Cascadian Frost"
018NY6XC00VTDR5YG8FNZ3JQD0,"","Casey Chocolate Thai"
018NY6XC00VTDXWGQE5R5AJC83,"","Casey Cookies"
018NY6XC00VTERBQVGZ7BCD3N7,"","Casey Jones"
018NY6XC00VTKHYDCXPKYG2GD9,"","Casey Quantum"
018NY6XC00VT689TM1HW5RMTXC,"","Casey's Dawg"
018NY6XC00VT5ZX26ZC2AM4HSG,"","Casey's Dream"
018NY6XC00VTVW517EKZ5RGTPM,"","Cash"
018NY6XC00VTSWRQVP0YYCTA4R,"","Cash Croppa"
018NY6XC00VTBEM8M4MVXZCQBF,"","Cashey's Honey"
018NY6XC00VT4XAR2FMJQ2PR1D,"","Cash Kush"
018NY6XC00VT2361W4BAHWSQGD,"","Cashmere"
018NY6XC00VTYQB7EETW0FCY44,"","Cashus Clay"
018NY6XC00VTY3HH0F4P6SV33X,"","Casino"
01E7BYJ432XEN89QWXYWH5B1Y7,"Indica/Sativa","Casino Kush"
018NY6XC00VTTFYBFB8VNHN7KN,"","Casper OG"
018NY6XC00VT86Y8TBFAKVKZTG,"","Cassius"
018NY6XC00VTD60QYYBKQK0ZZS,"","Catalyst"
018NY6XC00VTDDPV9BS561S21F,"","Cataract 2.0"
018NY6XC00VTS3NWTWMMCTKT2J,"","Cataract Kush"
018NY6XC00VTGDPSAAR19H9ASQ,"","Catatonic"
018NY6XC00VTB6VTBMTQHK5YDG,"","CATATONIC (AC/DC)"
018NY6XC00VT67NN3KC6VD7Q7N,"","Cate Harrington"
018NY6XC00VTBSBFBRJ7C1MMJ4,"","Catfish"
01E7BYJ7S250WZ3F1507DEPF4F,"Hybrid","Catholic School Girl"
018NY6XC00VT20WYA6G8F83ASY,"","Cat Piss"
018NY6XC00VT6CDQ1SPQW3WCTT,"","Caveman Chem"
018NY6XC00VT72GDW2ZS9F4NS8,"","Caveman Kush"
018NY6XC00VT53FVNJ82KNNJEK,"","Caveman OG"
018NY6XC00VT6TWE3HTP3HF2TK,"","Caviar"
01E7BYJA9S19JHPXHZQYG3NGH6,"Hybrid","Caviar Gold"
01E7BYJB2JGGR2K2EXDBSFH5P7,"Hybrid","Caviar Silver"
018NY6XC00VTBR7PW19JY1QYG5,"","CazBerry"
018NY6XC00VTM6B9VQ0S2NDCBH,"","CBcanD"
018NY6XC00VTNTT3QRGX1SYJCG,"","CBD 3 Districts (CBD 3D)"
018NY6XC00VTQY88P4SRDVPE0V,"","CBD Amnesia SSH"
018NY6XC00VTYF2JK6RMS1SM16,"","CBDank"
018NY6XC00VTGN4089QA3HVA04,"","CBD Blue Shark"
018NY6XC00VTJFJACNG1054KC5,"","CBD Bomb"
018NY6XC00VT8TMVG0E261F8YN,"","CBD Critical Cure"
018NY6XC00VT4T0AAMGG35ASH9,"","CBD Critical Mass"
018NY6XC00VTQTEYAA56V6FHC1,"","CBD Divine"
018NY6XC00VTDZV28JZR4G5DSM,"","CBD Girl Scout Cookies"
018NY6XC00VTC9WP0HYZMXKZ7Q,"","CBDGOG"
018NY6XC00VTNYX6C3TG566YK5,"","CBDI AC/DC"
018NY6XC00VTEQME49HAP6XG2K,"","CB Diesel"
018NY6XC00VTPZ9374Z0HJH5QB,"","CBDiesel"
018NY6XC00VTNPZB3N8VP21P3E,"","CB Diesel Cheese"
018NY6XC00VTESGTC7MBET4S67,"","CBDiva"
018NY6XC00VT9EKM8C1XSP9B5A,"","CBD Jack"
018NY6XC00VT034GZ6VHMR9RHK,"","CBD Kush"
01E7BYJD0G8QBQ955FK26GMEVH,"Indica/Sativa","CBD Lemon Potion"
018NY6XC00VTWDSB2C2DMAMS11,"","CBD Lilly"
018NY6XC00VTGV98Y0QHA5GBMM,"","CBD Mango Haze"
018NY6XC00VTRWMHHSJSDWNFKX,"","CBD MediHaze"
018NY6XC00VTZ7NA0446Z9ZSEG,"","CBD Melons"
018NY6XC00VT1FKC3RGQAMV952,"","CBD Noodle"
018NY6XC00VT54H60WCX8ZJW0W,"","CBD OG (Cali Connection)"
018NY6XC00VTDC8HGQ3JG3MP39,"","CBD OG (CRAFT)"
018NY6XC00VT6RGDMEH1B8X2ZA,"","CBD OG Kush"
018NY6XC00VTPRD7KXBHDTXDMW,"","CBD OX"
018NY6XC00VTDTM5GAZ1V7QC5W,"","CBD Pure Hazeling (CBD PH)"
018NY6XC00VTZXF2F36Z6NQYQM,"","CBD Rich Blessing"
018NY6XC00VTXDXVX0KK88SM0M,"","CBD Shark"
018NY6XC00VTV2KFGGPM1KF5QE,"","CBD Shark Shock"
018NY6XC00VTBEA99HN831VH5M,"","CBD Skunk Haze"
018NY6XC00VT7N4NW6PNV9ANC1,"","CBD Strain"
018NY6XC00VTERRCAQ63KZBZ3A,"","CBD Sweet and Sour Widow"
018NY6XC00VTKC3MX8NJY2EJYY,"","CBD Therapy"
018NY6XC00VTVGHYHAERCV6ZYZ,"","CBD Versace"
018NY6XC00VTQTDC7533SQYPTZ,"","CBD Yummy"
018NY6XC00VTAJPPF7BGX3JQZD,"","CCSA Private Reserve OG #1"
018NY6XC00VT692YJ5N8SKFFT0,"","CDSR 2012 ECW"
018NY6XC00VTFCBM15AVQFKYXQ,"Hybrid","Celadon"
018NY6XC00VTR8ENQMAA9P168W,"Indica","Celenatone"
018NY6XC00VTA1FCF8XHSHYTMN,"","Celestial Temple Sativa"
018NY6XC00VT3Z6GTQ53X5Q2Y5,"","Cello Sweet OG"
018NY6XC00VTD04VZQ8V4PCX1S,"","Celtic Passion"
018NY6XC00VTZBZNDZYDME0ZZ3,"","Cement Shoes"
018NY6XC00VTWASWYHY9SVQ0GS,"","Cenarius"
018NY6XC00VT4FZCYJKS3VT3YF,"","Cenax"
018NY6XC00VTMKH0CFT47VF3KZ,"","Cenex"
018NY6XC00VTRW34047KWV5Q9J,"","Center"
018NY6XC00VTWMRWXMEMRD5VME,"","Central American"
01E7BYJKKN8QECXGS2YA0N3AEG,"Sativa/Indica","Central Valley Kush"
018NY6XC00VT1Z9QJGFKWNWNTA,"","Cerberus"
018NY6XC00VT51B1DNXJN4G9YK,"","Cereal Killer"
01E7BYJMCE9BHJS442PGJ2R08X,"Hybrid","Cereal Milk"
018NY6XC00VT2JV6176NXCN8Y7,"","Cerebro Haze"
018NY6XC00VTXFJ7DPGA8ZYQ0H,"","Ceres Kush"
018NY6XC00VT8B35YEGK2F24YY,"","Ceres Skunk"
018NY6XC00VT673JKR2FJ3J5NA,"","Cetme"
018NY6XC00VTEJ48EMVMWS7Y3J,"","CGC XJ-13"
018NY6XC00VTH35JAHP31VSPTB,"","CH9"
018NY6XC00VTZZ080T9R4BA4AF,"","CH9 Flower"
018NY6XC00VTCDPJPZWCRSCERJ,"","CH9 G Bolt"
018NY6XC00VTG39SX31GR8793A,"","CH9 Jack 33"
018NY6XC00VTXR44KRHBEG07FV,"","Chairman Chem Sou"
018NY6XC00VTW96MAFAQNPQX9G,"","Champagne"
018NY6XC00VTXQV5GW0RJZD1T2,"","Champagne Cookies"
018NY6XC00VT7Q79K0C8YE0V2W,"","Champagne Diesel"
018NY6XC00VT6WYH55V7Z32JZ9,"","Champagne Kush"
018NY6XC00VTN9PG3TZM4MTZ4W,"","Champagne (Reeferman)"
018NY6XC00VTAF4JWZQWG6ZAHH,"","Champagne Sherbert"
018NY6XC00VT90Q8A4Z3FKV23G,"","Champagne X"
018NY6XC00VTWSYVA151MWPFJS,"","Chanel #5"
018NY6XC00VT71XK070H8C987Y,"","Chanel No. 5"
018NY6XC00VTR35T3JZJQTCCJB,"","Changxin Dao"
018NY6XC00VT2NHPS3PEPER7AE,"","Channel+"
018NY6XC00VT96FX8WZTMXAZWR,"","Channel 2"
018NY6XC00VT134K0B974SEV1J,"","Chaos Kush"
018NY6XC00VTGNN5V4G79QSMDQ,"","Charas"
018NY6XC00VTF2N5Q607BJKPCB,"","Chardonnay Wine"
018NY6XC00VTEAH6MAS233WYDQ,"","Charity OG"
01E7BYKMW99QDS6GVSWEEWS9HA,"Indica","Charles Cosby"
018NY6XC00VT81ED720MTREMX4,"","Charles Kush"
018NY6XC00VTEAEJJ3TBYHNYKS,"","Charlie Girl"
018NY6XC00VTB9BXW384ARKQK9,"","Charlie Murphy"
018NY6XC00VTBAEBD43G26XV1P,"","Charlie OG Kush"
018NY6XC00VTA1C8NCH8DGFM0G,"","Charlie Sheen"
018NY6XC00VTHSX28NH9H0EY7Q,"","Charlie's OG"
018NY6XC00VTQSVK20NM0SQR8S,"","Charlottes Cherries"
018NY6XC00VTBY107BVJE66X9R,"","Charlotte's Treat"
018NY6XC00VTMP8J7M7R91K791,"","Charlotte's Web"
018NY6XC00VT7WX0Q9B5V0A568,"","Charlotte's Web GAL15771"
018NY6XC00VTTPS3YSXH7V6PC2,"","Charlotte's Web GAL5800"
018NY6XC00VTTPY76JX2Y9YDAN,"","Charlotte's Web GAL6359"
018NY6XC00VTX81JX3TPKQZSYR,"Sativa","Charudine"
018NY6XC00VT6Q013EQQY0A227,"","Che"
018NY6XC00VTGCJ66JDDPTXC4F,"","Cheddar"
018NY6XC00VTS8TPYQ8QJWCRXJ,"","Cheddar Cheese"
018NY6XC00VT5THV1Y5GGA66QJ,"","Cheddarhead"
018NY6XC00VTABN6PA2XNVE4N7,"","Cheddar Head"
018NY6XC00VT9YFN00MY454WZ1,"","Cheddarwurst"
018NY6XC00VTTFQF7QBSFSS5DP,"","Cheddarwurst 2"
018NY6XC00VTZCP3NE422QXJMD,"","Cheech Wizard"
018NY6XC00VTDS5N6T7N1BJQZQ,"","Cheese"
018NY6XC00VT5ESY2MPHG5S60A,"","Cheese #1"
018NY6XC00VTAW42GRH7SCQSA6,"","Cheeseberry"
01E7BXDBZKA3F2JB2XNWCY2W75,"-unknown-","Cheeseberry (Eskobar)"
01E7BXDB6VEQDSYMXW22FP0S1X,"-unknown-","Cheeseberry Haze"
018NY6XC00VT263B8GHA5RN0WR,"","Cheese Bomb"
018NY6XC00VT2HVG5EK2APVMHP,"","Cheese Bomb (Bomb Seeds)"
018NY6XC00VTMNBR46DFFC0DYX,"","Cheeseburger"
018NY6XC00VTQ3PFT1TNVHTECF,"","Cheesecake"
018NY6XC00VTB122Y85NCJWEAX,"","Cheese Cake"
018NY6XC00VTB16HGRCZNXCM02,"","Cheese Candy"
018NY6XC00VTXX0R2DYBJ2VKCC,"","Cheese Cookies"
018NY6XC00VTZSFBMZT9P83DC6,"","Cheese Dawg"
018NY6XC00VT8FR9E1Z7YS2209,"","Cheese Dog"
018NY6XC00VT8AKTP95T633TMV,"","Cheese Fondue"
018NY6XC00VT49Q45Z4PGQZAPD,"","Cheese (Green House)"
018NY6XC00VTKY7V7EQF26KMJQ,"","Cheese n Chaze"
018NY6XC00VTEVY0KVX4KFX2JE,"","Cheese'N'Chong"
018NY6XC00VTE8MGEZS060DJSC,"","Cheese Plate"
018NY6XC00VTYJJ17DRKFNRQ85,"","Cheese Quake"
018NY6XC00VTBVWVDFZTW4ANQ0,"","Cheesequake GAL19831"
018NY6XC00VTAKZNPSKR8Y80E6,"","Cheesequake GAL5923"
018NY6XC00VTS49GGKVQ3Y5JZF,"","Cheesequake GAL6107"
018NY6XC00VT959CWXBJ3X7AK6,"","Cheese (Royal Dutch)"
018NY6XC00VTD017J72SDE35QJ,"","Cheese Smurf"
018NY6XC00VTX1XHYV4M2KZ9P6,"","Cheesetral"
018NY6XC00VT5AHC3E2DV8Y719,"","Cheese Wreck"
018NY6XC00VTTB4SSDB2SVHT0V,"","CheeseWreck"
018NY6XC00VTSJAHCBVBE4HG1N,"","Cheesewreck 69'ers"
01E7BYKYFD9N8C46RGFEF4TXG7,"Sativa/Indica","Cheese x Chocolope"
018NY6XC00VTQTXFRJVXTY8KZW,"","Cheesey Jones"
018NY6XC00VTQ0TM5Q9H7JA9MJ,"","Cheeskaberry"
018NY6XC00VTZAGF6WJ6FTN70R,"","Cheesus"
018NY6XC00VTBTJMG9CCPXSXE5,"","Cheesy Dick"
018NY6XC00VTR4VFAN98DNVRKN,"","Cheesy Fire OG"
018NY6XC00VTQPMDH0WS05DK2Y,"","Cheesy Rider"
01E7BYM0DR7VXXA71FRVKPQ63Z,"Hybrid","Cheetah Piss"
018NY6XC00VTRFSVX73V3W0MV1,"","Cheezie Pie"
018NY6XC00VTSE82GQCEDV420W,"","Cheez It"
018NY6XC00VTMHSNESTF0NWMR0,"","Cheez Wreck (cheese wreck)"
018NY6XC00VTZB85NZPV3YV7YY,"","Chefchaouen Sativa"
01E7BYM16GXWBFKSB83ACDNBFS,"Indica/Sativa","Chef Kush"
018NY6XC00VTA61KG7N236KWBK,"","Chef OG"
018NY6XC00VTWJXTD024XPQ7PD,"","Chelumbian"
018NY6XC00VTBMM0RJ0ANFS4ZS,"","Chem3 OG"
01E7C2WMKRGGE42Y3E7RX6AGKK,"-unknown-","Chem3 x Headband"
018NY6XC00VTK6TW1RJTGVWDEP,"","Chem #4"
018NY6XC00VTV49N3X4VY3Y5PN,"","Chem 4 Alien OG"
018NY6XC00VTCSKN581A8EFM7M,"","Chem 4 GAL6027"
018NY6XC00VT7T51NPKC9N5M3H,"","Chem 4 GAL6632"
018NY6XC00VTCJDQ1GB0B3BRAA,"","Chem 4 OG"
018NY6XC00VTRRR48PGD114XT7,"","Chem4 OG"
01E7BYM2HS16G6X48H526K4TVR,"Indica/Sativa","Chem 4 X Lashkar Gah Afghani"
018NY6XC00VTFA0TSGVN7DK19Q,"","Chem 7"
018NY6XC00VTS3BYQRV9JV4B3V,"","Chem 91"
018NY6XC00VTZXCR7GM5EPSSNQ,"","Chem 91 BX1"
018NY6XC00VTNCWAZVNR3EFYWZ,"","Chem 91 (Skunk VA)"
018NY6XC00VTXYRHC7XXQXXA09,"","Chemage"
018NY6XC00VTXPAFBJ1MKG5NB4,"","Chemband Tangie"
018NY6XC00VTXZ4Q3GY2XQ85GQ,"","Chem Berry"
01E7BYM4FK55EYE0DGVBD8SASJ,"Sativa/Indica","Chem Berry D"
018NY6XC00VT2PX6QMVK9QHZHE,"","Chem Bubba"
018NY6XC00VTTJZ81VZA31E11V,"","Chem - Cheeze"
018NY6XC00VTW9647EF34DSGXP,"","Chem Choco Glue"
018NY6XC00VTBSWAKHCTJK9W25,"","Chem Cookies"
018NY6XC00VTT33ZNM5M5SFGTK,"","Chem & Crack"
018NY6XC00VTA1XXAXNBTNTAZF,"","Chem Crush"
018NY6XC00VT30BHMSXTM6BM3T,"","Chem D"
018NY6XC00VT2CKRM0B3QKV8GW,"","Chemdawg"
01E7BYM76D6TPEEFT4VGHMFVYN,"Indica/Sativa","Chem Dawg"
018NY6XC00VTXKCEJBQBSYC2PW,"","Chemdawg 1.0"
018NY6XC00VTE9Z2H89TM8D725,"","Chemdawg 104"
018NY6XC00VT7GV3NS903MW6VV,"","Chemdawg #2"
018NY6XC00VTWJ087RHQM1SY3D,"","Chemdawg #3"
018NY6XC00VTVYP2HC2HDRFZT5,"","Chemdawg #4"
018NY6XC00VTVY8M01ME5PF20N,"","Chemdawg 4"
01E7BYM8HRE1DS1X88Y12P8XDH,"Sativa/Indica","Chemdawg #4 x Alien OG Kush"
018NY6XC00VTFRMGEB9VSK5JX3,"","Chemdawg 91"
018NY6XC00VTTV0P1SBB87TQGN,"","Chem Dawg (Chemdog)"
018NY6XC00VT4ZM6NJQQR9G7XW,"","Chemdawg D '08"
018NY6XC00VTC5WXB6ZR4QAJJB,"","Chemdawg D Gold Line (Loompa's Columbian Chemdawg D F2)"
018NY6XC00VTR2J6ECVY6MSPZM,"","Chemdawg D / OG Kush"
018NY6XC00VTKNH3JWC5GBR67V,"","Chemdawg OG"
018NY6XC00VT1NKPDVHWQP1EC2,"","Chemdawg Sour Diesel"
018NY6XC00VTPQ0457RKH0H7XD,"","Chem Dawg Special Reserve"
01E7BYM9AFA91GEF54SXEZA8FP,"Sativa/Indica","Chemdawg's Sister"
018NY6XC00VTHVYRXZKAE87P00,"","Chem Daze"
018NY6XC00VTS6FRDRZGA3RVKP,"","Chem D BX3"
01E7BYMANS58M0KJABP0VY8QQ2,"Indica/Sativa","Chem D Cookies"
018NY6XC00VT7WX0TEW5P92CNV,"","Chem DD"
018NY6XC00VT0QBN7CN8Y3ET9H,"","Chem Diesel"
018NY6XC00VTH86KKZ2XCGQFA2,"","ChemDog"
01E7BYM5TYNKSHQ5HJH45CA748,"Indica/Sativa","Chem D.O.G."
018NY6XC00VTNKV01YGTJ9EP8Z,"","Chemdog D BX #1"
018NY6XC00VTENM4F0HYMDF5AN,"","Chemdog D BX #2"
018NY6XC00VTWTZ8QWRTDV9Q6Z,"","Chemdog D Kush"
018NY6XC00VT1EFQY1XN2BD9S0,"","Chemdog Double-D"
018NY6XC00VTDGY2ZSBV03H8BT,"","Chemdogging"
018NY6XC00VTN27507PK3QQ9TW,"","Chemdog Haze"
018NY6XC00VT7MBEKF4HJTWFMK,"","Chemdog-Sour Diesel (Elite Seeds)"
018NY6XC00VTDFZ90Q9153ZJNB,"","Chemdog Sour Diesel (Snowman)"
018NY6XC00VTW9ZHVEZ7X532YK,"","Chem Dream"
018NY6XC00VT2KCYSDKGC69HN3,"","Chem Fire"
018NY6XC00VTCTPBKRX23CX0C8,"","Chem Fruit"
01E7BYMDRY65449EQQ97T4VF0A,"Hybrid","Chemfuffle"
018NY6XC00VTTZZXRZVRBFQ44S,"","Chem Garlic"
018NY6XC00VT9M1BKWJF7X18PR,"","Chem Glue"
01E7BYMEHQK7Y4ZFNQT0DBAZHX,"Sativa/Indica","Chem Goji Og"
018NY6XC00VTNERQFBFWEMXH9T,"","Chemgos"
018NY6XC00VTTAP6NDWHDR499G,"","Chemhawg Kush"
018NY6XC00VT77R8ADRH9JGEK1,"","Chemhaze Diesel"
018NY6XC00VT7BGEKNJ6WCK7P4,"","Chem Haze Sour Diesel"
018NY6XC00VTNBYZRFP2E9BV8G,"","Chemical Burn"
018NY6XC00VT3AB7D59EZ60JKB,"","Chemical Cookies"
018NY6XC00VT4KQWNW937KCBF1,"","Chemical Flo F1"
018NY6XC00VT5RWPZEQS2Q3SQT,"","Chemical Weapon"
01E7BYMFAHBX73VCHGKGE1A7T8,"Indica/Sativa","Chemical Weapons"
018NY6XC00VTNAPV499MVKBV88,"","chemist OG"
018NY6XC00VTWKFW5NWP3GPNVC,"","Chemistry"
018NY6XC00VTMKAHZBKXQKN3W6,"","Chem Jack"
018NY6XC00VTZK1QJJXV07DXYG,"","Chem Jones"
018NY6XC00VTTE5GRG11E9DQ03,"","Chem Jong Ill"
018NY6XC00VTBT9TYJHKD5F7H9,"","Chemkaberry F1"
01E7BYMHV4R7Q5RTC6T9KQZPZ2,"Indica/Sativa","Chem Kesey"
018NY6XC00VTR7N589KC6Y05H1,"","Chem Kush"
018NY6XC00VTJCA31M9DY8A4PC,"","Chemmando"
01E7BYMJKWNPN5KVKR3MG657FQ,"Indica/Sativa","Chem Mint Cookies"
018NY6XC00VTZ1HQ43H6PC1FW4,"","Chemmy Jones"
018NY6XC00VTVJED7WNWG9DWVM,"","Chemnesia"
018NY6XC00VT1PQV4JP5N4SNA1,"","Chemnesia (Fire Cut)"
018NY6XC00VT5XJGZAQM88VFFG,"","Chem n Tonic"
018NY6XC00VTCRXCS90WFGMR1P,"","Chemo"
01E7BYMN4DEHCEJ50SAHM21ASQ,"Indica/Sativa","Chemodo Breath"
01E7BYMNX5BHQQM16FRR124F79,"Sativa/Indica","Chemodo Dragon"
018NY6XC00VT0MMZ7BP21W345D,"","Chemo Grizzly"
01E7BYMPNYWFWQ2FFM9GCB6HSK,"Indica/Sativa","Chemong"
018NY6XC00VTBNTTGZ01C38QHS,"","Chemota Dragon"
018NY6XC00VT6K7M2H1XBR05NV,"","Chem Ox"
018NY6XC00VT8PW10PF22P1013,"","Chem Poison"
018NY6XC00VTQT2042K4H4T2GZ,"","Chem Scout"
018NY6XC00VT4007122218HDW4,"","ChemShishter F1"
018NY6XC00VTJ6Z5B1DA8M91SS,"","Chem Sis"
018NY6XC00VTHS2KCS22JFFPBP,"","Chem Soda"
01E7BYMRKZYKH0PRR24DVD0CG8,"Sativa/Indica","Chem Sour Blueberry Snow"
018NY6XC00VT4FXAEQVG5M9NMS,"","Chem's Sister"
018NY6XC00VTYXX13SP16MGPZ5,"","Chem Stardashian"
018NY6XC00VTBECGPR3ET6WZCF,"","Chem Tange"
018NY6XC00VTENEYJSTNE2VF1K,"","Chem Thai"
018NY6XC00VTATX99J1HCCPVZE,"","Chem Toffee"
018NY6XC00VTW0RZW59ENKGQWC,"","Chem Trail"
018NY6XC00VTAQ1JN34N05VZH4,"","Chem Trails"
018NY6XC00VT0VF2NJWGEEER57,"","Chem Urkle 2"
018NY6XC00VTWMQXJ0P0KW6BD1,"","Chem Valley Kush"
018NY6XC00VT09T7VB8CCYFR8A,"","Chem Willie"
018NY6XC00VTFWJAWS90RS7Q6Q,"","Chem Wolf"
018NY6XC00VT5V8BKT7VHMK9WN,"","Chemwreck"
018NY6XC00VTG08X363K51D8ZQ,"","Chem Wreck Haze"
018NY6XC00VTD1P98VHYJYD2HQ,"","Chemwreck Kush"
018NY6XC00VTZERV8HBTQNNGN8,"","Chemzilla"
018NY6XC00VTJX88KS43CFYTKM,"","Chemzilla Grape"
018NY6XC00VT94DH2T2ZPN7RA6,"","Cherish"
018NY6XC00VTSS79M4SD6C4FDE,"","Chernobyl"
018NY6XC00VTHXWP5CP8FJFE4G,"","Chernobyl GAL19817"
018NY6XC00VTVQV3TFW85Z6Y2B,"","Chernobyl GAL19828"
018NY6XC00VTHZE3THAX7K03FC,"","Chernobyl GAL354"
018NY6XC00VTHG35RF0WF3KTEE,"","Chernobyl GAL5988"
018NY6XC00VTPBXDMZQJ18KC43,"","Chernobyl GAL6378"
018NY6XC00VTXA1X4K5DYXSHQG,"","Chernobyl Queen"
018NY6XC00VTBYCXSGTEBT0N2C,"","Chernobyl Thai"
018NY6XC00VTSCXYVHWHMXKAQ9,"","Cherries Jubilee"
018NY6XC00VTE47N3QE93W0WQG,"","Cherriot"
018NY6XC00VTKP9APD6E5ZF9P1,"","Cherry"
018NY6XC00VTZM0X90M6AGK13W,"","Cherry #7"
018NY6XC00VTCQND6NMC030YA1,"","Cherry Affie"
018NY6XC00VTZV5K6QR8E7FFDN,"","Cherry Afghan"
01E7BYMYM4TQFZZ72Q6G136JNC,"Indica/Sativa","Cherry Afghani"
018NY6XC00VTFTSW5CZ9N2MA0B,"","Cherry AK-47"
018NY6XC00VT1KN1H9KAHSG70S,"","Cherry AK Affie"
018NY6XC00VT054D2J5EDHP22T,"","Cherry Alien (Alien Pi)"
018NY6XC00VTXPT6495QSZ2B9Z,"","Cherry Alien Dawg"
018NY6XC00VTSMZNW4WKXH42RK,"","Cherry Assassin"
018NY6XC00VT6RDMY1CD1EHEK2,"","Cherry Berry"
018NY6XC00VTPTB22QJQB8R2XX,"","Cherry Blossom"
018NY6XC00VT0HA59272SKG76Z,"","Cherry Blossom Kush"
018NY6XC00VT667X9TWCKAP4AA,"","Cherry Bomb"
018NY6XC00VTVA9FY1ZGK2FYCF,"","Cherry Bomb #2"
018NY6XC00VTRKZQ47Z6M73QP7,"","Cherry Bomb (Bomb Seeds)"
018NY6XC00VT2Q2391SRS51F49,"","Cherry Bomb II"
018NY6XC00VTMS5RTXPME2R668,"","Cherry Bomb Sativa"
018NY6XC00VTQCE8T74ECHTQ87,"","Cherry Bomb V2 (SoCal)"
018NY6XC00VT4GP8HBBZGN5X17,"","Cherry Bubba"
018NY6XC00VTFXCTNSYQETKCSD,"","Cherry Bubba Kush"
018NY6XC00VTJ6P7V3JYPSGP6A,"","Cherry Cake"
018NY6XC00VTJB8ES1NR6M1GSE,"","Cherry Candy OG"
018NY6XC00VT1YGWRST6PPK5GX,"","Cherry Charlotte"
018NY6XC00VTSZA1WCTDPMM5WZ,"","Cherry Cheese"
018NY6XC00VT9J2SWKKX2Q84MD,"","Cherry Cheesecake"
018NY6XC00VTAJV65FM2TTHB23,"","Cherry Chem"
018NY6XC00VTZRZMMREP5266ER,"","Cherry Chernobyl"
018NY6XC00VTJXFHX9N0BYBQRK,"","Cherry Chocolope"
018NY6XC00VT9S5VGEPBR5JPB1,"","Cherry Chunky Malawi"
018NY6XC00VTZXZA2YS15YRDTN,"","Cherry Cola"
018NY6XC00VTQMC48HTYJ5K00H,"","Cherry Cola OG"
018NY6XC00VT5V7DDBPAX3MT61,"","Cherry Cookie"
018NY6XC00VTW2TK7XY95FWKE2,"","Cherry Cookie Budlets"
018NY6XC00VT4XZ2DHCXB85PG4,"","Cherry Cookies"
018NY6XC00VTT8DKT6NZ35WCWX,"","Cherry Cookies F2"
018NY6XC00VTBHJ7JHMC5M6K9D,"","Cherry Cough"
018NY6XC00VTXPD4518JDQYVB0,"","Cherry Cough Syrup"
018NY6XC00VTTH47YF4C827W21,"","Cherry Cream"
018NY6XC00VTGX1P2SNY6BNBWH,"","Cherry Cream Pie"
018NY6XC00VTGYX2XS9RPD13WZ,"","Cherry Cure"
018NY6XC00VT5E2BG9WQB5QCMR,"","Cherry Darling"
018NY6XC00VTY9JV2EXJ36CQM7,"","Cherry Dawg"
018NY6XC00VTX3G5XY0YSYWTTS,"","Cherry Diesel"
018NY6XC00VT3BY9F3HTRY37RV,"","Cherry Dog"
018NY6XC00VT0WFT2XEYRBJJTN,"","Cherry Donuts"
018NY6XC00VTXMFG1R88R1QWGQ,"","Cherry Dooku"
018NY6XC00VT1KNP79SSGJ1S15,"","Cherry Dream"
018NY6XC00VTXSA6V1VTM4JFZ7,"","Cherry Drop"
018NY6XC00VTGFA7N4A4C7E6V0,"","Cherry Durban Poison"
018NY6XC00VT3EDN7HF5MWJ576,"","Cherry Electra"
018NY6XC00VT9ZWTRK74836S7T,"","Cherry Fire"
018NY6XC00VTZBDZHC47Q63DPP,"","Cherry Fire Pie OG"
018NY6XC00VTA123RKHGSCNNPZ,"","Cherry Frost"
018NY6XC00VTE8R8QXE4RSJC3A,"","Cherry Fuel"
018NY6XC00VTXYMR6F0QX4EHP1,"","Cherry Funk"
018NY6XC00VT4CGNKB2V3B5R52,"","Cherry Garcia"
018NY6XC00VT0Z5PE2EXVRN1Z6,"","Cherry Garcia Band"
018NY6XC00VTWAPNZGHQV0B8CS,"","Cherry Garlic"
01E7BYN9WH5N9VD29GNDQTWVK0,"Sativa/Indica","Cherrygasm"
018NY6XC00VTRBTRMSRB5H4A2C,"","Cherry Gasm"
018NY6XC00VTWNYZPT0BJGE424,"","Cherry Ghostdawg"
018NY6XC00VTKTQ5XF65E1CYQD,"","Cherry Gorilla"
018NY6XC00VTE4PMWFE2KDSCE1,"","Cherry Grapefruit"
018NY6XC00VTPWN61DMZ9AYZB1,"","Cherry Hashplant"
018NY6XC00VTMFZFTXXM11J5MV,"","Cherry Haze"
018NY6XC00VT8JB13V93JXJVA5,"","Cherry Headband"
018NY6XC00VTSDGNYYRMTSHAA3,"","Cherry Herer"
018NY6XC00VT8T47EZ30J9ATYN,"","Cherry Hindu Perfect"
018NY6XC00VTT6HTYC4BVF3351,"","Cherry Kandahar"
01E7BYNBTJAN8Y17NW8CMZ43F7,"Hybrid","Cherry Kiss"
018NY6XC00VTM367PCJ0W71XF8,"","Cherry Kola"
018NY6XC00VTDQWJGF5CAQARN2,"","Cherry Kush"
018NY6XC00VTAQ73JJ54R4HE30,"","Cherry Larry"
018NY6XC00VT1NYJP9VV0XN11C,"","Cherry Legend"
018NY6XC00VTR3YY4NCG6P3MC1,"","Cherry Lemon Larry"
018NY6XC00VTGAQA1M5SC1DA8B,"","Cherry Lights"
018NY6XC00VTGNZPT4EDKB6JDK,"","Cherry Limeade"
018NY6XC00VTTRQPHHFN64AHFN,"","Cherry Lime Aid #8"
018NY6XC00VTFPT2X3KAD7E5M3,"","Cherry Lime Diesel"
018NY6XC00VTDVX5FBYJ9R9181,"","Cherry Lime Haze"
018NY6XC00VTWNY0N7C07W9D3R,"","Cherry Lime Rickey"
018NY6XC00VTE5PNRQD4MZA307,"","Cherry Lopez"
018NY6XC00VTRNV19QXQ3YT8N4,"","Cherry Magoo"
018NY6XC00VT2P1S42JS1FJJ38,"","Cherry Malawi"
018NY6XC00VTAJB78BBN39N303,"","Cherry Malawi F2"
018NY6XC00VTVED8EB4853MHAJ,"","Cherry Melon"
01E7BYNGNG2K8H1K4AZPFHZFZ4,"Indica/Sativa","Cherry Mender"
01E7BYNHE756QR5D24XAKR3ESW,"Indica/Sativa","Cherry Meringue"
01E7BYNJ79N9N9QA4M3V9PHMP4,"Indica/Sativa","Cherry Moon Pie"
018NY6XC00VTMM1S399GENNM9W,"","Cherry Mountain"
018NY6XC00VTWJ05GQHYWDN9RF,"","Cherry Northern Lights"
018NY6XC00VT98281G8GCY6ZEH,"","Cherry OG"
01E7BYNM597ACYVN6BM09MBAVV,"Hybrid","Cherry Pez"
018NY6XC00VTZXDVYBSBA3JDC5,"","Cherry Pez Livity"
018NY6XC00VT7KVM70KCGTF2AK,"","Cherry Picker"
018NY6XC00VT7R38BED4KVTVKT,"","Cherry Pie"
018NY6XC00VTFNHC9CQ3JTJKBV,"","Cherry Pie (Cherry Kush)"
018NY6XC00VT52DBRS05GPAVFW,"","Cherry Pie GAL15772"
018NY6XC00VT89X32P95G1P6Y9,"","Cherry Pie GAL6029"
018NY6XC00VTR72XDKHBXP9Z97,"","Cherry Pie GAL6486"
018NY6XC00VTTZAN3CDP3G7T8J,"","Cherry Pie Kush"
018NY6XC00VT45E19YYKTX7MMF,"","Cherry PieNapple"
018NY6XC00VTFX4K5A6XA5SE16,"","Cherry Pie OG"
018NY6XC00VTPE084NXSF8GD8N,"","Cherry Pie S1"
018NY6XC00VTKR1NKJRTXZ8GV5,"","Cherry Pi Kush"
018NY6XC00VT0JJNF6MFJZWWA6,"","Cherry Puff"
018NY6XC00VT4V3QEXE2YCP66K,"","Cherry Puff #10"
018NY6XC00VT8VGCWWKXFAY4HN,"","Cherry Sauce"
018NY6XC00VT7NPR2GN6X3V22K,"","Cherry Sherbert"
018NY6XC00VTJZCMK6ZYYVFR7P,"","Cherry Sherbet"
018NY6XC00VT36JTNZ2ZT0E9V5,"","Cherry Skunk"
018NY6XC00VT944NVD8GGDF59G,"","Cherry Sky"
018NY6XC00VTG84NATW99RASXF,"","Cherry Slyder"
018NY6XC00VT43EAVGKSA3J68J,"","Cherry Smash"
018NY6XC00VTQY2N1N984KZWHH,"","Cherry Special Reserve"
018NY6XC00VTYE9DW1GEWF94SF,"","Cherry Stomper"
018NY6XC00VT2PP11K6M9MKN9F,"","Cherry Sunday"
018NY6XC00VT7JQRA05HVYSA8G,"","Cherry Tahoe"
01E7BYNVB5KZ83QGFF2T544H6E,"Sativa/Indica","Cherry Tang"
018NY6XC00VTVDG87BM1398F2Z,"","Cherry Temple"
018NY6XC00VTXEWKVAZBDZ65P2,"","Cherry Thai"
018NY6XC00VTQ9GP6WDQKY7R23,"","Cherry Thunderfuck"
018NY6XC00VTE1N4HV87Y5W19B,"","Cherry Thunder Fuck"
018NY6XC00VT5ANFT8QE9SPV44,"","Cherry Train Wreck"
01E7BYNX97MMM6YN84VJK8QPRZ,"Hybrid","Cherry Vanilla Cookies"
018NY6XC00VTNE9XFEHW9CY688,"","Cherry Wave"
018NY6XC00VTYVB9MEF27Y55NF,"","Cherry White"
018NY6XC00VT4FNVCHT8DRNE22,"","Cherry Wine"
018NY6XC00VTDWF8EFFYYXAWYB,"","Cherry Wine GAL11075"
018NY6XC00VTTHHV149RDVQBQ9,"","Cherry Wine GAL17770"
018NY6XC00VTPZPADVAJ6VEPTA,"","Cherry Wonka"
018NY6XC00VT0TZWFZQRHFFN5Z,"","Cherry Wreck"
018NY6XC00VTKG1WQJNSNBAEVV,"","Cherry Yeager"
018NY6XC00VTF4AV8MPAC9GAN1,"","Cherwillie"
018NY6XC00VT47EZQVCQBWHFQ8,"","Cher-Willie Plant 1"
018NY6XC00VTM1DMAXSXKAXS5Q,"","Cher-Willie Plant 2"
018NY6XC00VTNXRC7SFWG8BMSC,"","Cheshire Kush"
018NY6XC00VTAY4258WJAEW595,"","Chesney Cheese"
018NY6XC00VTD6QYQK5TNZGR8N,"","Chewaka"
018NY6XC00VTVVN0NVB5R9369J,"","Chewbacca"
01E7BYP0ZB4WGV0EZSSPD1KNS5,"Indica/Sativa","Chewbacca OG"
018NY6XC00VTJ98RHGYNTJ27C6,"","Chewing"
018NY6XC00VTM8DSREC9H69789,"","Chewy Gooey Cookies"
018NY6XC00VTGSX26T1MPACG0Z,"","Chiang Mai Thailand"
018NY6XC00VTT87HF0BEXYPNM9,"","Chicle"
01E7BYP1R3F2R23MYPDDZHJQXA,"Indica/Sativa","Chi-Dawg"
018NY6XC00VT7QKX9R2AKTXCHR,"","Chief Dirty Big Toe"
01E7BYP33JPYG3Q0HWG2QXXCVR,"Hybrid","Chief Dirty Toe"
018NY6XC00VTBCEEXARJVWR5P4,"","Chief Mana"
018NY6XC00VTNB4BGY6VC3KEMG,"","Chiesel"
018NY6XC00VTP327SZ5Q5RRMG3,"","Chiesel (Cheezel)"
018NY6XC00VT5P2VAAFWT2TMZA,"","Chi Haze"
018NY6XC00VTNY0R1KDRBGETDY,"","Chile Indica"
018NY6XC00VTHM4Q6JNHM1HDBF,"","Chili Goo"
018NY6XC00VTSK60X96S8Q1H83,"","Chilla"
018NY6XC00VTRQ0C5CM2TBVW0X,"","chillberry"
018NY6XC00VTN4Y294CT0N9D4S,"","Chillberry Kush"
018NY6XC00VTEYGVVG1RH3BQ3H,"","Chill Jill"
018NY6XC00VTJG49JNXTJ2HW73,"","Chill-OM"
018NY6XC00VT01G19HF0EK1AMT,"","Chillup"
018NY6XC00VTFZ24Q4M9F3W6MB,"","Chilly Willy"
018NY6XC00VTXCPA2N2X0WGQ2E,"","China White"
018NY6XC00VTQY821ERTJKX9G7,"","China Yunan"
018NY6XC00VTD61EPAF4KVSDM1,"","China Yunnan"
018NY6XC00VTNN164Y1KT1PRGF,"","Chinese Indica"
018NY6XC00VT3VT6878Q7GH3DC,"","Chinook 21"
018NY6XC00VTVR0PD0GG0J4K33,"","Chiquita Banana"
018NY6XC00VTJDPHH1TYKM4EDT,"","Chitral"
018NY6XC00VTRAS1NGN65MF34S,"","Chitral (Dutch Passion)"
018NY6XC00VTT16XGACD33BCCR,"","Chitrali #1"
018NY6XC00VTFJQY6P4GMV69BZ,"","Chloe"
018NY6XC00VTW9V4KAJ86GZWJY,"","Choc-Matic"
018NY6XC00VTNATFPXNM6KZJB2,"","Chocoberry"
018NY6XC00VTCFAZ5P9AV9MQSJ,"","Choco Cheese"
018NY6XC00VTDRM6Q13932KSNC,"","Choco Chiba"
018NY6XC00VT4X9DZSCEEX54FP,"","Chocodurban"
018NY6XC00VTCGBW10M5RJ4NJM,"","Choco Hash Berry"
018NY6XC00VTTW4NRFJEW6B9JJ,"","Chocoholic"
018NY6XC00VT16Z1ZS77ZSK1Y2,"","Chocolate"
018NY6XC00VTAPXHMWBFMV9JJX,"","Chocolate Banana Kush"
018NY6XC00VTFEP0DRV3XBFQNH,"","Chocolate Bubba"
018NY6XC00VTY20ZHEBAES3VJK,"","Chocolate Bubba 13"
018NY6XC00VTE0YF9H38QM6BGF,"","Chocolate Bubba Jones"
018NY6XC00VT218JJYSJGT338S,"","Chocolate Candy"
018NY6XC00VT7BQ6Y980B77ATT,"","Chocolate Cherry"
018NY6XC00VTVP0VK2XZ19XX13,"","Chocolate Chip Cookies"
018NY6XC00VTRSZN0M5XCBBH9G,"","Chocolate Chunk"
018NY6XC00VTX43ND1X8QWBFQ4,"","Chocolate Chunky Munky F2"
018NY6XC00VTNFSJHEVMFH5SRS,"","Chocolate Covered Bananas"
018NY6XC00VTCEPT27KVP55JWP,"","Chocolate Covered Strawberries"
018NY6XC00VT7T4YMN209FN2X4,"","Chocolate Dead Head"
018NY6XC00VT7DRHF27FHK8KTE,"","Chocolate Diesel"
018NY6XC00VTPQRHG6D1WA89AF,"","Chocolate Dream"
018NY6XC00VTC7390MWBQK6A02,"","Chocolate Dream Cheese"
018NY6XC00VTH2BKDH57YKK4QZ,"","Chocolate Drop"
018NY6XC00VT776T888QDF3GFS,"","Chocolate Fantasy"
018NY6XC00VTFNJ9ACGVZFFT12,"","Chocolate Fire"
018NY6XC00VT0T3S8G3JPWJPNF,"","Chocolate Fondue"
018NY6XC00VTA4TZKV6G7EESHE,"","Chocolate Gelato"
01E7BYPCKQRTBYBTSQYD7ZNE5B,"Indica/Sativa","Chocolate Glue"
018NY6XC00VTWTACV6ZK4W85BD,"","Chocolate Grapes"
018NY6XC00VTDAW3ZF8XW1ZHV1,"","Chocolate Hashberry"
018NY6XC00VTHG6D582PX578EJ,"","Chocolate Hashplant"
018NY6XC00VT88PRD8M1ZDVBMY,"","Chocolate Haze"
018NY6XC00VTM0HYV2KV01N4QZ,"","Chocolate Headband"
01E7BYPEHMJG57PSP44VRB2KHH,"Sativa/Indica","Chocolate Heaven"
018NY6XC00VTGVP9B104BH8086,"","Chocolate Heaven (A)"
018NY6XC00VTTYG6MEPNT0XF51,"","Chocolate Kush"
01E7BYPFX05TH0SQH3PPPPX5DC,"Hybrid","Chocolate Lava"
018NY6XC00VTHA5KYFMEGQX7KB,"","Chocolate Lemonade"
018NY6XC00VTZKNQE9X0HY4H71,"","Chocolate Meringue"
018NY6XC00VTXSWEB7RSB5A206,"","Chocolate Milkshake"
018NY6XC00VT0M4MY6A47VQPV7,"","Chocolate MInt OG"
018NY6XC00VTYZ8VN5SZ69JJKS,"","Chocolate OG"
018NY6XC00VTW6H3V2QDPEE6HE,"","Chocolate Oranges"
018NY6XC00VT7M7110QD8ACFZH,"","Chocolate Pineapple Chunk"
018NY6XC00VTZBNGYHCJVST57P,"","Chocolate Pineapple Scout"
018NY6XC00VT0MEDJQNKQGYXWK,"","Chocolate Rain"
018NY6XC00VT9WPCBEMDGDP2TW,"","Chocolate Sap"
018NY6XC00VT90J00MFZDQXXNZ,"","Chocolate Sauce"
018NY6XC00VTQDCEPGYJGK9869,"","Chocolate Science"
018NY6XC00VTVCMAF3D1SMTEVS,"","Chocolate Shake"
018NY6XC00VT7NSHCQP1KR8YFK,"","Chocolate Skunk"
018NY6XC00VTB21BM1S373TSFY,"","Chocolate Snow"
018NY6XC00VTB8D19XW09HE40F,"","Chocolate Thai"
018NY6XC00VT9EVQDS7BN2DTWR,"","Chocolate Thunder"
018NY6XC00VTREM0GQJX2RBDXC,"","Chocolate Tonic"
018NY6XC00VTAWD1F0TYCY2F4V,"","Chocolate Tonic BX"
018NY6XC00VTQ94F7VCR89HPRZ,"","Chocolate Trip"
018NY6XC00VTZ0243M190AACSD,"","Choco Lemon Diesel"
018NY6XC00VTR13RQCGWNA504M,"","ChocoLoco"
018NY6XC00VTFNKEV40F6TSYXB,"","Chocolope"
018NY6XC00VTC4QEQSWFGFK8AP,"","Chocolope / Blue Dream"
018NY6XC00VTW7E570KPRMM71G,"","Chocolope Cheese"
018NY6XC00VT1DCJTMFX3F7SN3,"","Chocolope (D-line)"
018NY6XC00VT1TYX9C5CCNNDB3,"","Chocolope GAL6030"
018NY6XC00VTN23EWKAT9P5SER,"","Chocolope GAL6052"
018NY6XC00VT9A1P910EG1ZEH1,"","Chocolope GAL6087"
018NY6XC00VTS112RGDW4HAKYE,"","Chocolope GSC"
018NY6XC00VT294MNCTFGG1QKA,"","Chocolope Haze"
018NY6XC00VTF676J9BFMWQBZ5,"","Chocolope Headband"
018NY6XC00VTNQFX78RX580S4F,"","Chocolope Kush"
018NY6XC00VTJNWSW582EN0DWA,"","Chocolope-Skunkberry"
01E7BX8VFTAR2FZTK6S6Z6JQJW,"","Chocolopez"
018NY6XC00VTAB9DE4SWQ7WQBR,"","Chola"
018NY6XC00VT8PBXXKN8T9PRV2,"","Chongo"
018NY6XC00VT3P4CWXXR42MGT1,"","Chong Star"
018NY6XC00VTF669DRKMH0XZ81,"","Choo Choo Rhino"
018NY6XC00VTQE6ZN5X29P346M,"","Christmas Cookies"
018NY6XC00VTESY967X75F1X31,"","Christmas Tree"
018NY6XC00VT6KPX2Y8H7T008A,"","Chromatose"
01E7BYRAMZ1ZCWDHP9Y2RHQ7XT,"Indica","Chrome"
018NY6XC00VT8Z3JFKE3B05ZDS,"","Chrome Diesel"
018NY6XC00VTK6YR9WVX61W57M,"","Chromoly Kush"
018NY6XC00VT6KNX0D892BWD34,"","Chronic"
01E7BYRC0BR1CPXB57N99NWH12,"Sativa/Indica","Chronic Haze"
018NY6XC00VTMGMQHJCN49H58Q,"","Chronicle"
018NY6XC00VTAEMZPE3GFPCC10,"","Chronic Mendo"
018NY6XC00VT5GTC70MGEEX3YP,"","Chronics Revenge"
018NY6XC00VTS74424RJVC09AP,"","Chronic Thunder"
018NY6XC00VT39CB2J4F4NE436,"","Chronic Tonic"
018NY6XC00VTDJK74QGJV5JS3J,"","Chronotronic"
018NY6XC00VTVH262TNBRA4VNQ,"","CHR Super OG"
018NY6XC00VTNM8FT861Z7Q9QV,"","Chrystal"
018NY6XC00VTRZ8QGYCMFZQZ86,"","Chrystal (crystal)"
018NY6XC00VTK7X5TA751Q0SNP,"","Chuck D"
01E7BYRFPE4J0HFY1FQQ8AQHWS,"Indica/Sativa","Chuck Foot"
01E7BYRGF6N8JY9RAHJ2H4KJ1S,"Indica/Sativa","Chuckle'S Og"
018NY6XC00VTB4Q70NRR7RYB30,"","Chuck Norris Black & Blue Dream"
018NY6XC00VTG900VAKH2H47A4,"","Chucky's Bride"
018NY6XC00VT30X4FMMHR6T9DJ,"","Chulumbian Cookies"
018NY6XC00VTQY4NFH91EWM6JS,"","Chumaluma"
018NY6XC00VTMKJZENGM0JJWK5,"","Chunk 44"
018NY6XC00VTY47T1XF4Y8YMXA,"","Chunk Dawg"
01E7BYRJDFR0EJEEBH11N3M7QS,"Indica/Sativa","Chunk Norris"
018NY6XC00VT55NY8PBTBXF5ZM,"","Chunky Cheese"
018NY6XC00VT2GE5A9FTVZAJH0,"","Chunky Cherry Malaw F1"
018NY6XC00VT99FK2CW1Q4ZTDW,"","Chunky Diesel"
018NY6XC00VT816V52PY7HN0NM,"","Chunky Monkey"
018NY6XC00VT006RKSTEA0XDGY,"","Chunky Skunk"
018NY6XC00VTWNK8F7Q7GTHC5P,"","Chupacabra"
018NY6XC00VTWXYAR68MS10QJG,"","Church OG"
018NY6XC00VT6XNWA0W60HJEZN,"","Churkle"
018NY6XC00VT0KEJCTM7VZK63J,"","Chuy Purps"
018NY6XC00VTRYFVP51PFXSBDQ,"","Cindarella 99"
018NY6XC00VTFPQ0GA25JKPK5M,"","Cinderella 88"
018NY6XC00VTKXYTB7THTXZZ2X,"","Cinderella 88 (Princess 88)"
018NY6XC00VTMBH4M8QX71W2XF,"","Cinderella 99"
018NY6XC00VT78F7PYA6Y965B1,"","Cinderella 99 BX-1"
018NY6XC00VTD54NTE10JF3PQX,"","Cinderella 99 (C99)"
018NY6XC00VTTKCE1R8SZ1GW8H,"","Cinderella 99 F2"
018NY6XC00VTEBWZWVA0707XBX,"","Cinderella Blues"
018NY6XC00VTGXK0GS3FHXD3KC,"","Cinderella OG"
018NY6XC00VT3STMDWENMR53R6,"","Cinderella's Dream"
018NY6XC00VTDREMJ9E8P68AQJ,"","Cindi Dream"
018NY6XC00VTHPV61MMTX0H063,"","Cindy-99 Dream"
01E7BYRS173D56K33MAHJTS26R,"Hybrid","Cindy Haze"
018NY6XC00VT0K15CZXTSHC6AM,"","Cindy La Pew"
01E7BYRST1D3DBYX0KXVQSGYTA,"Sativa/Indica","Cindy Limo"
018NY6XC00VTPNY0KM4BAZNK7K,"","Cindy Princess"
018NY6XC00VT4JG9TFSTKB3Y1R,"","Cindy's Rhino"
018NY6XC00VTWM64SDC8MYG2MV,"","Cindy White"
018NY6XC00VTJKVK9CRB3AHFKD,"","Cinex"
018NY6XC00VTK4SCFWE3DNS1YP,"","Cinex GAL17801"
018NY6XC00VTGRNZKAS60P4WNM,"","Cinex GAL296"
018NY6XC00VT0PGPBS6FQ15HE6,"","Cinex GAL6146"
01E7BYRVR21CCYT2FGMSWVX7CE,"Sativa/Indica","Cinex Meterorite"
018NY6XC00VTJCCPB82PQ6KWG2,"","Cinnamint"
018NY6XC00VTHP2B20396RYPMF,"","Cinnamon"
018NY6XC00VTZRHFJGQKNJAYT2,"","Cinnamon Haze"
018NY6XC00VTZQVWKWY4FAHM51,"","Circus Peanut"
018NY6XC00VTXDM9N5ZRDVKH5F,"","Cirrus"
018NY6XC00VTZNAVW8DG7GH0QW,"","Ciskei"
018NY6XC00VT47CE2A37GDZWE0,"","Citadel OG"
01E7BYRY8PKXHW9T7VGQ9BWAZ3,"Hybrid","Citradelic Cookies"
01E7BYRZ1E3PYHWMTPQXVEQ0ZT,"Hybrid","Citradelic Sunset"
018NY6XC00VTCG42YWCSZBBMXA,"","Citral"
018NY6XC00VTHJ74PQXHGT8RMA,"","Citralah"
01E7BYS0CRVJW9Q4CXQQX3TC2B,"Hybrid","Citral Flo"
01E7BYS15GVT5719HXA3QFAVZ2,"Indica/Sativa","Citral Glue"
018NY6XC00VTN3M7Q5EX1H8PGA,"","Citral Hashplant"
018NY6XC00VTQGB23QJEKKGRB3,"","Citral Mass"
018NY6XC00VTY29884ZF97DZB6,"","Citral (Positronics)"
018NY6XC00VT59NN21YFA7H42B,"","Citral Skunk"
018NY6XC00VTAPA373AD2DVM4F,"","Citrine"
01E7BYS33HKT4EP8N03KG0EGCQ,"Sativa/Indica","Citrine Jack"
018NY6XC00VT8JPNXV61YBGDBA,"","Citrique"
018NY6XC00VTRZ909T8517RR36,"","Citrisoul"
018NY6XC00VT7VWK2KCBBQ4BAB,"","Citrix"
018NY6XC00VTS18WXMX3BEDSQ6,"","Citrocity"
018NY6XC00VT1SSQ3AZZWTRJ5K,"","Citro Haze"
018NY6XC00VTNRQWKF4Z4V3DA3,"Sativa","Citron"
018NY6XC00VTQRGPCJWHFN17HY,"","Citrus"
018NY6XC00VTNF14M2DSV3SMJD,"","Citrus Berry"
018NY6XC00VTMS8MJ86YVS2C82,"","Citrus Cindy F1"
018NY6XC00VT5G5VMQVTDYXB9K,"","Citrus Cookies"
01E7BYS5M9NQC2XZ49AMMS6VYP,"Sativa/Indica","Citrus Cracks"
018NY6XC00VTYXHQF4V1P6DM39,"","Citrus Diesel"
018NY6XC00VTG4B5EV1PNWPP0Z,"","Citrus Farmer"
01E7BYS7J7J5EDDXN1VKMR8FGA,"Sativa/Indica","Citrus Funk"
018NY6XC00VT8CH30CZ8TGSG5E,"","Citrus Haze"
018NY6XC00VTX74TQPDVB6VZ7W,"","Citrus Kush"
01E7BYS9G64R2EPGF4ZTZ245MZ,"Sativa/Indica","Citrus Lemon Haze"
01E7BYSA8ZM2THRETZYB4W8G77,"Sativa/Indica","Citrus Mistress"
018NY6XC00VTF4AVVZDJ4T93C7,"","Citrus Punch"
01E7BYSBMBSRHT81P3XPKRJ9KF,"Sativa/Indica","citrus sap"
018NY6XC00VTTJX7SQBZGGN67Y,"","Citrus Sap"
018NY6XC00VT6312ZC5S1N9H97,"","Citrus Skunk"
018NY6XC00VTSWM8464FGAZ7WE,"","Citrus Smoothie"
018NY6XC00VTZ7XVX65V2VDSB6,"","Citrus Sunshine Haze"
018NY6XC00VTDN7SZN8599SSXV,"","City of God"
018NY6XC00VTGN4YEY2E8GPHSH,"","City Slicker"
018NY6XC00VTB25MT4QJT6Q7T0,"","CJ13"
018NY6XC00VTZ5BXRKTTW0NXZH,"","Classic OG"
018NY6XC00VT3R9GX9WHZYGZ0S,"","Classic Twist"
018NY6XC00VTATH020JF359N5P,"","Classified Cookies"
018NY6XC00VTJRGT7ZS940FZ8X,"","Clementine"
018NY6XC00VTHH7KG115BDHEHK,"","Clementine #1"
01E7BXYSN81Z8Q1S1DND08BY35,"Hybrid","Clementineâs Terpentine"
018NY6XC00VTAZCRZBHBM803J0,"","Clementine (Crockett)"
018NY6XC00VTV2SW76S7CQ4PCB,"","Clementine Kush"
018NY6XC00VTKMAMGN5FX7B9KH,"","Clementine’s Terpentine"
01E7BZ37YTHNRXMZZY2CVARQBF,"-unknown-","Clementine x Bananas"
018NY6XC00VTTM7MYAZ0R3J39A,"","Clemenvilla"
018NY6XC00VT00WW2YWTKJBR3J,"","Cleopatra"
018NY6XC00VTAY1YPHR4AB772Z,"","Clifford"
018NY6XC00VTHA3R7VJ5T4QB3X,"","Clockwork Blood"
018NY6XC00VT4KXECZ4W3GTQ01,"","Clockwork Orange"
018NY6XC00VTQX740YFRX92QV5,"","Clockwork Orange (Riot)"
018NY6XC00VTVYPF7N8ZQKT0DT,"","Cloud #7"
018NY6XC00VTCS7BTMPYXQPM8S,"","Cloud #9"
018NY6XC00VTDE9T19C7XVKVH5,"","Cloud 9 (Kiwiseeds)"
018NY6XC00VTTSS2RK0XZZGY43,"","Cloud's Rest"
018NY6XC00VT7SH3NS5ZFNGJE9,"","Clown Shoes OG"
018NY6XC00VTQGYFPK4DEX54QW,"","Club 69"
018NY6XC00VTE3SDDDZJ1JSA3H,"","Cluster Bomb"
018NY6XC00VTQ4H1HF1M1K0VVN,"","Cluster Bomb (Bomb Seeds)"
01E7BY5JZ8DDXQQFDFY7KE02AP,"Indica/Sativa","Cluster Fuck"
018NY6XC00VTH7PBZXGVJJSW22,"","Clusterfunk"
01E7BY5KR1GGN06FJRAWWK7NW8,"Indica/Sativa","Cluster Funk"
01E7BXXZ24MGG3V0B70E4W4GPT,"Indica/Sativa","C.M. x Burmese"
01E7BY5MGV6YNAGBAVAY6JAWX1,"Indica/Sativa","Coal Creek Kush"
018NY6XC00VT84ZMG6BDDVF3QJ,"","Coal Trained"
018NY6XC00VTJ9F75ZDYKY2BYF,"","Coastal Deez"
018NY6XC00VTJ5MJQ7XBEY14ZX,"","Coastal Haze"
018NY6XC00VTBVGVG76B0EQEAV,"","coastal og"
018NY6XC00VTXAJ7Q9BXYEKQZ2,"","Coast to Coast"
018NY6XC00VT1MT87FF67N7DWG,"","Cobalt Kush"
01E7BY5NW8CENWT6J7PH0GYDNE,"Sativa/Indica","Cobbler"
018NY6XC00VT5EB2X1Q15VTETR,"","Cobra"
018NY6XC00VTDZNFF3JFSB06BJ,"","Cobra Kai"
01E7BY5PN2KM5QEVTXNB1YHR1T,"Sativa/Indica","Cobra Lips"
018NY6XC00VTN1ZZRBMWY4NDM6,"","Cocoa Corriander"
018NY6XC00VTSY4R4ZY09RYSGV,"","Cocoa Kush"
018NY6XC00VTE3B0AMW9NVW1EF,"","Cocoa Puffs"
018NY6XC00VT9VJRXFBPM8H8DC,"","Coconut Cookies"
018NY6XC00VT4A7KZDP0PGANBT,"","Coconut Kush"
018NY6XC00VTSGB0R4JHFN5X18,"","Coconut Milk"
018NY6XC00VT5C24A39AQ7X5TE,"","Coconut Oil"
018NY6XC00VTSDP4423FWE5KGR,"","Code Blue"
01E7BY5S5ZYGF261B5Y2DNR2V7,"Hybrid","Codo"
018NY6XC00VTHHEX1ZZT2A857X,"","Coffee Haze"
018NY6XC00VTS1GPS1DPNAAZH3,"","Coffee Kush"
018NY6XC00VT19S7DXKTCST740,"","Cold Creek Kush"
018NY6XC00VT3H9VJV9WQA60TJ,"","Cole Train"
01E7BY5W9C6SAVH717TA1RGNMD,"Indica/Sativa","Colin Og"
01E7BY5X25M33SPAZNV05HJ87M,"Indica/Sativa","Collie Man Kush"
018NY6XC00VTXXXH0KKF9F9JSJ,"","Collosus"
018NY6XC00VTGPM4NHMV2GX4Q6,"","Colombia GAL6125"
018NY6XC00VT6VH3E211QASBTH,"","Colombia GAL6418"
018NY6XC00VTM3HTYTZ4Z4BDAQ,"","Colombian 20's"
018NY6XC00VTQ85NH0N8M4PEF1,"","Colombian Bastard"
018NY6XC00VTN2WKEHVJAQMJNP,"","Colombian Black"
018NY6XC00VTDPX93N0W3F47MQ,"","Colombian Black (GGG)"
018NY6XC00VTD2G1443J4B3M6Z,"","Colombian Gold"
018NY6XC00VT4S60CTZ468PDEQ,"","Colombian Gold #2"
018NY6XC00VTX0QQW6B069HC7D,"","Colombian GoldBud"
018NY6XC00VTZ5Q8VPGWMPX9FN,"","Colombian Gold (GGG)"
018NY6XC00VT2WPK2NEZ03TJNF,"","Colombian Haze"
018NY6XC00VTBVTJS8V7JD0DN6,"","Colombian Jack"
018NY6XC00VTQY47YY9H2KWVW9,"","Colombian Landrace"
018NY6XC00VT6PYZFDZQ7C6HR2,"","Colombian Malawi"
01E7BY5ZKRYVRH47QWD8PYVE5H,"Sativa/Indica","Colombian Mango Biche"
018NY6XC00VT8CSYKT5RH8F9H0,"","Colombian Mojito"
018NY6XC00VTE1MNE9RREAY1GK,"","Colombian Punto Rojo"
018NY6XC00VTRNYVMM434Z4E7V,"","Colombian Red"
018NY6XC00VT09BB40742XP9KD,"","Colombian Red Haze"
018NY6XC00VTB4FMMQ6HDZT0PD,"","Colombian Thunder Fuck"
018NY6XC00VT9VAF0RR135J7R4,"","Colombia Sabanira"
018NY6XC00VTEX7S4B5W5B4038,"","Colombia Taganga"
018NY6XC00VT91QXY4TE12J1XA,"","Colorado Bubba"
018NY6XC00VTBA980A371AYEH4,"","Colorado Chem"
018NY6XC00VTVJSK64VADW8YJQ,"","Colorado Cherry"
018NY6XC00VTE5Z3C8H1CHKFQB,"","Colorado Clementines"
018NY6XC00VT3609PA529M5ZY5,"","Colorado Cough"
018NY6XC00VTS7YB9SKVMXESBM,"","Colorado Crippler"
018NY6XC00VTD070XPMA9CBQAZ,"","Colorado Diesel"
018NY6XC00VTWG23HMZW0KYTKH,"","Colorado Green Bud"
018NY6XC00VT5E2X12YHQJMN2J,"","Colorado Kush"
018NY6XC00VTVH75KBDK1NEN8M,"","Columbian Afghan"
018NY6XC00VTD36GFA7NGXE57N,"","Columbian Deelite"
018NY6XC00VT4KHXZ813DZ8V0N,"","Columbian Gold"
018NY6XC00VT888DH3CKRZKAE0,"","Columbian Haze"
018NY6XC00VTNXG91PC66WED3A,"","Columbian Red"
018NY6XC00VT3PY34P68YYR5KM,"","Columbian Skies"
018NY6XC00VTZDSC65H88MV9BN,"","Columbian Thai"
018NY6XC00VTJYN2XRHXKDKPEE,"","Columbine"
018NY6XC00VTTS4YHSSAACXB3W,"","Comatose OG"
018NY6XC00VTG6DA0XNY1867A1,"","Comatose Pineapple Kush"
01E7BY66VH9NBYBK1JNBVVSPCV,"Indica/Sativa","Comfortably Dumb"
018NY6XC00VT0YNYB1NPSJAB2P,"","Commerce City Kush"
018NY6XC00VTWAN109DM9G8EQ8,"","Commercial Drive"
018NY6XC00VTK0EC1CYXVJ5HWP,"","Commune Haze"
018NY6XC00VTDVGDE5PZ6EVG0Z,"","Communitas"
018NY6XC00VTQKR67DJX4EP3VY,"","Compersion"
018NY6XC00VTJY66BYD7DNVEZF,"","Concord Grape Blockhead"
018NY6XC00VT4C34JD1DVMGEX5,"","Concord Krush"
018NY6XC00VTHKP0136121HV9J,"","Condoleeza"
018NY6XC00VTSPP7G3ENCE4J08,"","Confidential Cheese"
018NY6XC00VTX81GENH3APMBXT,"","Confidential Cookies"
018NY6XC00VTTSBQK1S215R0R0,"","Confidential Wreck"
018NY6XC00VTVMSGT20MK295EM,"","Confusion Kush"
018NY6XC00VTZBT36BCY53B2TH,"","Congo"
018NY6XC00VT4F5YRYC0QWDB4Q,"","Congo #3"
018NY6XC00VTTQM9EGCYKEW77W,"","Congo (Bangi)"
018NY6XC00VT2HWMESJ2FZ4YKX,"","Congo Bongo"
018NY6XC00VT7D1R6CTBJRQK6E,"","Congo Haze"
018NY6XC00VTVZJN6TN63E00T6,"","Congolese Landrace"
018NY6XC00VTV96Q2VMHKXAASR,"","Congolese Sativa"
018NY6XC00VTQFKZ57RA911Y9Y,"","Congo Pointe Noire"
018NY6XC00VTEX5H0XE21MT96K,"","Conkushion (Maple Ridge Kush)"
018NY6XC00VT2GMSF4SRT6AVKA,"","Connie Chung"
018NY6XC00VTQMJHX7715N1TP6,"","Connoisseur OG"
018NY6XC00VTQD9NJD651TV9G5,"","Conquest"
018NY6XC00VTNYXP1Y11EJDDMP,"","Conquistador"
018NY6XC00VTFDR216WZBJF24M,"","Conspiracy Kush"
018NY6XC00VTTQ02ATND1P6HQV,"","Conspiracy Kush GAL5989"
018NY6XC00VTXAFCW0Z3K06PYB,"","Conspiracy Kush GAL6635"
018NY6XC00VTH6DWKFXFV88BFV,"","Conspiracy Theory"
018NY6XC00VTG65E7HRXC2A9F3,"","Continental"
01E7BY6E309KQBGPK4DJ4N04W0,"Indica/Sativa","Coogies"
018NY6XC00VTGQEA0P5VC1W2J3,"","Cook13"
018NY6XC00VTX2VCMHV3T9R2ZT,"","Cookieberry Diesel"
018NY6XC00VTVJSMW49XCHGPKK,"","Cookie Breath"
018NY6XC00VTD9QQCQDD3K46QG,"","Cookie Caper"
018NY6XC00VTNBPS6B6GBDRHZT,"","Cookie Cough"
018NY6XC00VT46YR8W84T10SFJ,"","Cookie Crisp"
018NY6XC00VTSVDRHST7YCZ0GN,"","Cookie Cross"
018NY6XC00VT4DGQ2JNRQCMN2P,"","Cookie Crumbles"
01E7BY6FENZPPRP2NS3R8APYAX,"Indica/Sativa","Cookie Crunch"
018NY6XC00VT11DQYNMBSP8NE0,"","Cookie Dawg"
018NY6XC00VTT1WCZPBEKQPQSY,"","Cookie Dough"
018NY6XC00VTFTWDEDYJ9Z962R,"","Cookie F2"
018NY6XC00VTWRPQJHFZ738J0P,"","Cookie Frost"
018NY6XC00VT5SKMDK6D4GANJM,"","Cookie Glue"
018NY6XC00VTXKE3DCYWDZ7FCG,"","Cookie Jack"
018NY6XC00VTC8W8PNEKZJ396V,"","Cookie Jar"
018NY6XC00VT3DGBB1AQ6SH0CC,"","Cookie Kush"
018NY6XC00VT52VFZ5422K10RJ,"","Cookie Lady"
018NY6XC00VT5MCN7RRFKHHSJR,"","Cookieland"
01E7BY6JJM4HBH395HZNDJCWFB,"Sativa/Indica","Cookie Loss"
018NY6XC00VTBRF3GMVB6DCFYN,"","Cookie Monster"
018NY6XC00VTWR0MTXRTCKBH35,"","Cookie OG"
018NY6XC00VT2RXZ736KSFXF8F,"","Cookie OG (Purple Caper Seeds)"
01E7BY6MHSBMSG602A9AJR8XNP,"Hybrid","Cookie Pebbles"
018NY6XC00VT4K6ZABHW4NS7KB,"","Cookie Pie"
01E7BY6NANY3S4DZQYRBXD0SYH,"Indica/Sativa","Cookie Puss"
018NY6XC00VTAP4NT97T2ER34P,"","Cookies"
018NY6XC00VTW08V4J1TFZP8YW,"","Cookies and Cream"
01E7BY6Q9RNXCRTS99HW7XZ2NA,"Indica/Sativa","Cookies and Cream Cheese"
01E7BY6R2HXAAMQSDBHWA8AKE2,"Indica/Sativa","Cookies And Cream X Purple Punch"
018NY6XC00VTWM6EXZ7RNPYQEG,"","Cookies and Dream"
018NY6XC00VTBTNQ79SCSZ8R2D,"","Cookies Breath"
018NY6XC00VTFD6VGSPA62970Q,"","Cookies & Cream"
01E7BY6T0JT2MDRYCDE50082C2,"Indica/Sativa","Cookies Estrellas"
01E7BY6TSDP60E4CHGCJHX2NWZ,"Hybrid","Cookies Gary Payton"
018NY6XC00VT2T7TQZ41K7C93X,"","Cookies/Jillybean"
018NY6XC00VT06V3KXW43J27DX,"","Cookies Kush"
018NY6XC00VTJTGBR395088B8T,"","Cookies & Monsters"
018NY6XC00VTWQYVGE0HJBPBVQ,"","Cookies N Chem"
018NY6XC00VTVSQV6N2XR7YSVJ,"","Cookies n' Cream"
01E7BY6WQFW4V0XSD033S9714V,"Hybrid","Cookies N Cream"
01E7BY6XG9TSRVZ705CJ02PSPA,"Sativa/Indica","Cookies N Cream #106"
018NY6XC00VTNQ01356VYN26QC,"","Cookies'N Cream Soda"
018NY6XC00VT7ZHGR09V27M0RJ,"","Cookies N Dream"
018NY6XC00VTPSK2Z6Y7G3T9BA,"","Cookies OG"
018NY6XC00VT1X29VE28D1EQ85,"","Cookie Stomper"
01E7BZ39A6PRRDNETJD6CHRPYM,"-unknown-","Cookies x Sherbert"
018NY6XC00VT84EZGZXPG8Y2TH,"","Cookie Tech"
018NY6XC00VTJFTYYX1QDRFR0C,"","Cookie Time"
018NY6XC00VT9NH9XQ5H11V64G,"","Cookie Tonic"
018NY6XC00VTM8Y7NHV9VR5D50,"","Cookie Walker"
018NY6XC00VTEYTR4A89PKM2NC,"","Cookie Wreck"
018NY6XC00VTFVJTW09TSJ0KB8,"","Coolade"
018NY6XC00VTQ2QR1XSP8E5X44,"","Cool Jack"
01E7BY700VBGGG1WZHYD2R0615,"Sativa","Copacabana"
018NY6XC00VTW92808821HYTST,"","Copenhagen Kush"
01E7BY70SYW1AB3XR21J3TARM6,"Sativa/Indica","Copper Chem"
018NY6XC00VTFH50HPYYB47J0N,"","Copperhead"
018NY6XC00VT3TQEN9KEE3HFR8,"","Copper Kush"
018NY6XC00VTM9VEXZBFHV3ZXR,"","Copper Rhino F1"
018NY6XC00VT8N2VTMWSJ1E9DY,"Sativa","Coral"
018NY6XC00VTG7HAM3SDSW0AWT,"","Coral Reef"
018NY6XC00VT1DCBX7VZFJYT1P,"","Cordero Kush Platinum"
018NY6XC00VTMC7XAGPT9ZCBQ8,"","Core Cut (Amnesia)"
018NY6XC00VTJT5WP2M8KS5Z7N,"Sativa","Corlein"
018NY6XC00VT59WDYZPQ1FMB82,"","Corleone Kush"
018NY6XC00VTKXCAX1KW7JTGJY,"","Cornbread"
018NY6XC00VT5FZ7N82A7D5WS1,"","Cornerstone"
018NY6XC00VTQE7KJ8PC841RK6,"","Corralitos Kush"
018NY6XC00VTWKVZB9MYKZEYC7,"","Cortez The Killer"
018NY6XC00VTPYG0DA6GW7HSNG,"","Cosmic Blue"
018NY6XC00VTVP32PCN1BKCN6W,"","Cosmic Brain"
018NY6XC00VT0ZRZWJPJAMZHPK,"","Cosmic Bubba Kush"
018NY6XC00VT4E8GP8JDX1DS58,"","Cosmic Charlie"
018NY6XC00VTAQ3MHHQN9MRPQB,"","Cosmic Collision"
01E7BY767P5P3E8VZZ0F3CN5S5,"Indica/Sativa","Cosmic Cookies"
018NY6XC00VTQ4BEEX0ZJ3D9QD,"","cosmic crush"
018NY6XC00VTHQ1XSV3T31QBQD,"","Cosmicdawg"
018NY6XC00VT15DH4GTAP94DT2,"","Cosmic Flo F1"
01E7BY77K3DCAZFNPDJX08CPA1,"Indica/Sativa","Cosmic Glue"
018NY6XC00VTG2ETXD9ZWTCRJ0,"","Cosmic Temple"
01E7BY78BVYES0SSNM7CMJD9XJ,"Sativa/Indica","Cosmonaut"
018NY6XC00VT5HJ2SDAP9PVYPE,"","Costa Rican Landrace"
018NY6XC00VT97J2JA94YMDF1A,"","Cotton Candy"
018NY6XC00VTEW2FM2H7YY4CAY,"","Cotton Candy Bubba"
018NY6XC00VT7NJB9K7VP4Q2CR,"","Cotton Candy Bubblegum"
01E7BY79Q76K79AGPNBARG1QF2,"Hybrid","Cotton Candy Cane"
018NY6XC00VT7J8M085XM8MR9N,"","Cotton Candy Kush"
018NY6XC00VTXBX0H07C2JF66C,"","Cotton Purple Chem"
018NY6XC00VTS2NTR72D7GB6SE,"","Cottton Candy Cane"
018NY6XC00VTS542E42JVMG6K6,"","Couch Kushin'"
018NY6XC00VTJFDKMRJS7HJE8V,"","Couchlock"
018NY6XC00VTFPB004FVVHFCE1,"","Couch Project"
018NY6XC00VTCGWJBRYNSST7EF,"","Cougar"
01E7BY7C7TPT0HYTY1KFZNFZ83,"Hybrid","Cougar Milk"
018NY6XC00VTB7XD1A89JWCXHG,"","Cougar Piss"
018NY6XC00VTYNF0H505XBM313,"","Cougar's Milk"
018NY6XC00VT613J84AYHZTNGH,"","Cough"
018NY6XC00VTBQZE2VXN7R1KR3,"","Count Bassy"
018NY6XC00VTHNEMR5699ZHHY4,"","Courage The Cowardly Dog"
018NY6XC00VTYCAACQFR5F87BW,"","Courtney Love"
018NY6XC00VTZGKX2303JYFR4D,"","Courvoisier"
018NY6XC00VT13PC0X63HMHNXZ,"","Covelo Afgoo"
018NY6XC00VT627PTAD8016XNE,"","Covelo Cut Sour Diesel"
018NY6XC00VT28EBDH90NYDFSW,"","Covelo Sour Diesel"
018NY6XC00VTEJJ3E904PP7ZH4,"","Covert"
018NY6XC00VTB7FW32FHERGF2V,"","Cowboy Cookies"
01E7BY7E5WAQ11HWNKJPDNS99H,"Indica/Sativa","Cowboy Kush"
018NY6XC00VTC4XJZ19CVW3RVZ,"","COYOTE BLUE"
018NY6XC00VTVVX07BCHW5DJ1P,"","CPK"
018NY6XC00VTG1HX5R13Y4674Z,"","CPL"
018NY6XC00VTWH2EQPEKBVVR18,"","C-Plus (C+)"
018NY6XC00VTEYVH5T9PP0YZJB,"","CPS Depacan"
018NY6XC00VTKHPP3MS3B22RPX,"","CPS lexican"
018NY6XC00VTK3M9F03PTY72E2,"","Crackberry"
018NY6XC00VT7V7Z6WN6ZD2QK4,"","Crack Dawg"
018NY6XC00VTAG3Q9CYMEV5YHE,"","Cracked Out Jack"
018NY6XC00VTPTGNEYE6DTFQ43,"","Cracker Jack"
018NY6XC00VTYSP5R4WN9N5T18,"","Crackleberry"
018NY6XC00VTF3ZD42DNHDB90B,"","Crack Muffin"
018NY6XC00VTZESNYV3JDW62ZA,"","Crack Wreck"
018NY6XC00VTD6AK2H0W6H16GX,"","Cranberry Haze"
018NY6XC00VTYX609Y5TFQVZVF,"","Cranberry Kush"
018NY6XC00VTEXRGPSD7D2M9V9,"","Crap the Shitter"
018NY6XC00VT46VP8HEYGSMPFG,"","Crash Helmet"
018NY6XC00VTBJ6H0ZMV9N95HC,"","crash test dummy"
018NY6XC00VTF8RA69C01P2WFY,"","Crater Lake"
018NY6XC00VTZ4MD53ZWH87ADE,"","Crater Lake V4"
018NY6XC00VTDY3C4GWTZ0Z2RC,"","Craze"
018NY6XC00VTZESY46NYHZKQNE,"","Crazy Cheese"
018NY6XC00VTH022DEZZHFXZWE,"","Crazy Cookies"
018NY6XC00VTQFZZRHYNKJWVEF,"","Crazy Daze"
018NY6XC00VTEQBX501NXMMGFG,"","Crazy Glue"
018NY6XC00VT1HD9H1ZJFAXR97,"","Crazy Malawi"
018NY6XC00VTA9TJDADQZB5MAS,"","Crazy Miss Hyde"
018NY6XC00VTDXKA6GDZS7N3ZW,"","Creamatic"
018NY6XC00VTRWXQ3TRPV2V0MA,"","Cream Caramel"
018NY6XC00VTPMMV9HHJ2C2CCJ,"","Cream Caramel Auto"
018NY6XC00VTDY9W5EB2PKAQGZ,"","Cream Cheese"
018NY6XC00VTFY2KR5S19WB8BD,"","Cream Kush"
018NY6XC00VTJP6VA8TYBNTABG,"","Cream Mandarin"
018NY6XC00VTBC3JDN2JRP68B5,"","Cream Mandarine"
018NY6XC00VTFESR3YZB39EEZC,"","Cream Soda"
018NY6XC00VTX0YB1Q2D64J2FR,"","Cream Sodica"
018NY6XC00VTDF2ER651DZSMH3,"","Creeper"
018NY6XC00VTQQB5JPY297V8H4,"","Creeps"
018NY6XC00VT1KH7TF720TDKW4,"","Creme Brulee"
018NY6XC00VTNCSV2YNE5CT6X0,"","Crème Brûlée"
01E7BY7SEG4T61RKEEBKS6SBQ2,"Indica/Sativa","Cresco Cookies"
018NY6XC00VT4P546P6CPR123S,"","Crimea Blue"
018NY6XC00VT254GM1MXCAQYXX,"","Criminal +"
018NY6XC00VTV649Y1WGYG4XKC,"","Crimson"
018NY6XC00VTWQG1FK9BYTRJHP,"","Crimson Crush"
018NY6XC00VT9ZHBE0Z41QV7CR,"","Crimson Pepper"
018NY6XC00VTCG7H2EA5TGQPFF,"","Cripit"
018NY6XC00VTSB9XSDRG5BW4XA,"","Cripple Creek"
018NY6XC00VTT3E64Y59AJK14H,"","Crippled Pit"
018NY6XC00VTKJGEN4B8XNGENY,"","Crippled Rhino"
018NY6XC00VTM1RE83HGMJTXXS,"","Crippler"
018NY6XC00VT3Z3ZEXP1SR50RA,"","Cripplin Bubba"
01E7BY7XQ39N77G4QE8ZS3NSE2,"Hybrid","Crippy Killer"
018NY6XC00VTWKVQ8R502R9NB9,"","Cristallica"
018NY6XC00VTMAZEW8V9FDD7VR,"","Critical"
018NY6XC00VT88DZGDR74F4ZTX,"","Critical+"
018NY6XC00VT5NFAY7V62WNNYJ,"","Critical #47"
018NY6XC00VTYY59TP4P6KFRY5,"","Critical Bilbo"
018NY6XC00VTS6Q3D2TCRVB7WT,"","Critical Canna-Tsu"
018NY6XC00VTWCR3XX74AMSHSJ,"","Critical Cheese"
018NY6XC00VTMMYWCWHX1SQ8HD,"","Critical Cookies"
018NY6XC00VT794ZZXZ4D4R71A,"","Critical Cure"
018NY6XC00VT6QX169K6PG95Y0,"","Critical Cure GAL17800"
018NY6XC00VTTW9ACTEX8X0WQ6,"","Critical Cure GAL6586"
018NY6XC00VTS2NC2DK9FHZ0H8,"","Critical Fire"
018NY6XC00VTRYZHQ856NZ7MZX,"","Critical Hash"
018NY6XC00VTT1D12TJHTJ4ZSP,"","Critical Hash 47"
018NY6XC00VT32CKTZRJ667AZA,"","Critical Haze"
018NY6XC00VTQTTMT2S5QCCPBS,"","Critical Haze (Venus Genetics)"
018NY6XC00VT6ZGAADMJ0DGV0B,"","Critical HOG"
018NY6XC00VT5ZQXQHMF88KE7E,"","Critical Impact"
018NY6XC00VTP6XHZSNE5GYE6C,"","Critical Jack"
018NY6XC00VTMM82REC9Z0ZT84,"","Critical Kali Mist"
018NY6XC00VTM6TW0GNGZWDB50,"","Critical Kush"
018NY6XC00VT3KN6QYY6A0GFCX,"","Critical Kush #2"
018NY6XC00VT07R53VEE2VNQHA,"","Critical Mass"
018NY6XC00VTWCX2M42EBT3Y5R,"","CRITICAL MASS CBD"
018NY6XC00VTJG3Z8Q217MFNCZ,"","Critical Neville Haze"
01E7BYCESX60JXDZC0KTNGX2X2,"Indica/Sativa","Critical Orange Punch"
018NY6XC00VT8EPJJZJ69R9FQS,"","Critical Plus"
018NY6XC00VTW20V3F68NQ309T,"","Critical Plus 2.0"
018NY6XC00VTVEPMAN1ZGNVTN5,"","Critical Purple"
018NY6XC00VTJQJEPD8PVQTHZK,"","Critical Purple Kush"
018NY6XC00VTMN2E4EWVPEGWEX,"","Critical Sensi Star"
018NY6XC00VTM9BE9FYBVPK4PV,"","Critical Skunk"
018NY6XC00VTB8JYQRG01QDTT5,"","Critical Soma"
018NY6XC00VTWZT1RW37KAQJ2Y,"","critical sour"
018NY6XC00VTCCF870W7QPVC3F,"","Critical Widow"
01E7BYCK29Z24E56D2DSN8FV29,"Hybrid","Critter Breath"
018NY6XC00VTH5F044VSH0DK8T,"","Critters"
018NY6XC00VTR2N3KYH60S7G6N,"","Critters Cookies"
01E7BYCN67VH0RAVN6BJRPV4BT,"Indica/Sativa","Crockett Confidential"
018NY6XC00VTTYTX0A0T8GPNM1,"","Crockett's Confidential"
018NY6XC00VTNXQMTG6GQ8XNDW,"","Crockett's Cookies"
018NY6XC00VTY2SAJ6JVEH3G2Z,"","Crocketts Dawg"
01E7BYCMDGY5JAPB4Y0MNCH4MP,"Indica/Sativa","Crockett'S Dawg"
018NY6XC00VT58S2M2XJVHTQ14,"","Crockett's Haze"
018NY6XC00VT8XX9R4QHD2FN14,"","Crocketts Haze #22"
018NY6XC00VTJ7FG2YXDFQJ5ZJ,"","Cronuts"
018NY6XC00VT3GY6VG8QJ2QMT3,"","Cronuts #4"
018NY6XC00VTRE530EE14YRCZC,"","CrossWalker"
018NY6XC00VTVRV43TDRZFEKVY,"","Crouching Tiger Hidden Alien"
018NY6XC00VT6871VX1E7WSQX0,"","Crown OG"
018NY6XC00VT5DTBBP1DVN86SJ,"","Crown Royal"
018NY6XC00VTBGCZNG6XRC0461,"","Crown Royale"
018NY6XC00VT1B8AVE4WWMSRHE,"","Crude Oil"
01E7BYCRVR7PFK66Y3ZWA95ZQR,"Hybrid","Cruise 201"
01E7BYCSMDV9CV9VXQST9YW8H9,"Sativa/Indica","Crumbled Lime"
018NY6XC00VTHS0616KEW12SKC,"","Crunch Berries"
018NY6XC00VTDJCFBKJPJ557QQ,"","Crunchberry"
018NY6XC00VTHVV7SN7S0ZB0GV,"","Crunch Berry Kush"
018NY6XC00VT0RYV8N73RD7TT1,"","Cry Baby OG"
018NY6XC00VTRJ84390JZ5XE8M,"","Crypt"
018NY6XC00VT7M75EGQE6K848V,"","Crystal"
018NY6XC00VTG5ZM4P7N1NBREZ,"","Crystalberry"
018NY6XC00VTVNWVC7MYC5KX0Q,"","Crystal Blue"
018NY6XC00VTJCTHY05DE2HMP9,"","Crystal Cascade"
018NY6XC00VTAC58Z5DVTHT9K3,"","Crystal Chunk"
018NY6XC00VTQWHN2VTP66QGD8,"","Crystal Cloud"
018NY6XC00VT3NY5K9GP60ZF4D,"","Crystal Coma"
018NY6XC00VTRDJ3G9ZW6W1GH3,"","Crystal Cookies"
018NY6XC00VTDYTY998KCP653Z,"","Crystal Gayle"
018NY6XC00VTE2EZH7JSBR792E,"","Crystal Gem"
018NY6XC00VTKKM6BWXJ7GTYVE,"","Crystal Goddess"
018NY6XC00VTY67J7ACSF80KT4,"","crystal ice"
018NY6XC00VT9Z9405M6R0HXZF,"","Crystal Infinity"
018NY6XC00VT3F39RYTGBPMTFF,"","Crystal Lightning"
018NY6XC00VT2A198S1C2DPYSH,"","Crystal Limit"
018NY6XC00VT1RTN91SZCPH0YS,"","Crystal Locomotive"
018NY6XC00VTZGCXSC7ZS0H4E7,"","Crystal Matrix"
018NY6XC00VTXF0YNHKGR4VYJR,"","Crystal M.E.T.H."
018NY6XC00VT36ATZASWFJGQ3B,"","Crystal Mountain Kush"
018NY6XC00VTBE7WM2T7WFR861,"","Crystal OG"
018NY6XC00VTVG4A3F8FSTT3G2,"","Crystal Palace"
018NY6XC00VTY89648845S0Z4V,"","Crystal Paradise"
018NY6XC00VTTKV0NSX05W8V2A,"","Crystal Queen"
018NY6XC00VTXN1TRHV4H0PYFH,"","Crystal Rain"
018NY6XC00VTQ0PY54S9HW6813,"","Crystal Ship"
018NY6XC00VTXEMWB7MY25ZR7B,"","Crystal Storm"
018NY6XC00VT615Y2H6DMSRQ3Z,"","Crystal Trident"
018NY6XC00VTHQNFQG4VY5WCZ7,"","CST"
01E7BYDPYGMTPW1R9EX535P8PP,"Indica/Sativa","Ctha"
018NY6XC00VT7PKGPQ2GKZMPRP,"","Cthulhu"
018NY6XC00VTJE2Q7S6N3FB9CB,"","Cub Scout Cookies"
018NY6XC00VTEC1ZCXJ7E5QETK,"","Cuddle Fish Hash Plant"
018NY6XC00VT2HKA0XF5GJH28G,"","Cujo"
018NY6XC00VTWYFNW591YWJ20V,"","Cujo Cookies"
018NY6XC00VTZTAEWS5KJDDC56,"Sativa","Culpaden"
018NY6XC00VT4CFQDRAZQB1X08,"","Cultazepam"
01E7BXB9YX5BWM3KTTVT3EVFZQ,"-unknown-","Cum Laude"
01E7BYDR9XP0212R2WVK3FCFEX,"Indica/Sativa","Cupcake"
01E7BYDS2NV10BTAJWKZGYJBVH,"Indica/Sativa","Curious Jorge"
018NY6XC00VTKJ717T4YF4NTV3,"","Curly OG"
018NY6XC00VTKZRRC3Y8DVSSY3,"","Currant Kush"
018NY6XC00VTZJ9MCEAMH9BWD2,"","CUSHEY'S HONEY"
018NY6XC00VTBBM8B72WD0X9QS,"","Cushman Crush"
018NY6XC00VT40S8ANZ3X1HY5H,"","Custard Cream"
018NY6XC00VT0RKMRT9W0XAFQC,"","Cuvee"
018NY6XC00VTQ7MKTESH735761,"","Cuvée"
018NY6XC00VTXJFJ8JZMFV7JPE,"CBD","Cyan"
018NY6XC00VTVT7QP425BFTFGZ,"","Cyber Cristal"
018NY6XC00VTA18C0X4QKRJTYP,"","Cyclops"
018NY6XC00VTNGNRPXEAES473W,"Hybrid","Cynginx"
018NY6XC00VTBR9GV68ZYQGEVT,"","CynIce"
01E7BYDWSCDFFMHZ2A5N12FWWN,"Hybrid","Cypress Hill OG"
018NY6XC00VTRJYP3K3E67PRME,"","Cypress OG"
018NY6XC00VTNFJHG2TY8FPRYK,"","Dabney Blue"
018NY6XC00VT2AA5JM68QJCFSV,"","Da Bomb"
018NY6XC00VTBXJ074M40XEB65,"","Da Chedda"
018NY6XC00VTCXY1Z86VWT46RQ,"","Dacia"
018NY6XC00VTA1Y5T0KKFN475N,"","Da Coma"
018NY6XC00VTA6BAZ0N62VS8QB,"","Daddy Fire"
018NY6XC00VTEQ4MXY7RXH36TC,"","Daddy River"
018NY6XC00VTV6R1T50SG83AG1,"","Daddy's Girl"
018NY6XC00VTSKCZH13EEPKFWN,"","Daffie"
018NY6XC00VTAZCDWE930GEJT5,"","Dagga"
018NY6XC00VTG0AR6BTGGW04KM,"","Daggaberry"
018NY6XC00VTYM5ETK215MK86G,"","Dago OG"
018NY6XC00VT1KZFC1G6QWT2DX,"Sativa","Dahnva"
018NY6XC00VTK03HCWJ916BC33,"","Dairy Queen"
018NY6XC00VT75Q84BZRAJJHGK,"","Daisy Kong"
018NY6XC00VTGWKDNGVQAJ23YE,"","Dakini Kush"
018NY6XC00VTV7PQ5VZ5QA3DAE,"","Dalai Lima"
018NY6XC00VTDAPTHSZ30V7GGY,"","Dalat"
018NY6XC00VTNZ510RSXETCBW6,"","Dali"
01E7BXB8AFXCXJNY5EHPF4XT5T,"-unknown-","Dama Blanca"
018NY6XC00VTH4C6DPRS8G3H83,"","Dame Blanche"
018NY6XC00VTD9865SD3TBJCG0,"","Dame Fizz"
018NY6XC00VTYD238JN049TB19,"","Damnesia"
018NY6XC00VTQVRPFW3XSGX0A9,"","Damn Sour"
018NY6XC00VTCVJ5WAZZKSBNYC,"","Dance Hall"
018NY6XC00VTVGWCDANZVX8TS7,"","Dance Party"
018NY6XC00VT9S1M6H4V2NVD6B,"","Dance World"
018NY6XC00VT9TMFF93GK4T6NM,"","Dane's White Pine Apple"
018NY6XC00VTP48907XKGQV9VF,"","Dangerous OG"
018NY6XC00VTFWYR0VJG4XKKGY,"","Danielle"
018NY6XC00VTCPERECA3N86GJT,"","Danish Passion"
018NY6XC00VTGPNS4X9JNJAQN0,"","Dank #5"
018NY6XC00VT5B2A0AN6XWSEE3,"","Dank Commander"
018NY6XC00VTJ3ZAXSE0NT3BX4,"","Dankee Doodle"
018NY6XC00VTXX3JQ3SJFHESWC,"","Dankey Doodle"
018NY6XC00VTCFDV80KT21G52K,"","Dankouver"
018NY6XC00VTPW29TPP4BY77S0,"","Dank Schrader"
018NY6XC00VTP9B2S17R24CG5E,"","Dank Sinatra"
018NY6XC00VTTHW1NXN9EQDM1Z,"","Dank Star"
018NY6XC00VT9HM1C7CEX575CK,"","DankStar"
018NY6XC00VTWGF2A8E7MVZ3KC,"","Dank Vader"
018NY6XC00VTNTC3AK0A166B5C,"","Danky Doodle"
01E7BYV7216Y1RR787RT4T351B,"Indica/Sativa","Danky Kong"
018NY6XC00VT6Q4KYH7VN0A9BP,"","Danny Boy"
018NY6XC00VTQQPX0F9YHY91P6,"","Danny Boy bx"
018NY6XC00VTMR894JNHM5K7J5,"","Danny Devito"
018NY6XC00VT6AAPWWJDXRTXA0,"","Dante's Fire"
018NY6XC00VT7T9408C2HSDNKY,"","Da Purps"
018NY6XC00VTTDBGNNM7DPQQPB,"","Da Purps (THC Seeds)"
018NY6XC00VTPGZD8T14W9H9XX,"","Dark Angel"
018NY6XC00VT1C64952JHMXX8K,"","Dark Blue Dream"
018NY6XC00VTSHB5NBNXQV4KMM,"","Dark Cherry OG"
018NY6XC00VTHKJDEH64CC7DCA,"","Dark Cross"
018NY6XC00VTNQJMSYFGJPYR01,"","Dark Desire"
018NY6XC00VTSGBS8DJ4YABKP5,"","Dark Devil"
018NY6XC00VT1W6XC622T56TT3,"","Dark Diesel"
01E7BYVARKM0M2QG39F1RXB6BA,"Hybrid","Dark Dragon #2"
018NY6XC00VT1637D8VGD87DZJ,"","dark grape"
01E7BYVC49875T45YZWSK15QXT,"Indica/Sativa","Dark Helmet"
018NY6XC00VTJFS3X6VQW6A5HZ,"","Dark Horse"
018NY6XC00VTRZNNERC0KVENME,"","Dark Horse OG"
018NY6XC00VTN9PA5267ZHXPSM,"","Dark Knight"
018NY6XC00VTJ9TZDHQY1TXYM1,"","Dark Knight #3"
018NY6XC00VTWVYAZ6ZQWE70YP,"","Dark Kush"
018NY6XC00VT9DRMGW38M68S19,"","Dark Matter"
018NY6XC00VTZ6XEK8PYYY4FNB,"","Dark Matter F2"
018NY6XC00VTK80XQQK1YVHNBA,"","Dark Night"
01E7BYVENJCGGRT56H57KRXGSB,"Indica/Sativa","Dark Plasma"
018NY6XC00VTJR4NKN7H2X62K7,"","Dark Shadow"
018NY6XC00VTXQ6KHXFVKD67W2,"","Dark Shadow Haze"
018NY6XC00VTKF37HDD13MQ5XX,"","Dark Side of the Moon"
018NY6XC00VT80E4NWYHZ2KNSA,"","Dark Side of The Moon"
018NY6XC00VTACJYAF9XMFBF7M,"","Darkside OG"
018NY6XC00VTNZRDEM6S021ASG,"","Dark Side OG"
018NY6XC00VTYMAMDNCD3F24XM,"","Dark Star"
018NY6XC00VTDJA4XZJ046R3BW,"","DarkStar (Dark Star)"
018NY6XC00VTMNG7VT9Z786H30,"","Dark Vader"
018NY6XC00VTJTHW0N4NR04J5F,"","Dark VooDoo Haze"
018NY6XC00VT2J6P79CAM85EVH,"","Darkwood"
018NY6XC00VTQRZ9Z9PV7Y2HKT,"","Darth Vader OG"
01E7BYVJCSV7QJY1QW42RPHS1E,"Indica/Sativa","Dat Cookie Dough"
018NY6XC00VT9Y1WQVXF9VXGZB,"","Daughter of Pod"
018NY6XC00VTE5H1C18GTK74QE,"","DaVinci OG"
018NY6XC00VT2AP6YEYM5ETCVG,"","Dawg"
01E7BYVKRFZRSY3EN2GC4PR6KJ,"Indica/Sativa","Dawg Biscuit"
018NY6XC00VTFEAQCAW4HHF8TR,"","Dawg Biscuits"
018NY6XC00VTC28Q3THXPJC1CA,"","Dawg Cookies"
018NY6XC00VT774Q2JKZZ6RPQX,"","Dawg Cookies F2"
018NY6XC00VTVHNM6NS68YR7AA,"","Dawg Daze"
018NY6XC00VT6J0WRHGBCTS2QQ,"","Dawg Father"
018NY6XC00VT0SGPJVC66WP1E4,"","Dawgfather OG"
018NY6XC00VTE312AH78ARFYRV,"","Dawg Fighter"
018NY6XC00VTCR3V66V4YFZ7H2,"","Dawg Groomer"
018NY6XC00VTMJ18SATVXR34G5,"","Dawg Jam 91"
01E7BZ0JVDKAH1SZ0MQFMRTJFY,"Hybrid","Dawgma"
018NY6XC00VT2XTDFJ6ATD70V0,"","Dawg Master"
018NY6XC00VTPVB6E4PB46Q3M6,"","Dawg Star"
018NY6XC00VTEA9RJ76ZJZZWF9,"","Dawg's Waltz"
018NY6XC00VTX2A5PHQVWBQPX7,"","DawgTown Kush V2 F2"
018NY6XC00VTVZZPX1611PC9Q8,"","Dawg Walker"
018NY6XC00VTZDM23CZX61TSNJ,"Indica","Daxotone"
018NY6XC00VT8AD108G7SR3ZK1,"","Daybreak"
018NY6XC00VTXYZJEV3JWK73YF,"","Daybreaker"
01E7BZ0NC9H2R0ZCMZW8KFP6F5,"Hybrid","Day Breaker"
018NY6XC00VT957X7TTKYBS7NZ,"","Day Dream"
018NY6XC00VT525QF70T7G4WJ7,"","DayDream Haze"
018NY6XC00VTK21R89NNDGC9NF,"","Daydream (Sativa Seedbank)"
018NY6XC00VTQZT4MGC9XVPH2H,"","DAYTIME"
018NY6XC00VTQE81ETZGQWSXWE,"","Day Tripper"
018NY6XC00VTM3G751X1PBGE2V,"","Daywalker"
018NY6XC00VT1KVYNAR6BTTD87,"","Daywrecker Diesel"
018NY6XC00VT55WY3DM33SHAMN,"","Da-Zinn-Che"
018NY6XC00VTZVAQ8D5Y58CT86,"","Dazy Jones"
018NY6XC00VTCPR67GMAQ9EXRM,"","DC OG"
018NY6XC00VT3Q945E3J05TBMD,"","D Cure"
018NY6XC00VTC7TG865TK4WBF8,"","D-DNL"
018NY6XC00VTN01KH28WA4B22T,"","D.d. Sour Banana"
01E7BZ0S27818HNEQ9BDVXJNZM,"Hybrid","Dead Banana"
018NY6XC00VTQK5ESTGA2QDJZ5,"","Dead Bananas"
018NY6XC00VTDJPHDJRBH8JY1N,"","Deadband"
018NY6XC00VTTHNKNJE4QE7KTP,"","Dead Bubba"
018NY6XC00VTZE6A21DD8S1T55,"","Dead Dawg Queen"
018NY6XC00VTADWZQRR331V05E,"","Deadhead Durban"
018NY6XC00VTH185NEFRKKGFN0,"","Deadhead OG"
01E7BZ1WJ7DVYBBQ640K4H78MT,"Sativa/Indica","Deadhead x Durban"
018NY6XC00VTY187HEQNETK17B,"","Deadly G"
018NY6XC00VTZ9KVDQQ6MGMHW0,"","Deadman"
018NY6XC00VTKA2Q1Y8ZWMAMWJ,"","Dead Men's Skunk"
018NY6XC00VT9G20J420FFYBK9,"","Dead North"
018NY6XC00VTK5P4D1Q2AFR2SB,"","Dead Prez OG"
018NY6XC00VTP26YRS0BAB9140,"","Deadwood"
018NY6XC00VTSQZVDEHW0BCVZ3,"","Death Bubba"
01E7BZ1ZNJ1H5QDJH92R6M0DBV,"Hybrid","Death by Cake OG"
018NY6XC00VTJD31Q0YA69Q0M3,"","Death Dawg"
018NY6XC00VTG7N45Z1X9DBBJ8,"","Death Dealer"
018NY6XC00VTB59JPXX4380MXD,"","Death Purple"
018NY6XC00VTC7JABC5K8RPHKX,"","Death Star"
018NY6XC00VT5B2B4MMV7TGG9W,"","Deathstar OG"
018NY6XC00VT1H2MCPFZ5R178A,"","Death Star OG"
01E7BZ21KRZVSVWG048EZJ4A3Q,"Sativa/Indica","Death Valley Og"
018NY6XC00VTQPD95K7V6E9JBH,"","DeathWalker OG"
018NY6XC00VTS50XZQSKNQJ23B,"","Debutant"
018NY6XC00VTFYCWA5SAF129N0,"","Decapitation"
018NY6XC00VT9G9N74M689Y2CF,"","Decapitation F2 (Jaws Gear)"
018NY6XC00VTAD88XW52J6JMY2,"","Dedoverde Haze"
01E7BZ23HVMH9AP6V5JCMY4FKE,"Indica/Sativa","DeDutch"
018NY6XC00VT2FQM92M7WEK044,"","Dee-OG"
018NY6XC00VTGRMTE2HWVWYA2N,"","Deep Blue"
018NY6XC00VTQWB5BX6WHSBG4X,"","Deep Blue (Breeders Boutique)"
018NY6XC00VTM0FXQVDCKRPHA5,"","Deep Cheese"
018NY6XC00VTF6V1RBJSKFXRWX,"","Deep Chunk"
018NY6XC00VTF7WKFZC2PTNRT9,"","Deep Chunkolate"
018NY6XC00VTZQNG99G65TH44F,"","Deep Congo"
018NY6XC00VT5CY7QZ08T40YTC,"","Deep Diesel"
018NY6XC00VTMT0SRSD0HWGNMP,"","Deep Funk"
018NY6XC00VT17YYES5TCTKAMZ,"","Deep Line Alchemy #2"
018NY6XC00VTKNPSP4N9Z1KY6A,"","Deep North F1"
018NY6XC00VTY083GRGEFXENP0,"","Deep Phaze F1"
018NY6XC00VTSX961QKMTWA3SM,"","Deep Psychosis"
018NY6XC00VTK36HE85ZPSX116,"","Deep Purple"
018NY6XC00VT59022JVH3H0CKV,"","Deep Roots Cheddar"
018NY6XC00VT2BXFC3V5GC1NQD,"","Deep Sleep"
018NY6XC00VTNM8WA4VWRABV2C,"","Deep Sleep (P.O. 4)"
018NY6XC00VTG2HXCAEKR0R12Y,"","Deep Space F1"
018NY6XC00VTDJ720F58TAATSX,"","deepwater purps"
018NY6XC00VTVX6D923GC4TMVG,"","Deep Wreck F1"
018NY6XC00VT7EYG2DMSTKHTXM,"","De Grape Trainwreck #5"
018NY6XC00VT9AN6C81MN27F5X,"","Deimos"
01E7BZ277XKNRCY2T9BVK7XG6H,"Indica/Sativa","Dejavu"
018NY6XC00VTHTG5CTMBMJMKZ1,"","Delahaze"
01E7BZ28KGRK09KR80YRDG4GWM,"Sativa/Indica","Dela Haze"
018NY6XC00VTA037E3XV6BPS1R,"","Delhi Cheese"
018NY6XC00VTR45HMDV6HD3NRR,"","Delhi Friend"
018NY6XC00VT893ASQ6MKEV187,"","Delicious Dream"
018NY6XC00VT0DYEA4AF2B21QQ,"","Delight"
018NY6XC00VT54KWNTNNG5W6F7,"","Delirium"
018NY6XC00VTB1RBHM15JSCNBE,"","Delta 9"
018NY6XC00VTZ8GVTC2322FBTH,"","Delusional OG"
018NY6XC00VTDPHV221MJXJW35,"","Dementia"
018NY6XC00VT9WA172S0J6QHDA,"","Demon OG"
018NY6XC00VTVDJ0KZH1XZSXC3,"","Denmark"
018NY6XC00VTJSPKDFJYDFP5BE,"","Denver Maple"
018NY6XC00VT5V1679J57FR5CX,"Sativa","Depacan"
018NY6XC00VTSPEQRAJW28XCR2,"","Derailed"
018NY6XC00VTNR6AW9HNCN9NMK,"Indica","Derba"
018NY6XC00VTHACYDQK6270JW7,"","Derps"
018NY6XC00VTB984HABZ5EPNB0,"","De Sade"
018NY6XC00VTDZFJT15DTVBQBA,"Sativa","Desalex"
01E7BZ2AHNWND00HR49N2F67B5,"Sativa/Indica","Desert Diesel"
018NY6XC00VT2DW14XS0N009VR,"","Desert Dragon Kush"
018NY6XC00VTG1Z0Q4XRY5W35N,"","Desert OG"
018NY6XC00VT9EWKKKT9S242N8,"","Desert Queen"
01E7BZ2BADG2D6V2PW0P40HD9W,"Hybrid","Desert Snow"
018NY6XC00VTP2SRYASQ4W7AS7,"","Desert Star"
01E7BZ2CNZZVRYBBA8M5N3KN1M,"Indica/Sativa","Designer Og"
018NY6XC00VTADYDBZ0SC1HG0A,"","Desire"
018NY6XC00VTNSRV5CS44CYFQ2,"","Dess*tar"
018NY6XC00VT8M409RBDRD13YG,"","Des*tar"
018NY6XC00VTNWDSX2BVG2E9FC,"","Des*Tar Bx 1"
018NY6XC00VT1Q2SXV2Q9SEMFQ,"","Destroyer"
018NY6XC00VT8NFXJ8V0SBPXY7,"","Detour"
018NY6XC00VTC52WJMZB55X5WC,"","Devil"
018NY6XC00VTX957Z1XPF7F16S,"","Devil Cookies"
018NY6XC00VTGV7DDW2M9NK4MF,"","Devil Dawg"
018NY6XC00VTM2G2763B3ZKQP4,"","Devil Fruit"
018NY6XC00VT0J05YNYN2Z7182,"","Devil Licious"
018NY6XC00VTT3CEBMH7772TVE,"","Devil's Cookies"
018NY6XC00VTJYXFMWRAGT6V2B,"","Devils Cut"
018NY6XC00VTG7409MVMGVJVXC,"","Devil's Dawg"
018NY6XC00VTR7B4E2EB6W7WX9,"","Devils Dawg"
01E7BZ2YSWAC2MPPX0JV15FBVB,"Sativa/Indica","Devil'S Fire"
01E7BZ2ZJTEWQ0EXR2FR5RX260,"Sativa/Indica","Devil'S Fire Mg"
018NY6XC00VTPMMWK43HE14PNJ,"","Devil's Haze"
018NY6XC00VTPV049AE036EMK0,"","Devil's Tit"
01E7BZ30Y52T5R3PT9N466A0ZW,"Indica/Sativa","Devil's Triangle"
018NY6XC00VTSK4C47955N8JT6,"","Devotion"
01E7BZ329JT7W3JF0DW4AJQ6ZP,"Indica/Sativa","DG Kush"
018NY6XC00VT1Z0FH7Q292CCDX,"","DGOG"
018NY6XC00VTWGBVJEYB90K9GT,"","Dharma Winter Fire"
018NY6XC00VTJCVJC7PMXTN6BF,"","DH OG"
018NY6XC00VTXNM7T24XPBN0J3,"","Diabla"
018NY6XC00VTM21MQGGQKZ7QS1,"","Diablo"
018NY6XC00VTMS9KD1G0EBHJFC,"","Diablo OG"
018NY6XC00VTT7PYVR0NK6QWDZ,"","Diablo OG Kush"
018NY6XC00VT9EX0N8F8E1DT3K,"","Diablo OG Kush Storm (Purple Diablo OG Kush)"
018NY6XC00VTYGTEED3K2TD05W,"","Diabolic Funxta"
01E7BZ35ZBR4BVKC9VDV7SJS18,"Hybrid","Diagonal"
018NY6XC00VTQWQA1P4AJ3NFX7,"","Diamond Candy"
018NY6XC00VT4A86FTJ4EGVHEG,"","Diamond Champagne"
018NY6XC00VTFM42033RH6V28Z,"","Diamond Cookies"
018NY6XC00VT2WBT99PZX2B2DW,"","Diamond Cutter OG"
01E7BZ37AWSXQ61FNQZQD84A1N,"Indica/Sativa","Diamond Dust Og"
018NY6XC00VTMWEC487FHRBT5Z,"","Diamond Girl"
018NY6XC00VTTA92MMQ8ZK8T1P,"","Diamond Head"
018NY6XC00VTDN5D52R5B3VGTT,"","Diamond Jack"
018NY6XC00VT996VX1R678BV95,"","Diamond Leaf"
018NY6XC00VTZNZ27984H9B6MH,"","Diamond OG"
018NY6XC00VTZ0VM5851G8Q5VM,"","Diamonds & Dust"
018NY6XC00VT2NDBSR9VZK10JN,"","Diamond Socks"
018NY6XC00VT2X6ZXCY84WRS52,"","Diamond Valley Kush"
018NY6XC00VTB0RDSFAS818BHX,"","Diamond Widow"
018NY6XC00VTNZ5VPX1PKXQ7P6,"","Diana"
018NY6XC00VTTQR1162X6CCCDS,"","Diazabidiol"
018NY6XC00VTX2J4AARBEJQ19Q,"","Didgeri Boo"
018NY6XC00VT0SP24ZR4RN7QJ1,"","Diesel"
018NY6XC00VT10RB5Z9QCQ5YCV,"","Diesel 39"
018NY6XC00VT6JDBAKXRJAR0C1,"","Diesel Berry"
018NY6XC00VTBFM0A7F30NFHNT,"","Diesel Berry (Auto Seeds)"
018NY6XC00VT9AFR7RJ1GJ41MA,"","Diesel Breath"
018NY6XC00VTESX6Z4G0SP0GX7,"","Diesel Cookies"
018NY6XC00VTXTJV75G9ZVVHDY,"","Diesel Dawg"
01E7BZ3BMCNQE7SQ0RAVS66TZX,"Indica/Sativa","Diesel Dipped Cookies"
018NY6XC00VTWZCWQ1ZZPJBB76,"","Diesel Dream"
01E7BZ3CDC4JQS4JSMQA65AB6X,"Sativa/Indica","Diesel Drift"
018NY6XC00VTM6B8A9E2V0XC29,"","Diesel Duff"
018NY6XC00VT9EXZRZJEGV26E6,"","Diesel Fire"
018NY6XC00VTBRY8Q4S94VXPTG,"","Diesel Fire Cookies"
018NY6XC00VTGT6H9D66457GGT,"","Diesel Fire OG (Relentless Genetics)"
018NY6XC00VT3P02K167R8SYQS,"","Dieseline"
018NY6XC00VTBG08BH3YZRSG1K,"","Dieselmint"
018NY6XC00VT3B5NAX7P5TSWEY,"","Diesel Overdose"
018NY6XC00VT5A4MHPXYVBMRPD,"","Diesel Ryder"
018NY6XC00VTWTB6DGVCTHGWQY,"","Diesel Thai"
018NY6XC00VTFT54K8KH8S4SJZ,"","Dieseltonic"
018NY6XC00VTR37PE62BJQ37DP,"","Dieseltonic (Pickantona)"
018NY6XC00VT404RMXGA4JN1SE,"","Diesel Train"
018NY6XC00VTAV3YA2R44RN6ZA,"","Diesel Wreck"
018NY6XC00VTT4D2W37PKSSSC8,"","DieselWreck Haze"
018NY6XC00VT1QKBZN2AFTJP82,"","Digital Yoga"
018NY6XC00VTJX5H8NBMKD8YSW,"","Digweed"
018NY6XC00VT7Q9N7WZNG5M3PV,"","DinaChem"
018NY6XC00VTP70FQ946F42QQP,"","Dinafem #1"
018NY6XC00VTQ4W145AR71W2BM,"","Dino"
018NY6XC00VTG0FSMGYQSMCDTR,"","Dirks OG"
018NY6XC00VTXKT3K2HE8FF3V6,"","Dirty Bird"
018NY6XC00VT0BBXKDV58WRAE4,"","Dirty Bubba"
018NY6XC00VTCQ0A6DEYK54S1H,"","Dirty Cookies"
018NY6XC00VT2MRNBP4TPT26MT,"","Dirty Dawg"
018NY6XC00VTCASWD2WKV5RHW0,"","Dirty Diesel"
018NY6XC00VTTJEZS2MJQ1R44M,"","Dirty Girl"
018NY6XC00VT30GJK173KZ67QR,"","Dirty Girl F1"
018NY6XC00VTRYN7GPRPJNBQXZ,"","Dirty Harry"
018NY6XC00VTV0NW8SBGP3DHC9,"","Dirty Hippy"
018NY6XC00VTZDZBFXDHHAGQDB,"","Dirty Mack"
018NY6XC00VTTGZJ8X0W3BDZEP,"","Dirty Old Bastard"
018NY6XC00VTDTVA05WH6NGRJF,"","Dirty Queen"
01E7BZ4GYTTM988QQQ6MYPS4AS,"Sativa/Indica","Dirty Recon"
01E7BZ4HQKTH198TA396JBFZ0N,"Indica/Sativa","Dirty Rhino"
018NY6XC00VTAAB09J67BBG9WP,"","Dirty Sanchez"
018NY6XC00VTXNZGZ3A68TH2W7,"","Dirty South"
018NY6XC00VT7T0HEHBMYGY261,"","Dirty White Bud"
018NY6XC00VTPK8MDYQRFD21YN,"","Dirty White Girls"
018NY6XC00VT4D7RB2JAMY3Z30,"","Dirty Widow"
018NY6XC00VT0DFWWKGVVRGA1B,"","Disco Lemonade"
018NY6XC00VT41A7M1ZB99AEMY,"","Disney Blue"
018NY6XC00VTH56HN8FK0SDB6M,"","Disneyland OG"
018NY6XC00VTMTTT5YPYQ76XKE,"","Diva G"
018NY6XC00VTR2WDC7V700V817,"","Divided Sky"
01E7BZ4NESGN1QZPK9B0QFNFMS,"Hybrid","Divina Obscura"
018NY6XC00VTH8MBG6B8HTN3Z7,"","Divine Apocalypse"
018NY6XC00VTV8KD924WH5JQAZ,"","Divine Wine"
018NY6XC00VTJA125G90QSE117,"","Dixie Chicken"
018NY6XC00VTSWKV4T69JSA6H0,"","Dixie Crystals"
018NY6XC00VT70FH7C3DYXJQ3F,"","Dizzy Lights"
018NY6XC00VTHV1MVW21APCQFP,"","Dizzy OG"
018NY6XC00VTJRDC2H0E8TCJ15,"","Dj Andy Williams"
018NY6XC00VTEJWJS6SCDSJCQQ,"","Django"
018NY6XC00VTT7GRNSH12FMC4S,"","DJ Flash"
018NY6XC00VT4XSTF2SXJW02NA,"","DJ's Gold"
018NY6XC00VT4Y8CQ0FDRHJP5E,"","DJ Short Blueberry"
018NY6XC00VT68NEZ9PYG9S9EY,"","DJ Short Flow"
018NY6XC00VTAAC94NGA9HQKAN,"","DJ Smoke"
018NY6XC00VTJME6YY0AXRT0WZ,"","D Kush"
018NY6XC00VTAEGJPMHP4JPB84,"","D-Line"
018NY6XC00VT7XYZ27A5NSJZZ8,"","DNL"
018NY6XC00VTZ6X22R58WRYHNZ,"","DNLD"
018NY6XC00VT5M0C4VMBX768RE,"","Doc Brown"
018NY6XC00VT5KT3ZRWN3Z8ZZ9,"","Doc Chronic"
01E7BZ5ETKYR67QT7ZCB323862,"Indica/Sativa","Doc Holiday"
018NY6XC00VTC5CABE9FXW0KX6,"","Doc Holliday"
018NY6XC00VTSKDD0RQKPKD1XC,"","Doc Master"
01E7BZ5FKBAGB0ADFSVY0B2606,"Indica/Sativa","Docs Og"
018NY6XC00VT0X79S9TDXM054G,"","Doc's OG"
018NY6XC00VTTV8AB40R7EEGGA,"","Doctor Cookies"
018NY6XC00VTTPWXYVV1KSQDAF,"","Doctor Doctor"
018NY6XC00VTGS2FK6S37YRMN8,"","Doctor's Tonic"
01E7BZ5GYWSEPD41AN7S1K4CKV,"Sativa","Doc Trinity"
018NY6XC00VT13Z1JH783Q5E6R,"","Dogbite"
018NY6XC00VTY6A67PC87D70J3,"","Dogfather OG"
01E7BZ5JAK42RD5VAH4VD0HHPZ,"Indica/Sativa","Doggy Style"
018NY6XC00VT2ER4F9SK6BXJZ5,"","Dog Queen"
018NY6XC00VTDH6RJGR75Q21VH,"","Dogshit"
018NY6XC00VTBBQGA2G6GA2C0V,"","Dog Shit"
018NY6XC00VT7SCAC3PCHKWVH5,"","Dog Shit Cherry Pie"
018NY6XC00VTAX4BJACHNP0TD1,"","Dog Sht"
01E7BZ5MVYFGHPYA323X7H6ZPF,"Hybrid","Dog Trap"
018NY6XC00VTM1CXMRTDCGC37M,"","Dog Walker"
018NY6XC00VTFE54RYWN0VSAKJ,"","Dog Walker 4"
018NY6XC00VT22WZHPMMY8YP0H,"","Dogwalker OG"
01E7BZ5NMXZDFHS32QGMGCJVKM,"Indica/Sativa","Dog Walker OG"
018NY6XC00VTCSXGFV09K3R5VD,"","Dogwreck"
018NY6XC00VT47BSDAR769DF3X,"","Dojaberry"
018NY6XC00VTK6ZWQTYVMRHC8T,"","Doja Bubba Berry"
018NY6XC00VTYDW3R62N90FT04,"","Doja OG Kush"
01E7BZ5PDTDD1JYRHW52BH5TXJ,"Indica/Sativa","Dolato"
01E7BZ5Q6T8NYD8DJGQX0M4JQC,"Indica/Sativa","Dolce Gelato"
018NY6XC00VT3GZ77X67MTY9BM,"","Dolce Vita"
018NY6XC00VT0YMFB1YNF4SHHV,"","Dolla Sign OG Kush"
018NY6XC00VTJ18C9N2DJ9S8BR,"","Domestic Jack Herer"
018NY6XC00VT6WM2GWAP83W60H,"","Domina"
018NY6XC00VTF1Y4YBRNJ7NXPE,"","Domina Haze"
018NY6XC00VT3B4JF50JBQ74XX,"","Dominator"
018NY6XC00VTCA4289A6P2Q5ZG,"","Domino"
018NY6XC00VTGNVAEWFP6NBQSC,"","Domnesia"
018NY6XC00VT2BRKVC5B38TZZK,"","Don Carlos"
018NY6XC00VT8FC9CMYQK13JSA,"","Don Cristo's Brainfreeze"
018NY6XC00VTAB4BH3ADDKGQJ3,"","Don Draper"
018NY6XC00VT5VVCKEZ9S5QH87,"","Donegal"
018NY6XC00VTRH291QFJBH9ZGS,"","Don Juan"
018NY6XC00VTK8PMYK21Y2P79K,"","Donk"
01E7BZ5Y0NCHRCZME6SGSDE9EV,"Indica/Sativa","Donkey Butter"
018NY6XC00VTCBPX0DSAXHWW9H,"","Donkey Dick"
018NY6XC00VTQRWAP3G5FDA8JK,"","Donkey Kong"
018NY6XC00VTN1STF631WVGDRE,"","Donkey Kong (Oregon Green Seeds)"
018NY6XC00VTQEQ5WH7N9ACCQ0,"","Donna OG"
018NY6XC00VTZGVNZZ58NKME4N,"","Don Perignon"
01E7BZ5TX8JZKPR7A90RV7E7HB,"Hybrid","Don's Ghost"
018NY6XC00VT75EF8G41FYH20S,"","Don Shula"
018NY6XC00VTKV1TAN7FX0QW5J,"","Doobiebird Daydream"
018NY6XC00VTNH2QTRF2M3R627,"","Dookies"
018NY6XC00VTPHYV3B675APDFM,"","Do-Over OG"
018NY6XC00VTQ0HRNXCY0KNT86,"","Doox"
018NY6XC00VTM6SBGRN3V59GEV,"","Dopium"
018NY6XC00VT0X1SZQT6K9JWGZ,"","Dorit"
01E7BZ63NQT9RQP7FQD10G8VVN,"Indica/Sativa","Dosi Cake"
018NY6XC00VT2MXY6C3P8V1BQJ,"","Dosi Do"
018NY6XC00VTSYQA9C51Z3M9HA,"","Do Si Dos"
018NY6XC00VTD00Q2EC297ZHW6,"","Dosiface"
01E7BZ64ESGEV4MN4QXHVGWKQS,"Indica/Sativa","Dosi Face"
01E7BZ657P0R0ZC26WG3HQBXZK,"Indica/Sativa","Dosi Punch"
01E7BZ660GE16KZ65778EVER0C,"Indica/Sativa","Dosi Sherbet"
01E7BZ66SAXK39NXJ7QJ63W86A,"Indica/Sativa","Dosi White"
01E7BZ62WRV5XSX2GX3VE4YY3Q,"Hybrid","Dosi-Woah!"
018NY6XC00VTJ728CMX6RBZWA9,"","Double Affie"
018NY6XC00VTW7D4HS2HN94R46,"","Double Afghani"
018NY6XC00VT2FW4WV6X54K0H2,"","Double Afghan Slam"
018NY6XC00VTNR5Z3ZQTY72A81,"","Double Alien 18"
018NY6XC00VT9KX11256YPK0YZ,"","Double Aurora Borealis"
018NY6XC00VT9B5WACG6CVFAXP,"","Double Barrel OG"
018NY6XC00VTYS10AJ7DWD7P0G,"","Double Black"
018NY6XC00VTRZ72Y1YA1Q3W2E,"","Double Black Doja"
018NY6XC00VT437NJZ2KCSJ0KQ,"","Double Bubba"
018NY6XC00VTBF3E8HQ9PN9GGF,"","Double Bubble"
018NY6XC00VTY9QK6JVVDHXBJ1,"","Double Cheese"
018NY6XC00VTXYSXN8ZJPY4Y2T,"","Double Cookies OG"
018NY6XC00VT5R28FPPEPD5XHD,"","Double \"D\""
018NY6XC00VTFJ0J1KNW3R28GW,"","Double Dawg"
018NY6XC00VTW32YJH5Z72GD1Y,"","Double Diesel"
018NY6XC00VT5NHKZTZ23E2BBR,"","Double Dip Blue Dream"
018NY6XC00VT0J9VFE2RVF7VBM,"","Double Dream"
01E7BZ6A91VJS5GNRF93VSDY64,"Sativa/Indica","Double Durban Jilly"
018NY6XC00VT9VE2JQKMZQ6ZCD,"","Double Durban OG"
018NY6XC00VT5REEKF51RHAC68,"","Double Dutch"
018NY6XC00VTS0N9MZ6NYFJSG8,"","Double Dutchess"
018NY6XC00VTBFVJ6N0KDXDP2Q,"","Double Dutch Haze Skunk"
018NY6XC00VTTKY2H2065A2YX3,"","Double Fun"
018NY6XC00VT6WXP93M3CAE4SV,"","Double G"
018NY6XC00VTNEC9C0CXR7FV9P,"","Double Giggle"
018NY6XC00VTPHRP7226VN7MDW,"","Double Glock"
01E7BZ6CSX1EAP3HXZBHP35HNT,"Hybrid","Double Gorilla Og"
018NY6XC00VTA6B5BPRVAQDSS9,"","Double Gum"
018NY6XC00VTN8DZKKTTJ4GTHG,"","Double Heather"
018NY6XC00VTFWSVQMMGMWYQ20,"","Double Karen"
018NY6XC00VT9JERP2DFZGHX5Y,"","Double K.C. 2"
018NY6XC00VTMGHPG7CYZTNXNP,"","Double Kush"
018NY6XC00VTQRM9VJJAYJZKX8,"","Double Lemon Alien Dawg"
018NY6XC00VT7WMV4DEJ7DXZK9,"","Double Lemon Cheesecake"
018NY6XC00VTYZF0HB3DQCNR1B,"","Double Mint"
018NY6XC00VT686BD007RWRX98,"","Double OG"
018NY6XC00VT5Q5A2Q5E1HZSV1,"","Double OG SFV"
018NY6XC00VTGA2GH66S4382W7,"","Double OG Sour"
018NY6XC00VTCPE98TTH2ZW8Q7,"","Double OG Sourberry"
018NY6XC00VTR0MT63PDG1RPA3,"","Double OG Sour Diesel"
018NY6XC00VT8JAMT4VZW293BC,"","Double OG Sourkush"
018NY6XC00VTDFCT3G3N0DJAJK,"","Double OG Sourlemon"
018NY6XC00VTV4J0RRW1D1Q6DP,"","Double OG Sourscout"
018NY6XC00VTQW5T2JNMCHJR1T,"","Double Platinum"
018NY6XC00VT8Y82VWR26EN53D,"","Double Platinum Cookies"
018NY6XC00VTKEFPDT3XNE6FND,"","Double Purple"
018NY6XC00VT9X98N1590J5RQD,"","Double Purple Afgooey"
018NY6XC00VT0167WMG1ZVV7XD,"","Double Purple Blockhead"
018NY6XC00VTV7RJ4D6ZCRJM8E,"","Double Purple Bubba Diesel"
018NY6XC00VTEH4Y06Z8A3J0KM,"","Double Purple Bubba Kush"
018NY6XC00VTTC6A998Q1NMDFE,"","Double Purple Chunk"
018NY6XC00VT0YK0RKXYZEKN0P,"","Double Purple Doja"
018NY6XC00VTQH5ZMCF04TAADG,"","Double Purple Hulk"
018NY6XC00VTVJBCBFS9G6D9M3,"","Double Purple Kush"
018NY6XC00VTVCNYY4M44948CZ,"","Double Purple OG Kush"
018NY6XC00VTXBZCAWDB32GX3N,"","Double Rainbow"
018NY6XC00VTYC8VC92K9ZNA28,"","Double Red Cookies"
018NY6XC00VT2J9TJD43YJX3PM,"","Double Sour Bubble"
018NY6XC00VTRQ7QZ0AYW8T3VH,"","Double Sour Diesel v2"
018NY6XC00VTE2TKG4TW7QQDW0,"","Double Strawberry Diesel"
018NY6XC00VTQSTC2V2GHCFDMG,"","Double Stuff"
01E7BZ6HF0W06VAG9NKP14MVY5,"Indica/Sativa","Double Stuffed"
018NY6XC00VTZQXBESY7ZRAHA5,"","Double Stuffed Orange Cookies"
018NY6XC00VTXH386A73PK0H6K,"","Double Tangie Banana"
018NY6XC00VTG6CVA1BRJ8RETP,"","Double Tap"
018NY6XC00VTE8T1ZJT2ZBP3KJ,"","Double White Cheese"
018NY6XC00VTE8X4B3GDE20PNK,"","Double White Dawg"
018NY6XC00VTVHQ1ZWDSNDMTE1,"","Double Widow"
018NY6XC00VTR911SFX6C7Q7NW,"","Double X"
018NY6XC00VT8H93ZVTPFA5SNS,"","Doubl Tangie Banana"
018NY6XC00VT4TJ8HTEA8JE2KX,"","Doug's Varin"
018NY6XC00VTC8SWHZ89YMTTF9,"","Doyon Bud"
018NY6XC00VTGJ2Q7BR1B6GN9G,"","DP"
01E7C0RCHG92TSG7CPPV48FNEK,"-unknown-","D.P.D x Skywalker OG"
01E7C0RBRQMQBPGXJQ1C304FQ7,"-unknown-","D.P.D. x (Whitefire x Tahoe Alien)"
018NY6XC00VTKGWV7WW1PZDJSZ,"","Dragon"
018NY6XC00VTNR7FV7JFJ0VQ39,"","Dragon Berry"
01E7BZ6Y8F7MMGE3N46BR2CW3H,"Hybrid","Dragon Candy"
018NY6XC00VTMQD1Y6MX2TFQTN,"","Dragon Crack"
018NY6XC00VTBD55DVR9SQYG3Q,"","Dragon Fire"
018NY6XC00VTHNTWDZWMQQTP15,"","Dragon Fruit"
018NY6XC00VTG6C8Q20M7PXG1F,"","Dragonhead"
018NY6XC00VTB2FFBZA9QDN3DW,"","Dragon Lady"
018NY6XC00VTKYZAPH13N107AA,"","Dragon OG"
018NY6XC00VT59BE034WW2J4SE,"","Dragon's Blood"
018NY6XC00VTWMNRG3Z12ZZW0J,"","Dragon's Breath"
01E7BZ6WX4KEEB0109KF5RMG5Y,"Indica/Sativa","Dragon's Fire"
018NY6XC00VTYRT8TBJD6MH4AK,"","Dragons Teeth"
018NY6XC00VTEZ7X9J01V6YE5M,"","Draztic"
018NY6XC00VTBJ5SCK37AE12SF,"","Dr. Bogart"
018NY6XC00VTT25VM2F71ATEDG,"","Dr. Bubbles"
01E7BZ6N4T9364KFQ5FFX1DN1B,"Sativa/Indica","Dr. Clemenstein"
01E7BZ6NXJ00VGQJ2K418A36AE,"Hybrid","Dr. Cookies"
018NY6XC00VTZP3EV689VKKRX7,"","Dr. Dog"
01E7BZ71YBNR2CTRES0F9CWSE3,"Hybrid","Dread Bread"
018NY6XC00VT01RX1BZKFX3HMB,"","Dreadlock"
018NY6XC00VT5N48JD8AM6X8YY,"","Dready Kush"
018NY6XC00VTH53Z4NB5S4DWWG,"","Dream Beaver"
018NY6XC00VTJK6M78Z71TWG9M,"","Dream Berry"
01E7BZ751J41SP3AFV4Z8YPNKF,"Indica/Sativa","Dream Berry Haze"
018NY6XC00VTMWG3XC5GFDSBGA,"","Dream Catcher"
018NY6XC00VTX2AVQYE5G3YR6M,"","Dream Catcher Blue Black"
018NY6XC00VTCW08SEFAC5402V,"","Dream Catcher (Gage Green Group)"
018NY6XC00VTAP7HVN3P3VZXWJ,"","Dream Cookie F2"
018NY6XC00VT12E955ZTQZY87M,"","Dream Cookie Glue F2"
018NY6XC00VTN8SED4RQHD2B53,"","Dream Cookies"
018NY6XC00VTJJ64PAMJ6XHQNP,"","Dreamer's Glass"
018NY6XC00VT7H9AAW94C3CBZD,"","Dream Fire"
018NY6XC00VTHYZJ8FFMVCJ9AT,"","Dreamfruit"
018NY6XC00VT5XHW07VQR3B788,"","Dream Girl"
018NY6XC00VTM8MST429PSN2CF,"","Dream Goddess"
018NY6XC00VTGNP4G9V7TE9NAT,"","Dream Kush"
018NY6XC00VTTDXD6ERZ5FV8CG,"","Dream Land"
018NY6XC00VT6JPQTKRTDX9A43,"","Dream Lotus"
018NY6XC00VTWR6EHBMP8RJBYE,"","Dream N Sour"
018NY6XC00VTHHSTSP5331JD4X,"","Dream OG"
018NY6XC00VT81NSW68YVY9T1Z,"","Dream Pie"
018NY6XC00VTKRY2APVG4JGBQM,"","Dream Police"
018NY6XC00VTSJBRVX1R6FXETG,"","Dream Potion"
018NY6XC00VT9AF8J5KDZCRBVM,"","Dream Queen"
018NY6XC00VTM65XPQM95CGTRR,"","Dream Scout"
01E7BZ79WRD84YGDJXBWZR8X5A,"Indica/Sativa","Dream Sequence"
018NY6XC00VT1ZVV5FBC7XVD1A,"","Dreamsicle"
018NY6XC00VTKQMMDG1RASYTT6,"","Dream Star"
018NY6XC00VT5RFMRQ46A0KNSN,"","Dream Temple"
018NY6XC00VT04VE5821EQ68H5,"","Dreamtime"
018NY6XC00VTPF2DFNBNJF1Y0E,"","Dreamtime (Gage Green Group)"
018NY6XC00VT1NT66QPP3WMTZT,"","Dreamweaver"
018NY6XC00VT7DEM2AD4Y00P0Z,"","Dreamwreck"
01E7BZ7CZZRHZYV93P2TQ8N9GA,"Indica/Sativa","Dreamy Bubbles"
018NY6XC00VT5G4HMFW224PB7J,"","Dreamy Jones"
018NY6XC00VTFWV2X67ST2C728,"","Dreamy LSD"
018NY6XC00VTNGPSBN1TBEQ341,"","Drew"
018NY6XC00VT84K07JSMG33MJ4,"","Dr. Feelgood"
018NY6XC00VTGRRZTW4JXHRDVS,"","Dr. Funk"
01E7BZ6QVM1A1DP2EY79Y8B6NH,"Indica/Sativa","Dr. Greenthumb's Em-Dog"
018NY6XC00VTC4SG2MVGQ9M3S1,"","Dr. Grinspoon"
018NY6XC00VTKS1CTBQMESVRWA,"","Dr. Hemp #1"
018NY6XC00VT76XCN22BXQN7HM,"","Drizella"
018NY6XC00VTQ96KABQ5T065EN,"","Dr. Kevorkian OG"
018NY6XC00VTYKKZZ33TQY3N0H,"","Dr. Kush"
018NY6XC00VT0MTCR5KH5C39C4,"","Dr. Lemon"
018NY6XC00VTASM42TV5XRHZZR,"","Dr. Napo's Banana OG"
018NY6XC00VT80F40XDDSSBPA3,"","Drog"
01E7BZ6SKPGVXBTZAB7W705EKK,"Indica/Sativa","Dr. Quantum"
018NY6XC00VT9QH0PS3YD8PBZY,"","Dr. Quinn"
01E7BZ6TCG23QNSV9P5DQHYY6S,"Hybrid","Dr. Shakalu"
018NY6XC00VT53M6A2R1BV2DBW,"","Dr. Smurf"
018NY6XC00VTX7NTGM3RYWM4H1,"","Dr. Spock"
018NY6XC00VT6RQZ975TS0ZPPY,"","Druid"
018NY6XC00VT8GT6D4Y7JM8MKR,"","Drunken Master"
018NY6XC00VTFC25717PYT9AC1,"","Drunken Monkey"
018NY6XC00VTGYJCGK30X98SRH,"","Drunken Unicorn"
018NY6XC00VT8H75834Z3FTHWC,"","Dr. Weed Indica"
018NY6XC00VTNG15B0KVQ0J1G7,"","Dr. Weed Indica Purple"
018NY6XC00VTFTHX4A6JPX18KS,"","Dr. Weed Skunk Northern Lights"
018NY6XC00VTNYYYC73AZMTQ79,"","Dr. Weed Skunk Ruderalis"
018NY6XC00VT0N8T5BEYWVYH2N,"","Dr. Who"
018NY6XC00VTP5MYT5M8PQ4237,"","Dr. Wiet"
018NY6XC00VTFZAQS6048R383K,"","Dr. Wiet Kwekers Mix"
018NY6XC00VT51M08CKTMHG8ES,"","Dr. Wiet Mix"
018NY6XC00VTBSG2MVPGW2DC1Q,"","Dr. Wiet Purple Mix"
018NY6XC00VT62WW0425GP1572,"","Dr. Wiet's Own"
018NY6XC00VTW8T97GQEA22ZD5,"","DSD"
018NY6XC00VTASE161N6C76KVA,"","DTC 99"
018NY6XC00VTH4ECD1TEKKWFDM,"","DTC 99 A"
018NY6XC00VTQ6QTA2J676BX6J,"","Dub"
018NY6XC00VT7RNCVJ8PNT5649,"","Dubble Bubble"
01E7BZ7EB995Q7WT9H083SSX91,"Sativa/Indica","Dubbya Diesel"
018NY6XC00VT4VV0C1TJAQZ5VZ,"","Dubking"
018NY6XC00VTVQ5DB8S8QHRJ5R,"","Dubtech"
018NY6XC00VTZ7CNBHXNZT5RJG,"","Duck Diesel"
018NY6XC00VTT7M03F52Y8C0SJ,"","Ducksfoot"
018NY6XC00VT9WES1P40WC3ZGE,"","Duckys Deliverance"
01E7BZ7G950DPN6RZM8FJG0ZD6,"Hybrid","Duct Tape"
018NY6XC00VTK5CRRRF57PTX93,"","Duende"
018NY6XC00VT5XQQFW1DV21F59,"","Dug's Bud"
018NY6XC00VTFXSQYJAF8N46ZW,"","Duke Nukem"
018NY6XC00VTNW5C2RN0D1K0RE,"","Dumbo"
018NY6XC00VT39F69SK32BF2TC,"","Dumpster"
018NY6XC00VTYMBGFCY03HZCVM,"","Dumpster Diver"
018NY6XC00VTN0YVH1H4VRK8J9,"","Dumpster OG"
018NY6XC00VTKMST71XV7TTG2W,"","Durango OG (DGOG)"
018NY6XC00VTH265AJQ3WCQMJX,"","Durban"
018NY6XC00VTNJGHRD9Y4QSSGG,"","Durban Berry"
018NY6XC00VTC9276HZVVNT56F,"","Durban Cheese"
018NY6XC00VTF91SMMAP3C7Q2G,"","durban cookie"
018NY6XC00VTDG2FGXTY91JMDM,"","Durban Cookies"
018NY6XC00VT4WWREZ3WVXYZE2,"","Durban Diesel (Sour Poison)"
018NY6XC00VTJGPQTA0NNTAFPM,"","Durban Dragon"
018NY6XC00VTNNV217T5CRVA0S,"","Durban Dream"
018NY6XC00VTG02NBXFNAPDVJ2,"","Durban Fire"
01E7BZ7MHTJW7Q780SY8FGEQG1,"Sativa/Indica","Durban Haze"
018NY6XC00VTXPC8G25D7PV9F7,"","DURBAN KUSH"
018NY6XC00VTDM9BT18Z2AAA2F,"","Durban Mango"
018NY6XC00VTMQCG6MY7TQ7NRG,"","Durban Orange"
018NY6XC00VTDXYF3XCNEHAT0Q,"","Durban Pie"
018NY6XC00VT6ZG9CH7GT4YNKN,"","Durban Poison"
018NY6XC00VTZ0Y711ACZWM208,"","Durban Poison #1"
018NY6XC00VTJ8JJP0AVN1R8SR,"","Durban Poison Amazing Special"
018NY6XC00VT3AHD4VKD28JAZ6,"","Durban Poison (Dutch Passion)"
018NY6XC00VTRCF4M2Q5758YGM,"","Durban Poison GAL332"
018NY6XC00VT4CTFZ5MNTZGRTH,"","Durban Poison GAL345"
018NY6XC00VT5F07CP3XE79560,"","Durban Poison GAL6403"
018NY6XC00VTZF1VAV1RGJA0GX,"","Durban Poison GAL6437"
018NY6XC00VT6G2TA2E1AYN9R4,"","Durban Poison (Gold Crown)"
01E7BZ7PFP3VVWMW6TXHN5WJMY,"Sativa/Indica","Durban Princess"
018NY6XC00VTME0EJR65GEMP5N,"","Durban Red"
018NY6XC00VT0M2749MG8H8QA5,"","Durban River"
018NY6XC00VTSRBF4RWK2KYN1N,"","Durban Sativa"
018NY6XC00VTTZ3YXENTHSR5T2,"","Durban Skunk"
018NY6XC00VTTVG45KQYNPW36S,"","Durban's Revenge"
018NY6XC00VTSFAGYA1ZXF3HN7,"","Durban Star"
018NY6XC00VTPH1GCE63CTYW15,"","Durban Thai Highflyer"
018NY6XC00VTVP5GQCSNWED3ZP,"","Durban Wreck"
018NY6XC00VT0FGPBAEAYKVET8,"","DurbOrangePoison"
018NY6XC00VTW8A7YYZD2PWQ8P,"","Durga Mata"
018NY6XC00VTM7W6WS48PEBB7F,"","Durganchitral"
01E7BZ7SJZ9CA8H29T8B6AK17C,"Indica/Sativa","Durkle"
01E7BZ7TBP6067H87JRWF4KT7Y,"Indica/Sativa","Durraflame"
018NY6XC00VTTN2J3FEFP3TDD7,"","Durweiss"
018NY6XC00VTBKJQBF0SHGZS4V,"","Dutch 47"
018NY6XC00VTC8CQCJMATFJB78,"","Dutch Automatic"
018NY6XC00VTBCBETNM61FTXE0,"","Dutch Berry"
018NY6XC00VTK198EDPHG6JMP8,"","Dutch Blue Automatic"
01E7BZ7X8PVJSFE991MP7RCHQ3,"Hybrid","Dutch Bubble"
018NY6XC00VTEXYKG7S77RW668,"","Dutch Cough"
018NY6XC00VTBGXH26S4E82F1F,"","Dutch Crunch"
018NY6XC00VTATSZ0NW53HBATV,"","Dutch Delight"
018NY6XC00VTWA9F941EKBE8F6,"","Dutch Dope"
018NY6XC00VT9BTX8CDP80CN99,"","Dutch Dragon"
018NY6XC00VTVCTM49CA737H0D,"","Dutch Dream"
018NY6XC00VTZKXHMJP68MM6D3,"","Dutch Gold"
018NY6XC00VTTVZBEFGCTJ68Y8,"","Dutch Hawaiian"
018NY6XC00VTNVD63WEQTHHB37,"","Dutch Haze"
018NY6XC00VTCDHA54DMVZCVJJ,"","Dutch Haze Skunk"
018NY6XC00VTHT3ZMBHGHKADHW,"","Dutch Indica"
018NY6XC00VTQX8W99TMA538KC,"","Dutch Jack"
018NY6XC00VTQG7G963YY66NMC,"","Dutch Kush"
018NY6XC00VTDJ3AEAGM2E9JT2,"","Dutch Leopard"
018NY6XC00VTVSRMHKQG8HQD27,"","Dutchman's Royal Orange"
018NY6XC00VTB00SRK8E9HSXCW,"","Dutch Oregon Indica"
018NY6XC00VTWHW6J20HV8BJ9A,"","Dutch Passion"
018NY6XC00VTHWBZ926AN4589A,"","Dutch Passion Four And More"
018NY6XC00VT6A5WW2HVB5XYMD,"","Dutch Punch"
018NY6XC00VTRHVWDAKMT65T1P,"","Dutch Queen"
018NY6XC00VT78W7QR81AGE6E4,"","Dutch's Blue Dream"
018NY6XC00VTK7VXH22FYFB70Q,"","Dutch Schultz"
018NY6XC00VT4DJY1D7XDCAQGN,"","Dutch Skunk"
018NY6XC00VTNE987WXCTBATHQ,"","Dutch ThunderFuck"
018NY6XC00VT3ZFYRN6XDMMVPH,"","Dutch Train Haze"
018NY6XC00VT25K9RP27W7NB2C,"","Dutch Treat"
018NY6XC00VTH03N85XXJE90J7,"","Dutch Treat Haze"
018NY6XC00VTYPSNADXYN6ET47,"","Dutch Wreck"
018NY6XC00VT72YCG8XZ8V719A,"","Dynamite"
018NY6XC00VTY2ZEVMECWKZD9M,"","Dynamite Cookies"
018NY6XC00VTBG47YYDF5MFF6J,"","Dynamite Grapefruit"
018NY6XC00VTP1PE0X2R23W7PW,"","Dynamite Larry OG"
018NY6XC00VTCBZQAYKKNGKF8F,"","Dynamite OG"
018NY6XC00VT1GSGJV4QAQCVM5,"","Dynamite Sour Diesel"
018NY6XC00VT9HAZDYDWXBSJTN,"Indica","Dysisica"
018NY6XC00VTFR218HA5VBRMRE,"","E005A.MMPR00.01"
018NY6XC00VT9S4J3DEP1M348R,"","E005A.MMSG00.01"
018NY6XC00VTQQ1C59FT7WC5MW,"","Eagle Scout"
018NY6XC00VTDXE65ABG9KNXX5,"","Eagle Scout Cookies"
018NY6XC00VT8FY3Q06H1KQJMA,"","Early Bird"
018NY6XC00VTXWGHACXJHVV46V,"","Early Bramble"
018NY6XC00VTBH122HCZWAT4J8,"","Early Brambleberry"
01E7BZ95VXYJ7MAFZN6KBJE0TA,"Indica","Early Bubba Hash"
018NY6XC00VTEV4G896JRDZJ15,"","Early Bubba Kush"
018NY6XC00VTKWHHC2DKNCDXZ9,"","Early Bud"
018NY6XC00VTZHSKHH7BHKFF8S,"","Early Cal"
018NY6XC00VTMJVF4MABZBQ0CS,"","Early California"
018NY6XC00VT1T2WWK6T1GBMFE,"","Early Chemo"
018NY6XC00VT1JSYVGJD59BP63,"","Early Durban"
018NY6XC00VTZ1NRSV0BZBD958,"","Early Girl"
018NY6XC00VTKG8CRKSE21X1FQ,"","Early Gold"
018NY6XC00VTCX4JE2HHDBGZ1N,"","Early Green"
018NY6XC00VTEWZWV6JTVVM57C,"","Early Haze"
018NY6XC00VTQ4MTNGBYG7XSE3,"","Early Island Indica"
01E7BZ97788XF1FM77EHW4A1TB,"Hybrid","Early Lemon Berry"
01E7BX7D9PZA48X8AKJ90EVZCC,"","Early Maroc"
018NY6XC00VTT29D4BBK4NXH4J,"","Early Miss"
018NY6XC00VTM83WMK86AVDK3Y,"","Early Misty"
018NY6XC00VTC4WS5F3JAPXCBX,"","Early OG"
018NY6XC00VT3Z0C3H04RF00WK,"","Early Outdoor Cambodian"
018NY6XC00VTEBYJTS905XBRZG,"","Early Pearl"
018NY6XC00VT4A3R91A5K7A5SX,"","Early Pearl F2"
018NY6XC00VTZ80211KM2J8AGS,"","Early Purple Kush"
018NY6XC00VT1EVT7S4WFFPMGA,"","Early Queen"
018NY6XC00VTAX0H1WPDWGPQ1G,"","Early Riser"
018NY6XC00VTEPST162BZFCCNW,"","Early Sativa"
018NY6XC00VT8DF8GQ1CS37AKG,"","Early Skunk"
018NY6XC00VTDZZTEDZXBP9Z4Q,"","Early Skunk (Sensi Seeds)"
018NY6XC00VTCZA1X2AQTQTQ00,"","Early Special"
018NY6XC00VTJ037TJ23Z6FQ8G,"","Early Swazi"
018NY6XC00VTEF656C837WC28E,"","Early Swazi Skunk"
018NY6XC00VTWZXQNCFNVKQ9SN,"","Early Vixen"
018NY6XC00VTAXYHC1G3Z0SS7E,"","Early White"
018NY6XC00VTDMMEK6HY74C6XP,"","Early Wonder Skunk"
018NY6XC00VT848CCCPBQEP6R9,"","Earth Mints"
018NY6XC00VTG4KPB97S5859KF,"","Earth OG"
018NY6XC00VTQ726ZKNGPAK851,"","Earthquake"
018NY6XC00VT8KB3XGNX5NEBG5,"","Earth Shaker"
018NY6XC00VT3NHMW4BE53NV6M,"","Earthshaker OG"
018NY6XC00VTWY5T0PMVBRHHMM,"","East Coast Alien"
018NY6XC00VT88TX4F3DV8T1XK,"","East Coast Purple Diesel"
018NY6XC00VTDEHTR9C5F26VQ7,"","East Coast Sour Diesel"
018NY6XC00VTDGJ9SC6E89F44D,"","East Coast Sour Diesel A"
018NY6XC00VT37MFP02NWW2Y1C,"","East Coast Sour Diesel v3 (ECSD)"
018NY6XC00VTN2VY4SG3PAQ2TC,"","Eastern European"
018NY6XC00VTXC2GP2KFNN1Q6B,"","Easy Bud"
018NY6XC00VT0KA0FSJYKZRTJ6,"","Easy Bud (Royal Queen)"
01E7BZADW32Z3H60Z79S6VPM5M,"Sativa/Indica","Easy Cheesy"
018NY6XC00VT2RYQX0V531X19V,"","Easy Peezy"
018NY6XC00VT3PBZ4A2C1QBCHP,"","Easy Rider"
018NY6XC00VTY72205WS8JMAMD,"","Easy Sativa"
018NY6XC00VTEHSY1YP787YB42,"","Ebola #7"
018NY6XC00VTWCQ6NYQP5DV2PJ,"","Ebola #7 (THCbola)"
018NY6XC00VT1W49BNPRSZ2AGH,"","Eclipse"
01E7BZAHJ3QCAYBDNNM12K1VR0,"Sativa/Indica","ECSD x The White"
018NY6XC00VT93SC737QFKJ4N2,"","Ecto Cooler"
018NY6XC00VTRN0TTB8WT5MXF5,"","Ecuador"
018NY6XC00VT74ZAEM78YPAHGW,"","Ecuadorian Landrace"
018NY6XC00VTZVB683FR7NF5BS,"","Edelweiss"
018NY6XC00VTG8JW2S38NMSTNW,"","Ed Rosenthal Super Bud"
018NY6XC00VTGKZ72J0ASQ8P4W,"","EFF Cancer"
018NY6XC00VTPTQM54C7F65QEH,"","Eggmont Outdoor"
018NY6XC00VTVD8Q6AVC8VEMNY,"","Egon's Diesel"
018NY6XC00VT9CY196T39TV3NP,"","Egyptian Hashplant"
01E7BZAM2PFWH1VN9S24MZM4YP,"Indica/Sativa","Egyptian Royalty #1"
01E7BZAMVGXB5PYHB7QWKBSZ2J,"Indica/Sativa","Einstein's Pipe"
018NY6XC00VTG95MNB5JDB2VQP,"","Eisbaer"
018NY6XC00VTTVDHFCSMV0WRPS,"","El Alquimista"
018NY6XC00VT2EM5S2F8XW8JZH,"","El Chapo"
018NY6XC00VTTMRR26EH8GH8A5,"","El Chapo OG"
018NY6XC00VT65NTKMQ8A03SND,"","El Cid"
018NY6XC00VTJPK5RAQ0E5XVTD,"","El cucaracha"
018NY6XC00VTNTMAF4ZN1HK3KN,"","Elderberry"
018NY6XC00VTS33MED8X4YMR9J,"","Elderberry Kush"
018NY6XC00VTVTM0F5XWTQC5SC,"","El Diablo"
018NY6XC00VTBH3PX2F8YV34ME,"","El Diablo OG"
018NY6XC00VT19D2DE4QVA2BYB,"","El Dorado"
018NY6XC00VTE0QXPD36VH04F0,"","Electric Black Mamba"
018NY6XC00VTV1DATP6VJ1DNW8,"","Electric Blues Dream"
018NY6XC00VT62HKGH119XY8SY,"","Electric Cowboy"
01E7BZHK72H5P6K3PCJNE1ZC1Z,"Hybrid","Electric Dog Shit"
018NY6XC00VTG5Y59C4C683TRF,"","Electric Grape Punch"
018NY6XC00VT7X7GF5FQWXQRGH,"","Electric Haze"
018NY6XC00VTQ7427AVKH7H6R2,"","Electric Kool Aid"
018NY6XC00VTEKNCN511RRW5QV,"","Electric Lady"
018NY6XC00VTJ9DRMFRW717RZC,"","Electric Larry Land"
018NY6XC00VT8G4FW1A3GX2SDY,"","Electric Lemonade"
018NY6XC00VT195KMZFCZVYDSR,"","Electric Lemon G"
018NY6XC00VTSPW3ZTK0Z0DDF1,"","Electric Mayhem"
018NY6XC00VT14G8XFP0NA5CY4,"","Electric Watermelon OG"
018NY6XC00VT3XFBHX16A4HRFA,"","Elegy For JoJo"
018NY6XC00VTD3P4WZ88G63JEK,"","Element 9"
018NY6XC00VTWJX403H1N4JB81,"","Elephant"
018NY6XC00VT600YGSP7V6HZP8,"","Elephant Bud"
018NY6XC00VTNS7VMR9QER53YH,"","Elephant Stomper"
01E7BZHPWPJZ4QWK64H1F1WGJ0,"Indica/Sativa","Elevate Og"
018NY6XC00VTVWXVX2TQNQC2BG,"","Elfinstone"
018NY6XC00VTJJJX1Q2V5BVRAM,"","Elf Snack"
018NY6XC00VTYBTF8YAB3EFJ50,"","El Fuego"
018NY6XC00VTZC6YHH964SP00C,"","El Fuego Blanco"
018NY6XC00VTE5TDWZ0KH2AY3Z,"Hybrid","Elioraca"
018NY6XC00VTRNHEBSV2WBET43,"","Elite G-13"
018NY6XC00VTE56ZQHGY75H5DV,"","Elite Treat"
018NY6XC00VTC9TTWX5QCSF0PS,"","El Jefe"
018NY6XC00VTG3ETH5VF12V6GA,"","El Jeffe"
018NY6XC00VTCNDMHSY51RCYYT,"","Ella Tonic"
018NY6XC00VT1WM5K44HV99PRW,"","Elmer's Glue"
018NY6XC00VT0FTXHKJMR4A0SQ,"","Elmo"
018NY6XC00VTQ1ZJSZ4KDDMF2E,"","El-Na"
018NY6XC00VTDTRRSNGXVEK7Z9,"","El Nina"
018NY6XC00VTZ10D90WNJ6796M,"","El Nino"
018NY6XC00VTP18HR4D2K7R7JZ,"","El Niño"
018NY6XC00VT2ZNQFQ9XT9SM7V,"Hybrid","Eloralix"
018NY6XC00VTG7F9FWA7CHHEGZ,"","El Perro"
018NY6XC00VTM4GECNPM2H625M,"","El Peru"
018NY6XC00VTGDJGEGE4MYJRJY,"","Elphinstone"
018NY6XC00VTT81G89178R4MGF,"","El Queso"
018NY6XC00VTVT05GMCCQBJP2R,"","Elusive OG"
018NY6XC00VTGDBJE197WYCZ6Q,"","Elvis"
018NY6XC00VT22M9PQR8VR486Q,"","ELVIS ALL CRACKED UP"
018NY6XC00VTD6EH5F7KCQS2T9,"","Elvis Diesel"
018NY6XC00VTCEH64QW8ZN9G32,"","Elvis Mendo"
018NY6XC00VTEM5QB020TYV4ZT,"","Elvis OG"
018NY6XC00VT1CME0HHBKXNNP8,"","Elysian Fields"
018NY6XC00VT9M9K1NMPVJR8XW,"","Elysium"
018NY6XC00VTY4XSYTJW5F0T1C,"","Em-Dog"
018NY6XC00VTTYZ22YATSG2MCQ,"Sativa","Emerald"
018NY6XC00VTJAFCZ75VRA5226,"","Emerald City"
01E7BZHXF9F6SEBMF3HQ7JSR1Q,"Sativa/Indica","Emerald Cookies"
018NY6XC00VTX3N9Q4HTGVYP0T,"","Emerald Diesel"
018NY6XC00VTKYBX2SPV63H9MH,"","Emerald Dream"
018NY6XC00VTW9FWT8CGA6HH8R,"","Emerald Headband"
018NY6XC00VT6AAEV1CFRAVVPF,"","Emerald Heart"
018NY6XC00VT3NR9GCQCD22716,"","Emerald Jack"
018NY6XC00VTBYFSMH1C7DX4P1,"","Emerald OG"
018NY6XC00VT4KGFVXXVY6QXX3,"Sativa","Emerald Rainbow"
018NY6XC00VT7997EG9XKZ9PNS,"","Emerald Triangle"
018NY6XC00VTW7P4MEZHZYT7WE,"","Emerald Triangle Funk"
018NY6XC00VT3RMA15K9SXW51S,"Sativa","Emikovir"
018NY6XC00VTBT6CZQP9KHN6FE,"","emperor blend"
018NY6XC00VTSF5XFT207DP7S4,"","emperor cookie dough"
01E7BZJ14R7QYC3CTBEEJZ72SC,"Sativa/Indica","Emperor Cookies"
018NY6XC00VTRC42S9M80FMQNJ,"","Emperor OG"
018NY6XC00VTPPCEQVG84E812G,"","Emperor OG Kush"
018NY6XC00VTCRW33105ARV66W,"","Emperors Haze 2010"
018NY6XC00VTAZM1XMC1JC9AK3,"","Emperor's Mandarins"
018NY6XC00VT4E2R8MEX0EPBQQ,"","Empire Diesel"
018NY6XC00VTD80095SEM1GNQ3,"","Empire Dreams"
018NY6XC00VT1PJEW3Y92CMAHM,"","Empire Kush"
018NY6XC00VT8W4X350TK955ZK,"","Empire OG"
018NY6XC00VT68CYAFXVHHKM40,"","Empress Kush"
018NY6XC00VTS2709ZCRQPDN5A,"","Enchanted Cookies"
018NY6XC00VT29S25KKD0NZKW2,"","Endless Sky"
018NY6XC00VTFDBREMEECRAWZG,"","Enemy of the State"
018NY6XC00VTBC8AM185PHHT7F,"","Engineers Dream"
018NY6XC00VTWQGDFHBDMXCBBT,"","Enhanced Dutch Crunch"
018NY6XC00VTF54JQG84RHCDH5,"","Enigma"
018NY6XC00VT7Z0M4G92N7XJWG,"","Enigma OG"
018NY6XC00VT30HG9ZSNWRTW99,"","Enzo Kush"
018NY6XC00VTY2BFFEPWBAWPFP,"","Epic"
018NY6XC00VT4YR6M95EEJ7YBH,"","Epik Cookies"
018NY6XC00VTNB3T0VCM3FWRRY,"","Epik Purple"
01E7BZJ6BW6HSMCTD2M9D50C0W,"Hybrid","Epoxy"
018NY6XC00VT6NFD928A4E4WAE,"","Epoxy OG"
018NY6XC00VTHMWVNJJ9XM7NH7,"","Equanimity"
018NY6XC00VTP83FMHZ3XCVRYH,"","Equanimity (Cult Classics Seeds)"
018NY6XC00VTCTP5QQEAKP7N06,"","E.R."
018NY6XC00VT786W5HX2Y1WRWA,"","Eran Almog"
01E7BZJ7Q6M5BK6P9TV65YN5V7,"Sativa/Indica","Erdbeer"
018NY6XC00VT0DBFJYNM73FV4D,"","ErdPurt"
018NY6XC00VTP9958BBZRK411A,"","ErdPurt (Zenseeds)"
018NY6XC00VTWGKQTQT5N1653Q,"","Erez"
01E7BZKVDQT1D9F0FXMJNCV8TX,"Hybrid","Erk"
018NY6XC00VTKQ4PJHTPW5CF3K,"Indica","Erledex"
018NY6XC00VTA981TEMTBR15S2,"","E-Rocket"
018NY6XC00VT8YP08TN34M8Y24,"","ES"
018NY6XC00VTM0CJ77XM2YXCD1,"","ESB"
01E7BZKW6H5MARREYE6WNZSNS5,"Indica/Sativa","Escaped"
018NY6XC00VTZSMQB1XJQ3TTP6,"","Escobar"
018NY6XC00VTMQ76J2F6NKF1EC,"","Espresso"
018NY6XC00VTCC5BQG2ZW80X7K,"","Essence"
018NY6XC00VTRQFH9GZQSG7W7G,"","Essentia"
018NY6XC00VTDDQ2NSTPKMKTTJ,"","Estrela"
018NY6XC00VT8REWAG27Z8QA28,"","Ether"
018NY6XC00VTHM9NYC60C96RMV,"","Ethiopian"
018NY6XC00VT9636B9F8BS3NJR,"","Ethiopian 1"
018NY6XC00VTWYF5GWJK8EW5EY,"","Ethiopian 4"
018NY6XC00VTTBDJT7NW2HVYH1,"","Ethiopian Highland"
018NY6XC00VT8Y9CZNPJWMN4ZS,"","Ethos Black Fire F-1 Cupcut"
018NY6XC00VTCWQ9CWSD6W3BP2,"","Ethos Black Fire F-2 Male"
018NY6XC00VTDZRDSHY8JZYP9Z,"","Ethos Citral Skunk RBx1"
01E7BZMEAXA3CAPQ4EMT8BRD4B,"Hybrid","Ethos Hash Plant BX1"
018NY6XC00VT66BW1SH05FAT1V,"","Ethos Mandarin Sunset F1"
018NY6XC00VTFW6ZEE3FVNRYA7,"","Ethos Mandarin Temple F1"
018NY6XC00VT5TTKR537HKAWG7,"","Ethos Snowball R1"
018NY6XC00VT01RWS12A88RM0H,"","Ethos Sour Jack"
018NY6XC00VTATYW6J8N05TV8A,"","Ethos Temple Kush F1 (m) A-line"
018NY6XC00VTKWYTA2YF7CYCVM,"","ET OG"
018NY6XC00VTD6XPZNY187CF2A,"","Euforia "
01E7BZN6P1NHDJNN7PJNE44899,"Hybrid","Eugene"
018NY6XC00VTJEMH1QH9DWWBRF,"","Eugene Cream"
018NY6XC00VTSMGYGR6WMZGS2X,"","Euphoria"
018NY6XC00VTCNG6FEGGY6MAZC,"","Euphoria Candy"
018NY6XC00VTRQHG4ZVH25W3V5,"","Euphoria Cookies"
018NY6XC00VTGKVCXP268Z1K2Y,"","Euphoria Unlimited"
018NY6XC00VTH43N3AN7AV5ZJ5,"","Euphoric"
018NY6XC00VTPTYSP2CZ5G80V9,"","Eve"
018NY6XC00VTB4C2V5T3S5P5G1,"","Evelyne"
018NY6XC00VTT7R5Z2FZREPAZW,"","Everest"
018NY6XC00VT1NCPPMEYN0YSWM,"","Everest Bud"
018NY6XC00VTWETCRYDC8Z6503,"","Everest Queen"
018NY6XC00VTV4JQTB9DVYPW3X,"","Evergreen Berry"
018NY6XC00VTK8684Y07Q3ZDH3,"","Evergreen Og"
018NY6XC00VTZVWT0QZF7FM5AJ,"","Everlast"
018NY6XC00VT50W1XJP2SFRECF,"","Everlasting Grape Stomper"
01E7BZN9TVK6DY4N3B8SR8BDCJ,"Hybrid","Eve's Bush"
018NY6XC00VT0SMVN1MZR7FTQM,"","Evil Knievel OG"
018NY6XC00VT8DWT0ZE8EN0J1V,"","Evil Pineapple"
018NY6XC00VT3D6FKVBJYVJJSW,"","Ewe 2"
018NY6XC00VTSFJ5H2DWSGBFVE,"","Ewok"
018NY6XC00VTQAEZV5HMH79BN3,"","Excalibur"
018NY6XC00VT0JCTY7G60XWE0C,"","Exclusive OG"
018NY6XC00VTMM4HGW8F23ZTMS,"","Exe Kush"
018NY6XC00VTA7YG4GGBK17RV3,"","Exile"
018NY6XC00VTCNEGZ0DHHE6BSP,"","Exo Confidential"
018NY6XC00VTDZH13783Y3YHWQ,"","Exodus Cheese"
018NY6XC00VTG87CH6FG60YT2S,"","Exodus Kush"
018NY6XC00VTV8MCM9SCTR0JGS,"","Exodus OG"
018NY6XC00VTAS7YZZJ2FEG8TV,"","Exotic Fighter"
018NY6XC00VT8TAYRXXD5G8QM0,"","expert haze"
018NY6XC00VTSV3QCZN3QR7M9J,"","Extreme Cookies"
018NY6XC00VT94FXE74W1RH9SE,"","Extreme Cream"
01E7BZQXJW803GA9MMH20PHHNJ,"Indica/Sativa","Extreme Impact Auto"
018NY6XC00VT3E1W2N8KX1WMA9,"","Extreme OG"
018NY6XC00VTBEXKZ88FM9FKJ9,"","Extreme Orange"
018NY6XC00VTF27GW6V2R98DSA,"","Eyeliner OG"
018NY6XC00VTZGBB3N4B0C3BT2,"","F1"
018NY6XC00VTQDXJ6MAZ05Y2TP,"","F-13"
018NY6XC00VTM2RVYAT7RFCEW6,"","F-16"
018NY6XC00VTA5QW1785NMHK5A,"","F1 / Durban Poison"
018NY6XC00VTQ0WTEYXVBTJ4EA,"","F2"
018NY6XC00VTZH9YEH96AX9CSY,"","Face Melt OG"
018NY6XC00VTSK7MPPHNM3XAGR,"","Face Off"
018NY6XC00VTY3N5ZH3VSMH1ZY,"","Faceoff Cut OG Kush"
018NY6XC00VT5EQTJY09Q6HX9Z,"","Face Off OG"
018NY6XC00VTZHQDWNE9JBS1PG,"","Face/Off OG BX1"
018NY6XC00VTAVBR9G1WRAMCKX,"","Face/Off OG BX2"
018NY6XC00VTG579MAWCEQTFQT,"","Face On Fire"
018NY6XC00VTH3GGWYPR4KSNZ2,"","Face Paint"
018NY6XC00VT91FJ3JMWWEWHFP,"","Facewreck"
018NY6XC00VTA5P7S6E3GPEKFW,"","Facewreck Haze"
018NY6XC00VTCTQ6KYW0T7T2KA,"","Faded Alien"
01E7BZVG0F4R58VPY5M5G7SJRZ,"Sativa/Indica","Faded Glory"
018NY6XC00VT08PSN7VZMEJQFD,"","Fainting Goat"
018NY6XC00VTVJBJFRS2PMZ73R,"","Faith"
018NY6XC00VT7YW7JWPWBE6T0P,"","Fake Ape"
01E7BZVHBRSKWCGCT0ACR78HCQ,"Indica/Sativa","Falcon 9"
018NY6XC00VT1H144F7BQE3700,"","Fallen Angel"
018NY6XC00VTCDE3E997CZ6RRD,"","False Teeth"
018NY6XC00VTDBAKFB61DSXQ1R,"","Family Vault Purple"
018NY6XC00VTZPS5HZRC7RAE3G,"","Famine"
018NY6XC00VTHX2VMGBS270BFC,"","Fanboy OG"
018NY6XC00VT2SWJHBQVV98JR7,"","Fantasma"
018NY6XC00VTY8HS3EEDPDSGM4,"","Fantasmo Express"
018NY6XC00VT4SYB4QC4QHKDES,"","Fantasy Island"
018NY6XC00VT8JBSZK1TA7FHEV,"","Farkle"
018NY6XC00VTQYPEKAZJ3C2H68,"","FarNorCal Farms Purple Kush"
018NY6XC00VT1X6GR44BXY2K05,"","Far Out"
018NY6XC00VT51S58RSJP4Y5Q2,"","Fast Blast"
01E7BZVKW9T61BYSJWN7EG2JB6,"Indica/Sativa","Fast Caramel"
018NY6XC00VTFAE8F7RS3F7VXN,"","Fast Eddy"
018NY6XC00VT4YJ20HVH6DP8P4,"","Fast Freddy"
018NY6XC00VTG9XPFVQTQYXYWG,"","Fast Manitoba"
018NY6XC00VT7W8MGKGQZ6RXAE,"","Fast Poison"
018NY6XC00VTER8F0V2CSB979B,"","Fast Widow"
018NY6XC00VTQF21QP2BDBHYH9,"","Fat Albert"
018NY6XC00VTAC1GWZECVYD17N,"","Fat Axl"
01E7BZVPCQV7GAA46EKYG8JFZJ,"Indica/Sativa","Fat Banana"
018NY6XC00VT0ZGR03ZJMA11FA,"","Fat Bastard"
018NY6XC00VTJ07X273JXSE1YN,"","Fat Marty"
018NY6XC00VT6XKNSG4QRWAHNG,"","Fat Nelson"
018NY6XC00VTSJGA3XPTNSKANK,"","Fat Purple"
018NY6XC00VTS6NBK3CRGE4NAQ,"","Faygo Red Pop"
018NY6XC00VTEC9HRSX6NTVW5R,"","Faze 3"
018NY6XC00VTAY6275E6P43QGS,"","FBGM"
018NY6XC00VT9G95CZQG8SA6N6,"","F-CANCER"
01E7BZVDG0TXP8BM6TDSBGR1WF,"Indica/Sativa","F-Cut OG"
018NY6XC00VT3HZXFPDMFW387A,"Hybrid","Fedalgo"
018NY6XC00VTREVF7RVCDNHX71,"","Fedora17"
018NY6XC00VTATA7VJYEHMC1FY,"","Feel Right Kush"
018NY6XC00VTH59QSACJ316Q3F,"","Felina32"
018NY6XC00VTJ9TGMQ3QEKY0JE,"","Femme Fatale"
018NY6XC00VTCMYFTFA5X095T5,"","Fennel Kush"
018NY6XC00VTTYSPNNCG5QBGST,"","Ferimon"
01E7BZVT29D54893NCMEQASGVS,"Indica/Sativa","Fern Dawg"
018NY6XC00VT0F74CCNDBRXMA9,"","Fern Dog"
018NY6XC00VTYA091CAD0DX5HC,"","Ferrari Fume"
018NY6XC00VTC9PYYVS7MK71FD,"Sativa","Fersek"
018NY6XC00VT2CCPCHW5EDQVF8,"","Fertodi Hungary GAL6162"
018NY6XC00VT5ECR0K9C42HM61,"","Fertodi Hungary GAL6163"
018NY6XC00VT9NP1BXDXKQSCJS,"","Feygo Red Pop"
018NY6XC00VT0858SQ8Q60J9E1,"","FG 13"
018NY6XC00VTVG7KX6BCT44YKV,"","Fifty-Four (Surf's Up)"
018NY6XC00VTG2Z84FWH5MXCQD,"","Fig"
018NY6XC00VTTTVGEN4YB2MNKJ,"","Fighting Buddha"
018NY6XC00VTXQ5W6NXBVRY8AT,"","Fig Skunk"
018NY6XC00VT781W1RKM7HG4KD,"","Fig Widow"
018NY6XC00VTPEZ4YRFR0QNXV0,"","Fig Widow Queen"
018NY6XC00VTB9Q66Z6VK9X03M,"","Fijian Sativa"
018NY6XC00VT5ND2QEBSQ2CSZT,"","Finola GAL5801"
018NY6XC00VT98CRCJM1PE3WAZ,"","Finola GAL6220"
018NY6XC00VTBVX5N68857X4Q1,"","Finola GAL6221"
018NY6XC00VTKN6S8QVXHQ034Q,"Indica","Fioraden A"
018NY6XC00VTWDJCPBVG7PVRV4,"Sativa","Fioraden B"
018NY6XC00VTHBJCYZDKMAX9TQ,"Indica","Fioraden C"
018NY6XC00VT74E4JWPB7Q0NV9,"Indica","Fioraden D"
018NY6XC00VTMH704R79DSGDP5,"CBD","Fioraleve A"
018NY6XC00VTA0CP3N1DT8MECC,"CBD","Fioraleve B"
018NY6XC00VTFNHKP1PF81RTJC,"Hybrid","Fioralex"
018NY6XC00VTFDHABBWDYY23HV,"Hybrid","Fiorose"
018NY6XC00VTXY318H99A2D3PQ,"","Fire Alien Black"
018NY6XC00VTXZZTF3XC9KE1GZ,"","Fire Alien Kush"
018NY6XC00VTEN1M4P99K1MCJG,"","Fire Alien Master"
018NY6XC00VT98BYADHZRNA2HS,"","Fire Alien Romulan"
018NY6XC00VTNSBYXSR01DGHWR,"","Fire Alien Strawberry"
018NY6XC00VTZ8BWEMV1Q4ARE7,"","Fire Alien Urkle"
018NY6XC00VT8AVN4STGVCW1PW,"","Fire Angel"
018NY6XC00VTXNCWKGPMPH4B1K,"","Fireball"
018NY6XC00VT8KXR37T7E2S43R,"","FireBall OG"
018NY6XC00VTR0T5Y6TTACHT83,"","Fire Bay"
018NY6XC00VT9ZH2TGHRCDB4D5,"","Fireberry"
018NY6XC00VTKD2Y4PSKSVVQ8D,"","Firebolt"
018NY6XC00VTE2R398NXMBF1J0,"","Fire Bomb"
018NY6XC00VT6G7SF46GPKR103,"","Fire Bubba"
018NY6XC00VT3V10QCM2ZNS41D,"","Fire Cherry Cookies"
01E7BZW02EBR0V808WQRJMK126,"Indica/Sativa","Fire Cookies"
018NY6XC00VT20W2B7KGKXG6E6,"","Fire Cookies F"
018NY6XC00VTFJPZ5ZBG8XHTJ7,"","Fire Cookies F2v2"
018NY6XC00VTVVHMGMAYPYAD7W,"","Fire Cookies G"
018NY6XC00VT8HK1BXN1PWSBY5,"","Fire Cookies V2"
018NY6XC00VTGG5TZ4G4P1X26E,"","Fire cracker"
018NY6XC00VTR8NWR5M5RH8NJ7,"","Firecracker OG"
01E7BZX3HZRF5P6KE5NA5AE6ZM,"Hybrid","Fire Crotch Cookies"
018NY6XC00VTVWMJFQDWD5FE8P,"","Firedawg OG"
018NY6XC00VTP6TQNDW49Q8N1K,"","Fire Fighter OG"
018NY6XC00VTXG0H80SPEDFA2C,"","Fire Fly"
018NY6XC00VT8Q4PXH4037RCJ2,"","Fire Haze"
018NY6XC00VTJSV6FX5W3CKGS4,"","Fire Headband"
018NY6XC00VTP7M8SMNSV4226R,"","Firehouse"
018NY6XC00VTM438XYHA576XBC,"","Fire Hydrant"
018NY6XC00VTNCH90718ZBXXR8,"","Fire In The Hole"
01E7BZX62JC3DGNMVGTVCZJZSP,"Indica/Sativa","Fire Kandy Kush"
018NY6XC00VTVS5D0PWNXT27PD,"","Fire Lady"
01E7C0235WS1Z914WG0WZC9TXX,"Hybrid","Fireline Og"
018NY6XC00VT80SBRM0PD1JMGP,"","Fire Monster Cookies"
018NY6XC00VTS6ZEGD5ST4FQME,"","Fire OG"
018NY6XC00VTV3S4VB3H87WXFZ,"","Fire OG BX"
018NY6XC00VT8CW8S49JJNH286,"","Fire OG BX3"
018NY6XC00VTG7K4E9FAXNA8P9,"","Fire OG BX (Raskal's)"
018NY6XC00VTNQTGJ86MH4XJ77,"","Fire OG Kush"
018NY6XC00VTETVR0KC3D110C1,"","Firestarter"
018NY6XC00VT9889SARZTC6KVF,"","Firewalker"
018NY6XC00VTP12QZ0DMZCDXBK,"","Firewalker OG"
018NY6XC00VTMD7B1SP3T6N98K,"","Fireweed"
018NY6XC00VTMQR9KNEB8XPFW3,"","First 48"
018NY6XC00VTNN5TA0TPYJWY93,"","First Girl"
018NY6XC00VTGS4YE6GHWN7QSX,"","First Lady"
01E7C027E1BFFEWWKYSBZ7JPY9,"Indica/Sativa","First Light"
018NY6XC00VTQYHFXCKH4G0N26,"","Fisher's CBD"
018NY6XC00VT4CQ6VCG127X20H,"","FiveLeaf Origi"
018NY6XC00VT85587G7NJFEZ1T,"","Five O"
018NY6XC00VTTP40A9SE5Y1J6P,"","Five-O"
018NY6XC00VTK7GSD0VQ0ZPF9N,"","Five Way"
018NY6XC00VTXV86N1MJ8KPTQG,"","Fix it Felix"
018NY6XC00VT8N6C4XT7G0RZT4,"","Fizz"
018NY6XC00VT8CXV00HRMCFEFB,"","FKs Blue Dream?"
018NY6XC00VTCS00JY5KY56DV8,"","FKs GDP?"
018NY6XC00VTBNPNFXBSG2BPB9,"","FKs Gorilla Glue #4?"
018NY6XC00VT71ESF4NFK3H1SG,"","FKs Jack The Ripper?"
018NY6XC00VT88BA596JJTH8T5,"","FKs Juicy Fruit Kush?"
018NY6XC00VTMKCTD4XZN5AN3Z,"","FKs Northern Lights?"
018NY6XC00VT4YQ4GCCA2YYCWE,"","FKs THC Bomb?"
018NY6XC00VT1TCSYM668ACC80,"","FKs The Black?"
018NY6XC00VTZER1YN14KYJYYR,"","FKs Tora Bora?"
018NY6XC00VTR2W6A32Y534MH1,"","FKs White Russian?"
018NY6XC00VTJ3EWWFW00D0WZA,"","FKs White Widow?"
01E7C029BZ78BPKDXQ1QA0JZCE,"Indica/Sativa","Flambe"
018NY6XC00VTE3JTSWJBS52KBK,"","Flame Thrower"
018NY6XC00VTZYGSRKKSWRV9EW,"","Flamin' Alien"
018NY6XC00VTW6DPZXSWVG3J79,"","Flaming Cookies"
018NY6XC00VTFEKD3QWK30MZWW,"","Flamming Cookies"
018NY6XC00VTE2AHH5FWWHP8PM,"","Flash Babylon"
018NY6XC00VT0K8PANM08B5ARX,"","Flash Back"
018NY6XC00VTD5F8XWPGQTYBRR,"","FlatAffie"
01E7C02B9YX8C18YJ69801JK67,"Indica/Sativa","Flatbrainers"
018NY6XC00VTPA4BW2DEM46WMV,"","Flatland Basic"
018NY6XC00VTHVET9CH2HAZ0TK,"","Flat Line"
018NY6XC00VTV2T446BWX2JSRZ,"","Flat Top Purple"
018NY6XC00VTTEJJJ5ZTF107QK,"","Flav"
018NY6XC00VTSV8T2C17X2FDSF,"Indica","Flavica"
018NY6XC00VTNC0Z5QDMFECRGZ,"","Flight"
018NY6XC00VT7PT8692F3ZD7SQ,"","Flight 813"
018NY6XC00VT3BD0V1QE0A2TH2,"","Flintstones"
018NY6XC00VTRXHKT956ZXYNV3,"","Flo"
018NY6XC00VT04VMAS5ZFVKRF2,"","Flo-91 F1"
018NY6XC00VTZSKEK68JPHS3FK,"","Floater"
018NY6XC00VT8SH3BY3ES13FYM,"","Flo-Band F1"
018NY6XC00VTXTKS5KWJH5QTSK,"","Flo-Cough F1"
018NY6XC00VTPE4AXKFKBXSA0R,"","Flodica"
018NY6XC00VT3FXSC1PHVZZ8AX,"","Flogger"
018NY6XC00VTWBWG7RZKQD1MXY,"","Flo Limone"
018NY6XC00VT71C5JC10EX1R0M,"","Flo OG"
018NY6XC00VTVNNJYGFM4EW7RT,"","Florida Gold"
01E7C03CF2V93T1Q0SB6NFD2W9,"Indica/Sativa","Florida Lemon"
018NY6XC00VTGX6X3AY1EM1Q0C,"","Florida Lemons"
018NY6XC00VT4NSVKMD7C0BXZF,"","Florida OG"
018NY6XC00VTY4ESRB9SFY74GB,"","Flow"
018NY6XC00VTX9JXK44BP7XHST,"","Flo Walker"
018NY6XC00VTPXD737GPPH492Q,"","Flower"
018NY6XC00VTN0XK3C43HNTPZC,"","Flowerbomb Kush"
018NY6XC00VTEDAP16V7J1KR80,"","Flower Child"
018NY6XC00VTR5XFBBMQS8E3HQ,"","Flowers For Algernon"
018NY6XC00VTYB6W2ZVZXFKT2X,"","Flubba Kush"
018NY6XC00VTRBKPP99ZEVZ2X7,"","Flubber"
01E7C03G4XM85B1EJ6DDVYADCC,"Indica/Sativa","Fluffhead"
01E7C03GXPH98NCJQDCAT4JZX2,"Hybrid","Fluidic Space"
018NY6XC00VT5YP8SC9V03RRXF,"","Flurple"
018NY6XC00VT6WBKD55DXS3TP9,"","Flurry"
018NY6XC00VTKWC8HG97ZHS7N4,"","Fluxetine"
018NY6XC00VTZ9PTN09RXVB6P7,"","Flying Dragon"
018NY6XC00VTYHENAY2Y7JX2DP,"","Flying Hammer"
018NY6XC00VTXS85Q8JT28T922,"","Fn'Blue"
018NY6XC00VT8CARG8DJGVQ606,"","F'N'Blue"
018NY6XC00VTR6FSZ2HSCXJ53B,"","F'n louZER"
01E7BZVC4P072KR13S6V3RR27E,"Indica/Sativa","F'n LouZER"
018NY6XC00VTC51KZT0A1SNTYE,"","F'N Ridiculous OG"
01E7C03J2W5RJDJR4E6YZEFPF9,"Indica/Sativa","Focaccia"
018NY6XC00VTFHBEF46K516YRN,"","F.O.G."
018NY6XC00VTZKD50R2SMWDCK3,"","F.O.G. (Fruit of the Gods)"
018NY6XC00VT2X81XQR68NV5DS,"","Foggy Mountain"
018NY6XC00VT3N6XVHGXCWAWD5,"","Fondue"
01E7C03JVMB98A6Z1WWG4HPN34,"Indica/Sativa","Foo Dawg"
018NY6XC00VTRSBWM1WJDY3BRK,"","Foo Dog"
018NY6XC00VTF7QMRF9338CZYC,"","Foo Fighter"
018NY6XC00VTM357QKDHMHER1M,"","Fools Gold"
018NY6XC00VTK4HYNY2VN1A7GE,"","Forbidden Fruit"
018NY6XC00VTA7M6EMFFA6W8HP,"","Forbidden Love"
01E7C03MSK0GCPAX8G2E2VCZCT,"Indica/Sativa","Forbidden Zkittlez"
018NY6XC00VTSB516ZR7XPKX3P,"","Force OG"
018NY6XC00VT63RFRK3ERFG6Y4,"","Forest Fire"
018NY6XC00VT5RDAYKDM65Q8ZB,"","Forest Gump"
018NY6XC00VTCS68SB2JCM0S5D,"Indica","Formadex"
01E7C03NYV9Z6CWM6QZE9GPNQZ,"Hybrid","Formula One"
018NY6XC00VTA4VVFWGTCFPT7H,"","Fort Collins Cough"
018NY6XC00VT9RAYN7ZSH307XE,"","Fortune Cookie"
018NY6XC00VTZQ7J5595AFKM4S,"","Fortune Cookies"
01E7C046XQBGARFPMWY3A5KKH0,"Hybrid","Fortune Spicy Disco"
018NY6XC00VT5Y2XFB4AXZ1C6J,"","Fortune Teller"
018NY6XC00VTE0S802NYEY8091,"","forum cookies"
018NY6XC00VTFDPQVWGPXVT9D0,"","Forum Girl Scout Cookies (cut)"
018NY6XC00VTTRTFQHY1MFPA5A,"","Forum GSC / Fire OG"
018NY6XC00VTDYPMCXSHX16NY1,"","Forum Prince"
018NY6XC00VTKEAEG0D8BVNHVT,"","Foul Mouth"
018NY6XC00VTR921Y2Z65KBAT0,"","Four and More"
018NY6XC00VT6B795X9SHJE9QG,"","Four Cups"
018NY6XC00VTFG0B88KW5DA8S3,"","Four Leaf Clover"
018NY6XC00VT3CN5PMTBWRFFKV,"","FourPlay"
018NY6XC00VT6ZBS8J0Y6PRM4W,"","Four Star General"
018NY6XC00VTJ4TRQWDEHKC26M,"","Four Way"
018NY6XC00VTPDA58MK4P7C60N,"","Four-Way"
018NY6XC00VTXJ9K6BRD39KXAJ,"","Fourway #1"
018NY6XC00VT56Y0J2Y1ZE1X87,"","Four-Way (Sensi Seeds)"
018NY6XC00VTZSKKR6TP80N9J4,"","Four Way Skunk"
018NY6XC00VT9QS4G9PF26NT0P,"","Four Way Special"
018NY6XC00VTXHJ33114T4KGDS,"","Foxtail Sativa"
01E7C04A12W5VGF1TBFV7JENYD,"Indica/Sativa","FPOG"
018NY6XC00VTSS5VWYGEVAQVBW,"","Fraggle Rock"
01E7BX7CGYPGECQRXJTT773FHN,"","Fraggle Skunk Auto"
018NY6XC00VTG1RPAXMKXR1KAW,"","Frankenberry"
018NY6XC00VTEF95VBKDRD56N7,"","Franken Doobee"
018NY6XC00VTJH3J6T10NZSRF1,"","Frankenstar"
018NY6XC00VTM1PJC4BR472884,"","Frankenstein"
018NY6XC00VTC6YJD0196224MS,"","Frank-n-Fruit"
018NY6XC00VT189ETVKGE8WQ52,"","Frank's Gift"
018NY6XC00VT8DFDDNGX3MK240,"","Frank's Gift S1"
018NY6XC00VT76HVX7H05JSGV3,"","Freddie Kane OG"
01E7C04DPX12VTW5593RAZDCK2,"Indica/Sativa","Freddys Kush"
01E7C04EFNKNYSW5HYB8CYRGEE,"Indica/Sativa","Fred Flipnâ Stoned"
018NY6XC00VTMGSV67AJ6HKX1K,"","Fred Flipn’ Stoned"
018NY6XC00VTH1ZTNKB4XPHMHT,"","Freedom Baby"
018NY6XC00VTYF0R217FSM29KY,"","Free Leonard"
018NY6XC00VTCSCYE65S5C1Z6W,"","Free Tibet"
018NY6XC00VT1CJRN8CD0NERCA,"","Freeze"
018NY6XC00VT6F3E04JVSVH0FE,"","Freeze Cheese '89"
018NY6XC00VTBWPRP2XC6X1T1H,"","Freezeland"
018NY6XC00VTQY5ZQ122ER0YP3,"","Freeze Land"
018NY6XC00VTAMDER4JMC44C6T,"","Freighttrain"
01E7C04H0CBKEA2X2RCB6KA7N3,"Indica/Sativa","French Bread"
018NY6XC00VTV1ZTYWEZ6M62J8,"","Frenchcheese"
01E7C04HS3KY9YXJHJF8652KQJ,"Sativa/Indica","French Cookies"
018NY6XC00VT6K5FQNZFJK23PQ,"","French Oranges"
018NY6XC00VTSCJS6ESHWMBJB6,"","French Toast"
018NY6XC00VTZDBAHNQVDTDMEM,"","Fresa Maria"
01E7C04K4DYYYS31S1P6JXXRYE,"Hybrid","Fresh Frozen"
01E7C04KX6BQY8T8SAASEE7AAP,"Hybrid","Fresh Squeezed OG"
018NY6XC00VTNGC721BT0F3EZR,"","Fresh Squeezus"
018NY6XC00VTFPJ8FNAN1GWB0K,"","frida"
018NY6XC00VTDG2A0D3QZ3Q219,"","Fried Banana Kush"
018NY6XC00VT6MBR0J9KEEATR3,"","Friesland"
018NY6XC00VTBJACHQ9B512P2C,"","Friesland Indica"
018NY6XC00VTZ1H1T8BQ5J7DNW,"","Frisco Fog"
01E7C04NV9087E9CX06B6RYJNA,"Sativa/Indica","Frisco Og"
018NY6XC00VTZMCDP56DV11T1W,"","Frisco OG"
018NY6XC00VTB8MQD2QERXH41C,"","Frisco Snaps"
018NY6XC00VT165PEH7MBE5BBD,"","Frisian Dawn"
018NY6XC00VTK4QBRQF9G5VA1A,"","Frisian Dew"
018NY6XC00VT7A1K4NY08KAA2R,"","Frisian Duck"
018NY6XC00VTWTSNB6XXDJGK8D,"","Frog One #1"
018NY6XC00VT8J9KJ2B47SMNWD,"","Frog One #2"
018NY6XC00VT2RJZJX2QM4MPP9,"","Frog One #3"
018NY6XC00VTZTBTDME390XC4V,"","Fromage Blue"
018NY6XC00VTFWNR72527AJ4VE,"","Frost Berries"
018NY6XC00VTRSCAPMKCMTC069,"","Frost Berry"
018NY6XC00VTVA1T2Z5HK2YPPY,"","Frostbite"
018NY6XC00VTR6P3NFHCC7X11C,"","Frost Bite"
018NY6XC00VTEAHKK185G1YXKX,"","Frosted Cherry Cookies"
018NY6XC00VTE2BA5AKWVJHMX5,"","Frosted Cookies"
018NY6XC00VTHKE30KM1KM4KD3,"","Frosted Flakes"
018NY6XC00VT3Q09JDVXSYNG2J,"","Frosted Freak"
018NY6XC00VTQA997ZXJWXZ5QS,"","Frosted Mint Cookies"
018NY6XC00VTFHCEDP39QZDSKD,"","Frosted Oranges"
018NY6XC00VT470W5Z0JJG0RV5,"","Frosted Strawberries"
018NY6XC00VTAPRYAPTNC2APFG,"","Frost Hammer"
018NY6XC00VTJB4RKWGT27BMQ1,"","Frosting"
018NY6XC00VTTZ0D0GZMM49YE6,"","Frostitute"
018NY6XC00VTKJ4RPMKR4WCQ6J,"","Frost Wreck"
018NY6XC00VTVR2WH4PH80K1J6,"","Frosty"
018NY6XC00VTR8FST8S101XQZF,"","Frosty Dawg Snacks"
018NY6XC00VTRXCZNRMXK22N2H,"","Frosty Headband"
018NY6XC00VTHXX94WXE780NN3,"","Frosty Kush"
018NY6XC00VTENBY79VXQ8P0HX,"","Frosty Mist"
018NY6XC00VTTDMVY0T1HXMWXH,"","Frozen Tangerines"
018NY6XC00VT6NQ3790BX1QEBH,"","Fruit"
018NY6XC00VTNJ9SMS85J0QKB8,"","Fruit Bowl"
018NY6XC00VTA1Z9599D5WPD9V,"","Fruit Kush"
018NY6XC00VTHSSV9TA6HV4T7B,"","Fruit Loop Haze"
018NY6XC00VTHAG9C3J0ASG663,"","Fruitloops"
018NY6XC00VTJTG2HV33VN5P8Z,"","Fruit Loops"
018NY6XC00VT8T6HASJGW14S8Q,"","Fruitloopz"
018NY6XC00VTC5AS1P4J2SK675,"","Fruit of the Gods"
018NY6XC00VTNTEEQ0A1DBZ04W,"","Fruit Punch"
018NY6XC00VTZHTP2R23SDESK5,"","Fruit Punch Kush"
01E7C04ZBFNNBQXVE9QMYBYQ33,"Indica/Sativa","Fruit Rollupz"
018NY6XC00VTYKTHC0VFGPDSMF,"","Fruit Salad"
018NY6XC00VTFVQ25QFZY1HCB0,"","fruit spirit"
018NY6XC00VTXR5KM7H4EZQKJS,"","Fruity Chronic Juice"
018NY6XC00VTNE2JT2AK68QQJE,"","Fruity Cookies"
018NY6XC00VTRXZ8VA3YXSXC6Q,"","Fruity Dawg"
018NY6XC00VT7B5DWV19FK0R77,"","Fruity Juice (Juicy Fruit)"
018NY6XC00VTN1CV7X7V5Y2B28,"","Fruitylicious"
018NY6XC00VTHN1KMR170G6049,"","Fruity OG"
018NY6XC00VTWCY727E7Q4CY6V,"","Fruity Pebbles"
018NY6XC00VTGB42JCH0BX2VMZ,"","Fruity Pebbles OG"
01E7C052EZ9YRS31FPJ9XWRN0D,"Sativa/Indica","Fruity Punch"
018NY6XC00VTYDPKSNV8RDY231,"","Fruity Thai"
018NY6XC00VTVA108DHQZ5NDTS,"","Fruity Widow"
018NY6XC00VTNGD3JCK77Z2PZB,"","FSL 1-3"
018NY6XC00VTXT47ZRJ1X7Z91J,"","Ft Collins Cough Trainwreck Haze"
018NY6XC00VT69M83YKN1B69VZ,"","FU50"
018NY6XC00VT3RYYDBJAX3FBND,"","Fubar"
018NY6XC00VTQ445Q5CDFK7S6H,"","Fuckberry"
018NY6XC00VTACN8F1X1EX6X57,"","Fucking Incredible"
018NY6XC00VTQHYJMQG0EJN5RJ,"","FuC (Skush)"
018NY6XC00VTM8SDEHP1VAA6KT,"","Fudo Myo-o"
018NY6XC00VT77VBW7XA0YX3H1,"","Fuel"
018NY6XC00VTAKP3YX9Y8CAD9K,"","Fugu Kush"
018NY6XC00VTH60WHFHR28FSCT,"","Fugu Kush (Riot Seeds)"
018NY6XC00VTNJK5RR6B6MMJEV,"","Fuku #1"
018NY6XC00VTXJM3C5JHWJTXF1,"","Fuku #4"
018NY6XC00VTGQWEV6GA3GYCNE,"","fukushima"
018NY6XC00VT3VAZ9W45C5JRX3,"","Full Melt Madness"
018NY6XC00VTF6HZK3HJE8HQ7Q,"","Full Moon"
018NY6XC00VTFARZ068ATF8QMM,"","Fuma con Diablos"
018NY6XC00VT4YZ70KTFW0B3HK,"","Fuma con Dios"
018NY6XC00VTTFMAAR3X17AFXN,"","Funfetti"
018NY6XC00VT66QY99H25Y7V36,"","FunkBerry"
018NY6XC00VTK190K14HC9PJFQ,"","Funk Skunk"
018NY6XC00VTAW28MB0WBH4Z9C,"","Funky Bitch (Golden Goat)"
018NY6XC00VT35N189JGBTPC24,"","Funky Dwarf"
018NY6XC00VTMZBT1J9D4Q7Y17,"","Funky Face OG"
01E7C05744Y2J4GN9PYESTY48Y,"Hybrid","Funky Malawi"
018NY6XC00VTAXKHE68ZD3W6CB,"","Funky Monkey"
018NY6XC00VTZTXGHXVQTY99SV,"","Futura75"
018NY6XC00VT0G4MGBF30DSK3Y,"","Future"
01E7C05924B43TTZ5VY4FBPG9X,"Hybrid","Fuzzy Navel"
018NY6XC00VTDVJWZ3HXX37DFJ,"","Fuzzy Wuzzy"
018NY6XC00VTB2MBYCZHCMR04G,"","FX"
018NY6XC00VT15QEYPZP1NWPPF,"","G12 Skunk"
01E7C07REK5CW31WPZ0Q6Y7XG6,"Indica/Sativa","G-13"
018NY6XC00VTZR6MHEMSRGHCAS,"","G13"
018NY6XC00VTXSKGCS0Y5SKECY,"","G13 / Black Widow"
018NY6XC00VTMD34F2F91JMWWV,"","G13 Blue Widow"
018NY6XC00VTADAQ53AABX13A8,"","G13 Diesel"
018NY6XC00VTCQHT8KGE1E2369,"","G-13 (G13)"
01E7C07S7CW61XWBHNNX0Z63MG,"Indica/Sativa","G-13 Hashplant"
01E7C07T04SZT5HCXC9E8YXE5K,"Indica/Sativa","G-13 Haze"
018NY6XC00VT2W2345YKHA7E79,"","G13 Haze"
018NY6XC00VTRYXKHN3XVF4D82,"","G13 Haze (Barney's Farm)"
018NY6XC00VTAF0S86DP3S4KEY,"","G13 Haze Lavender"
018NY6XC00VTTBYXE28C4GT13X,"","G-13 Purple Haze"
018NY6XC00VT5PVPQNYSYC4HK0,"","G13 Skunk"
018NY6XC00VT2FMMC8X2N46D3Q,"","G13 Widow"
018NY6XC00VT5Z7DA9M6F9QBAH,"","G-14"
018NY6XC00VT9Q42ZEKYPHRW83,"","G14"
018NY6XC00VTQJZDG2NCQFGR5S,"","G4"
018NY6XC00VTT2P97QZGG154MW,"","G4X San Fernando Monster"
018NY6XC00VT4C6YGZFNRSGM2Q,"","G6"
01E7C0ES870EJDS7VXYT2N0F4G,"Sativa/Indica","G6 #3"
01E7C0ET10CAKXVV6X0NGEG856,"Indica/Sativa","Gabriel Sherbet"
018NY6XC00VT9BK3GCS4HJ1ASD,"","Gaia Candy"
018NY6XC00VT4XHNKTWWKEP5QF,"","Gaia Kush"
018NY6XC00VTX819S8SSTCXKC8,"","Gaian Haze"
018NY6XC00VTVWF7NTN6QJA46K,"","Gainesville Green"
018NY6XC00VT3TMNS213G09F7S,"","GAL11034"
018NY6XC00VTF471Z4V1SKFFB2,"","GAL11074"
018NY6XC00VTQW0BT6MP1Y9APR,"","GAL15755"
018NY6XC00VT0D6SK5P3CSTFQF,"","GAL15762"
018NY6XC00VTZ8C028XGFQ3S4Y,"","GAL2071"
018NY6XC00VTE2N74BJW9607V2,"","GAL308"
018NY6XC00VTZ8J8537PADNJ9A,"","GAL309"
018NY6XC00VTASJ90F7WBQDWBW,"","GAL310"
018NY6XC00VTB5TK01AWBGYDA1,"","GAL322"
018NY6XC00VTQ498WBH1MQ3QKY,"","GAL323"
018NY6XC00VTRKEF4QCD8N8VPH,"","GAL324"
018NY6XC00VTRZB2QPQ0Y2CPSP,"","GAL325"
018NY6XC00VTH9YGP9VTZ0Z71F,"","GAL326"
018NY6XC00VTHV4SVRQ3H7HSZ6,"","GAL328"
018NY6XC00VT3JFKDP3YJ4WQEF,"","GAL330"
018NY6XC00VTFP8B0XBC43R3G4,"","GAL337"
018NY6XC00VT4MHZ0317GKPJ4G,"","GAL341"
018NY6XC00VTX8V2MD6G8YKC98,"","GAL342"
018NY6XC00VTSZGXJY4QRQBBGN,"","GAL343"
018NY6XC00VTVJ1JJZKAFD7V9R,"","GAL346"
018NY6XC00VTP750G1DPDWKGNF,"","GAL347"
018NY6XC00VTF6FQCP6D8K9BA6,"","GAL349"
018NY6XC00VT7K4NJ0TFZDRJ50,"","GAL351"
018NY6XC00VTX8AZNEJQD7RDX2,"","GAL355"
018NY6XC00VT2DEWWHRK73SH40,"","GAL356"
018NY6XC00VTDQCBS4D35FR2WE,"","GAL357"
018NY6XC00VTQW5CNHH0AW97NB,"","GAL365"
018NY6XC00VT2H0FEKZ8PDG8Y5,"","GAL366"
018NY6XC00VT0R04KSH8JN90S2,"","GAL368"
018NY6XC00VTAQ5P03H42YVDVF,"","GAL369"
018NY6XC00VTAKMV38614DEA3Z,"","GAL5214"
018NY6XC00VTXRQJYAJDMR9A56,"","GAL5219"
018NY6XC00VTKN1JRQZV42SM0P,"","GAL5230"
018NY6XC00VTXHEBJV9DV6R005,"","GAL5673"
018NY6XC00VT94F96S9N0PEDY6,"","GAL5707"
018NY6XC00VTZ6GFDYDPAKX3HK,"","GAL5812"
018NY6XC00VT4G9FR5WVBDWV5A,"","GAL5944"
018NY6XC00VTKRHXDG6B6T6FM7,"","GAL5956"
018NY6XC00VT2K7Y9VJKE9T4VZ,"","GAL6183"
018NY6XC00VTY3YJRZKK6P3QMJ,"","GAL6191"
018NY6XC00VTZ4CB5WDTYRBZS5,"","GAL6540"
018NY6XC00VTR8BKPZ8EKZF2QV,"","GAL6596"
018NY6XC00VTWQJM9P6G9VD0D5,"","GAL991"
018NY6XC00VTPQEAF5GJ30SR1V,"","Galactic Animal"
01E7C0EVCCANXYHFEYCY4FTCJN,"Indica/Sativa","Galactica OG"
01E7C0EW5708KJGAY31YNQ547F,"Indica/Sativa","Galactic Cherry"
018NY6XC00VT0M5F495K6FBBT4,"","Galactic Cookies"
01E7C0EXGKSEWXFTQ1EA05M7RQ,"Indica/Sativa","Galactic Death Star"
018NY6XC00VT6S6VAA3TVB90ER,"","Galactic Glue"
018NY6XC00VTV5H4B5P56V3TRK,"","Galactic Jack"
018NY6XC00VT7WPCVYCRW0MM00,"","Galactic Jack (Sin City Seeds)"
018NY6XC00VTMD01BY8ERDVQHK,"","Galactic Marmalade"
018NY6XC00VTQM4DT1SR2425E6,"","Galactic Pucker"
018NY6XC00VTVHKB0WB1F499Y4,"","Galactic Smurf"
018NY6XC00VTCDS09G4RXB4KAK,"","Galadriel"
018NY6XC00VTYRVHHWPC59CV8Q,"","Galaga OG"
018NY6XC00VTQCBHPPGF8BHS9C,"","Galakc Shun"
018NY6XC00VT27SYAH781JDMVT,"","Galaxy"
018NY6XC00VT701J0SQ2DEBD6P,"","Galaxy God Bud"
018NY6XC00VTZ1SXB92GC40J3Q,"","Galaxy OG"
01E7C0F01BJA2N7QVR7HDY718X,"Sativa/Indica","Galiano"
018NY6XC00VTY9574QA8K5CW8C,"","Gambia"
018NY6XC00VT5PD4EWRZFNRKSG,"","Game Changer"
018NY6XC00VTRYQXZFM3GA2CAS,"","Gameday"
018NY6XC00VT28T63T373S8MJG,"Hybrid","Gamilane"
018NY6XC00VTJ0SST9FWCCK8FZ,"","Gandalf OG"
018NY6XC00VTZCHR47G47RC9X2,"","Ganesh"
018NY6XC00VTW1BAPSM0H9NTP4,"","Ganesha's Dream"
018NY6XC00VTEJ1T43C6FNHTXR,"","Ganesh Berry"
01E7C0F34NPDAESQ1HX4C2AR5W,"Hybrid","Ganesh Og"
018NY6XC00VTNBY3PB1Q2CCX38,"","Ganesh Spirit"
018NY6XC00VTM416XVBTMH11S0,"","Gangstas Bubba"
018NY6XC00VT97WRPRVDE8K5P5,"","Gangster OG"
018NY6XC00VTRCJNCZ8PW7ZRP7,"","Ganja Farmer"
018NY6XC00VTGNWR731FJ1DHGG,"","Ganja Farmer OG"
018NY6XC00VTBDTZN1983ATFGR,"","Ganja Ma #2"
018NY6XC00VTYPHJWS7746EB6T,"","Garbage"
018NY6XC00VTPNNC67E3SNHDBG,"","Garberville"
018NY6XC00VTKVDJPD0Q1BC317,"","Garberville Purple Kush"
018NY6XC00VTCPFNN7GAH8AQZE,"","Garden Salad"
018NY6XC00VTZGNVK8W2XTAPR4,"","Gargamel"
018NY6XC00VTJF52B3E0ZFSD89,"","Garlic Breath"
018NY6XC00VTD4HSAV7WNA9B9J,"","Garlic Bud"
018NY6XC00VTH1P7W3XC0QMSPT,"","Garlic Cheese"
01E7C0F681KFERA5ZS8B3PTN9R,"Indica/Sativa","Garlic Cookies"
018NY6XC00VT1ZWR18EPSB9WJM,"","Garlic Dream"
018NY6XC00VTHMMFKXPSC01TEB,"","Garlic Pickle"
018NY6XC00VTE4NMAZR9CR7FZN,"Indica","Garnet"
018NY6XC00VTK4MXXF473QNVSG,"","Gas"
018NY6XC00VT5RY6265S9WYCRJ,"","Gas Chamber"
018NY6XC00VTXTNMS0K7VTK97E,"","Gas Leak"
018NY6XC00VTFZE1M8AT9QHTEK,"","Gasmask"
01E7C0F8RK4BMSNPGAYK8254H0,"Indica/Sativa","Gas Mask"
01E7C0P9N9R2YGNPV4TMZGGWM4,"Indica/Sativa","Gas Monkey"
018NY6XC00VTY91S3WSKCWZRE7,"","Gasoline"
01E7C0PAE3CC639E411V24ZQ3K,"Indica/Sativa","Gasoline Alley"
018NY6XC00VTHPXREAZN3VHF15,"","Gasoline Purps"
018NY6XC00VT1ZTP83F9QSDHBA,"","Gas (pheno)"
018NY6XC00VTCX68E1H4Z7SGSE,"","Gatekeeper OG"
018NY6XC00VTZ09X5Q1JYCKSBE,"","Gateway Kush"
018NY6XC00VTSF1RAHDXPGGNHN,"","Gator"
018NY6XC00VT4SFPAEXWWK55AH,"","G.A.W."
018NY6XC00VTFJGEZ13FP4HTND,"","Gawd Dawg"
018NY6XC00VTY9NN3PKK8NP6ZM,"","G-berry"
018NY6XC00VT1JYRHB00VK3NB1,"","G Bolt"
018NY6XC00VTMPSA884YDPCEJZ,"","G-Bolt"
018NY6XC00VTJTXDGT5NWQQTYR,"","G Bolt Flower"
018NY6XC00VT0RC8Z39KDQPCB7,"","G-Bolt Haze (Emerald Haze)"
018NY6XC00VTK4YCFZ21QEGTEP,"","G-Bomb"
018NY6XC00VT1J8SWWM2S84Y29,"","G Cut"
018NY6XC00VT2V47AF9B61DZGZ,"","GDawg"
018NY6XC00VTWZAXEEJCYQY9A8,"","G Dot"
01E7C0PDHGWT7XZSXRSV7NY6ZJ,"Hybrid","GDP Electric"
018NY6XC00VTEEF608R346XJTT,"","GDP: Fire (AAA)"
01E7C0PEA8JENSB2ZSW0KV8FPR,"Hybrid","GDP X Purple Urkle"
018NY6XC00VTARS30T1FTGAKAE,"","GD Town"
01E7C0PF30X3K31SR6E3R1ZZJH,"Sativa/Indica","Gdx Lemon"
01E7C0PFVSGGQADF1EE19DFEKA,"Indica/Sativa","Geezy"
018NY6XC00VTQF62ZDXF26MGFR,"","Geisha"
018NY6XC00VT1EHB5F3HJGFBM5,"","Gelato"
018NY6XC00VT2KZYDSQHF72XCC,"","Gelato #1"
018NY6XC00VTWPQWWPCYYYGCH8,"","Gelato #23"
018NY6XC00VTD6HV3DD71RZS3K,"","Gelato #25"
018NY6XC00VTPHNTQRQ0TT6TNG,"","Gelato #3"
018NY6XC00VTWQMSA99AR0RAGE,"","Gelato #33"
018NY6XC00VTEAW370RYKGSN8A,"","Gelato #41 (Bacio Gelato)"
018NY6XC00VT98PEKX8JCBHEM7,"","Gelato #45"
018NY6XC00VTM8FDPQBV28FKNW,"","Gelato #46"
018NY6XC00VTXRPYC67V7F2SD1,"","Gelato #48"
01E7C0PH79A514XGP3VQQMT3VM,"Indica/Sativa","Gelato Cookies"
01E7C0PJ09VHX8970BSV8KVR9Z,"Sativa/Indica","Gelato Dream"
01E7C0PJS3SSZ2SENM1EH5YY5S,"Indica/Sativa","Gelato Glue"
01E7C0PKHVG59QRNTFN1WW15Q3,"Hybrid","Gelato Pebbles"
01E7C0PMAMVA8WA06AM1YX4H0G,"Hybrid","Gelatti"
018NY6XC00VTRVPGSVWJM2RJ3T,"","Gello"
01E7C0PNNY8HTYHA6QYEHSZ1FT,"Hybrid","Gello Gelato"
01E7C0PPENECQSN91B50T3AV75,"Sativa/Indica","Gelonade"
018NY6XC00VTM3R8A2SBX2XAAG,"","Gemma Arterton (Sweet Pink Trainwreck)"
018NY6XC00VTWY24E182F2QCMJ,"","Gemstone"
018NY6XC00VTT0T3AV13QCWAAP,"","General Ho"
018NY6XC00VTRNYP1MD9VQS0FV,"","Generals Daughter"
018NY6XC00VTQK3D4GETFS84B2,"","Generic Weed"
018NY6XC00VTNPT7DHBHAHTH58,"","Genesis"
018NY6XC00VTVJ2Q65D0QF85X6,"","Genie Of The Lamp"
018NY6XC00VT58WB09PMZDF15H,"","Genius"
018NY6XC00VTN71G18BKSD28K2,"","Gentleman's Jack"
018NY6XC00VT4F55C7S63DX7Q0,"","George Bush"
018NY6XC00VTTTFP2D1A5WNWNR,"","Georgia Express"
018NY6XC00VTDV9J57KFHCB7AX,"","Georgia Pine"
018NY6XC00VTWWWJTPA16BFES6,"","German Hemp"
018NY6XC00VT4SH4K14D23FYTD,"","G-Force"
018NY6XC00VTY2QHARHPEC4FFS,"","GG4XOG GAL15765"
018NY6XC00VTR38PFDSGDGCAEE,"","GG4XOG GAL15766"
018NY6XC00VTQZA37YPY2118S1,"","GG4XOG GAL15767"
018NY6XC00VTC0NJS8W5M7V6M8,"","GGS1"
018NY6XC00VT2JNK3GRA7B1G0S,"","Ghana"
018NY6XC00VTW051KXRVWHBZ0F,"","Ghandi"
018NY6XC00VTP4NFJ3XRBNRP74,"","Ghani"
018NY6XC00VT4WS1E2JRAF9VHJ,"","Ghani Crack"
018NY6XC00VT15TJEA99Z1RJCR,"","Ghani Domina"
018NY6XC00VTZEGHT9BXT60H84,"","Ghaze"
018NY6XC00VT05KVMFQEB450D4,"","Ghaze Bx1"
018NY6XC00VT3ZSCNKCJFTV1B6,"","Ghost"
01E7C0PTAJSCR5E3BTJ749D8HS,"Sativa/Indica","Ghost Breath"
018NY6XC00VTVM6805CHH8M3D0,"","Ghost Bubba"
018NY6XC00VT6D70YF6NDTHX3H,"","Ghost Dog"
018NY6XC00VTYYK1H34DNACW4A,"","Ghost Dream"
018NY6XC00VT0DNRZTDT3FN0D6,"","Ghost Fire Cookies"
01E7C0PW8ERK3GYRW5ANGSE6AR,"Sativa/Indica","Ghost Glue"
018NY6XC00VTXKVTQZ9JF6Q5HC,"","GhostHawg OG Kush"
018NY6XC00VTWTF0XEECFMNB36,"","Ghost Kronik"
018NY6XC00VTAQK3YS41V2HWJ2,"","Ghost of LeeRoy"
01E7C0PX15C1Z45GNXEF9RCGYZ,"Indica/Sativa","Ghost Of Lee Roy"
018NY6XC00VT5EDQ8PHYWGF67Y,"","Ghost OG"
018NY6XC00VTHEG3EET3ZTW96J,"","Ghost OG Cookies"
018NY6XC00VTG8N32BNYVD09NX,"","Ghost OG Moonshine"
01E7C0PZHQQYACQGGW4KD9XR8Y,"Indica/Sativa","Ghost OG x Cherry Puff"
01E7C0Q0AD4JR9YYNBZN44YHTE,"Indica/Sativa","Ghost OG X Flo"
01E7C21J8GXWCYA2898QZJZPR4,"-unknown-","Ghost OG x Screamin' OG #1"
018NY6XC00VTGZ1YTSFM60QGVP,"","Ghost Piff"
018NY6XC00VT3H3J3RV04N91FK,"","Ghostrider OG"
018NY6XC00VTPEFNPNX0AT7G67,"","Ghost Rider OG"
018NY6XC00VTFTTRCB174CGRZN,"","Ghostrider OG V1 F2"
018NY6XC00VTXJ0DHG8Q22TFB9,"","Ghostrider V2.0"
01E7C0PSHT9H09EQ0XYZC36ZJ7,"Hybrid","Ghost's Dream"
018NY6XC00VTH2HK79PBFQ91DM,"","Ghost Ship"
018NY6XC00VTQ5XVEJ9C8YEDNX,"","Ghost Town Kush"
018NY6XC00VTJ53B830WVAMXAN,"","Ghost Train Haze"
018NY6XC00VTWEHY7WGN3Z1JTQ,"","Ghost Train Haze #1"
018NY6XC00VTCMN9NFKZZK9YHS,"","Ghost Train Haze #2"
018NY6XC00VTS9DCQCNRERKWJQ,"","Ghost Train Haze #5"
018NY6XC00VT88AABS0HMHNY8K,"","Ghost Train Haze #8"
018NY6XC00VTCHPCMQTNPF8DW0,"","Ghost Train Haze #9"
018NY6XC00VTXXTN27HE0544MN,"","Ghost Train Tang"
01E7C0Q3DK2KD3WQ09WTZ0E3AY,"Indica/Sativa","Ghost Walker Og"
018NY6XC00VTZ3F398EP5A1JNQ,"","Ghost Wreck"
018NY6XC00VTC1QWDZY3RYX5AC,"","GI 001"
018NY6XC00VTYZHJ82H9FP5ZKZ,"","Giant Cindy"
018NY6XC00VTT5N4SGBMZWA3HT,"","Giant Haze"
018NY6XC00VTRHFEQX8H3N58ZX,"","Giant Princess"
018NY6XC00VTZCAYEBRAZX8BKV,"","Giants OG"
018NY6XC00VTPZCZZ6DHS16C3Q,"","Giant Steps"
018NY6XC00VT6VDB6MAJHP7JHX,"","Giesel"
018NY6XC00VTM1TEGPRXME1W60,"","Gigabud"
01E7C0QP4E4D0FTC6Q0M08V0HF,"Indica/Sativa","Giga Bud"
018NY6XC00VT9SKD3BWDR96ZBX,"","Gigantes"
018NY6XC00VTMR5K0TAGQEKWZD,"","Gilz Nilz"
018NY6XC00VTX5EE6YVY2CR1D9,"","Ginger Ale"
018NY6XC00VTCDGSE829VQ6JND,"","Gingerbread Cookies"
018NY6XC00VTZ7A36SAH5AZ61R,"","Ginger Kid"
018NY6XC00VTDZGTYZCT74K6K2,"","Gipsy Haze"
018NY6XC00VT3ZE2JK7BAN4WT9,"","Girl Scout Candy"
018NY6XC00VT5SGN9EXSAGQHBX,"","Girl Scout Cookie"
018NY6XC00VT05PVBP1CMR3JW3,"","Girl Scout Cookies"
018NY6XC00VTPAQ018P9GZ412K,"","Girl Scout Cookies #2"
018NY6XC00VT8PEMGE62TV5ZPW,"","Girl Scout Cookies BX1"
018NY6XC00VTPZK679BS0TD3C9,"","Girl Scout Cookies: Fox Cut"
018NY6XC00VTMDTC3A46D1KXPB,"","Girl Scout Cookies GAL15784"
018NY6XC00VTKNT83C73T4F5DB,"","Girl Scout Cookies GAL300"
018NY6XC00VTDS50M15G9KA32C,"","Girl Scout Cookies GAL348"
018NY6XC00VT1C9DAJSY704TC1,"","Girl Scout Cookies GAL6196"
018NY6XC00VT5PBQFNQYX8EBXV,"","Girl Scout Cookies (Rebel Grown)"
018NY6XC00VT9ZFHNNQDN27TRQ,"","Girl Scout Forum Cut"
018NY6XC00VTEN47A70GK7V199,"","Girl Scout GHash"
018NY6XC00VTP276C6BEQVBJ4N,"","Girl Scout Glue"
018NY6XC00VTWF8JSKD8D9MYRE,"","Girl Scout Haze Cookies"
018NY6XC00VT4KVNBCQ1J4GY58,"","Girl Scout Platinum"
018NY6XC00VT78TSED35G3ZYMC,"","Girl Scout Wookies"
01E7C0QTZCMH5AVVBVP5GJRBHT,"Indica/Sativa","Girl Scout Yeti"
018NY6XC00VTNX21RH7S0YPESX,"","Girls Gone Wild"
018NY6XC00VTN850ZAR33X8XXN,"","Girl Time"
01E7C0QVR3WKE3XJ1HXT6Y80WM,"Indica/Sativa","Glacier Glue"
018NY6XC00VTMCQ9SM9RW63X9M,"","Glacier Goo"
018NY6XC00VT24WGQEHBXJ33ZR,"","Glacier OG"
018NY6XC00VTN7RCQNZT41T84Q,"","Glad Max"
018NY6XC00VTR4XVREQP1Q57YK,"","Glass Apple"
018NY6XC00VTKEZ69XGEPA81V1,"","Glass Slipper"
018NY6XC00VT15BSKEHEHWDN06,"","Glass Slipper (Riot Seeds)"
018NY6XC00VTM8RV63MA3G1QQS,"","Glaucoma"
018NY6XC00VTVD573AAZ2XJTDC,"","Glaucoma OG"
018NY6XC00VT6VGRJX3ZVPF8HG,"","Glazed Cherry"
01E7BXDADJ4YWN68374Q7FGZQ4,"-unknown-","Gletsjer"
018NY6XC00VTGB8ANP1FCYVM6B,"","Glo"
01E7C0QZDW4SP2X3MPCK9A8DXH,"Sativa/Indica","Glookies"
018NY6XC00VT9M278TE7R2R5E6,"","Glowing Goat #5"
018NY6XC00VT4Z3VWWQNS5RHRB,"","Glucifer"
018NY6XC00VTVMSM959NCRXPCY,"","Glueberry"
01E7C0R0SAD62HGS0PJ3HDNHV9,"Hybrid","Glueberry OG"
01E7C0R1J209JT7X2KC82V2PGM,"Indica/Sativa","Glue Breath"
01E7C0R2ATGTYBTAKW3P4CJZCP,"Hybrid","GlueChee"
018NY6XC00VTXWR87G8CQWX7RR,"","Gluecherry"
018NY6XC00VTM2QVC2VPX8MKMR,"","Glue Diamond Phillips"
018NY6XC00VTAHJNYC4XVYHWS9,"","Glue Fire OG"
018NY6XC00VTFGF8YHV60Y9P96,"","Gluekies"
018NY6XC00VTXPXH5PZ4T7Z57T,"","Gluekle"
018NY6XC00VT6QJPV48RTZTEDP,"","Gluelato"
018NY6XC00VTT3MV5ND7JAMJHF,"","Glue OG"
018NY6XC00VTMRT6FF173B1SKT,"","Glue on Fire #1"
018NY6XC00VTREJNWD7N94F03S,"","Glue Tech"
018NY6XC00VT7MH7WMYZ3AY6H4,"","Glue Trap"
018NY6XC00VTEYFGPQ0VJZM4BV,"","Glue Walker"
018NY6XC00VTQHKER626SFY1TE,"","Gluttony"
01E7C0R42MYNY0BF0YCTAVRNEQ,"Indica/Sativa","GMO Cookies"
01E7C0R4VGKM2YWHWKQWHR41KZ,"Hybrid","GMO Zkittlez"
018NY6XC00VT5NSJWYJ6WY7PPH,"","Gnarsty"
018NY6XC00VTJED2HXH03FX15C,"","GNG #5"
018NY6XC00VTMEYWCHX2EH791E,"","GNG/P-91"
018NY6XC00VTPFYF6RYFZ9EDT7,"","Gnome Walker"
018NY6XC00VT466PD0J3HQZRK0,"","G.O.A.T."
01E7C0R6YZB922N08DG6P8KGT9,"Sativa/Indica","Goat Head"
018NY6XC00VTY3JRXXV21A2FTV,"","GoatWreck Haze"
018NY6XC00VTCAYTNHY7WVV15Z,"","Gobbilygoo"
018NY6XC00VTQR902VW474D71J,"","Gobbledy Goo"
018NY6XC00VTFY1VWKSJK7W9CT,"","Gobbstopper"
018NY6XC00VTNDYFFTGWRPFF4Q,"","Goblin"
018NY6XC00VTYNRKJ34B9HWZF4,"","Gobstopper"
018NY6XC00VTK33837NRERVA1C,"","God"
018NY6XC00VTA1N78VK7WB0HF9,"","Godberry"
018NY6XC00VTBFA1NMMPPRVNDX,"","God Bud"
018NY6XC00VTANS7MNBTCVSD5G,"","God Bud GAL6148"
018NY6XC00VT6MN6NC5VTSFB7M,"","God Bud GAL6361"
01E7C0RFAZ3S9QFHFJQSE6ZY9K,"Indica/Sativa","Godbud x Shiskaberry"
018NY6XC00VT7HHMYWFWE50RXZ,"","GodCrack"
01E7C0RGPB6ZHPT95YH46HXJAB,"Indica/Sativa","Goddess Kush"
018NY6XC00VT2TKR51820WRCRB,"","Goddess OG Kush"
018NY6XC00VT8QRQJ00S2GX6E8,"","Godfather"
018NY6XC00VT58AK0Z5D6GWVKG,"","Godfather OG"
018NY6XC00VTP6QJ3RYFQXMP4E,"","Godfather OG Kush"
018NY6XC00VTDX8XQV6WX01MBZ,"","Godfather Purple Kush"
018NY6XC00VTN2WX9RPYGZEC3M,"","Godfather Purps"
018NY6XC00VTGG5RGRY9F6Q2XA,"","Godhead"
01E7C0R9K2MWX5MG4342N28ZRC,"Indica/Sativa","God'S Blue Cough"
018NY6XC00VTJGA529VM43X5KS,"","God's Bubba"
018NY6XC00VTCDM8SW7ZTF2YW7,"","God's Cookies"
018NY6XC00VTE9FB6B10AKWZ3D,"","God's Gift"
018NY6XC00VTSEETP587XPXZST,"","God's Green Crack"
01E7C0RBKT70B5Z95RKE5ZYXF0,"Indica/Sativa","God'S Green Crack"
018NY6XC00VTK9F0JRRT2DTJQJ,"","God's Green Gift"
01E7C0RCZK0V5Q0WDSFXJX5Y8S,"Hybrid","God's Grove"
018NY6XC00VTFRPK4ECJ711W37,"","God's OG Kush"
018NY6XC00VTKK5FBYNTJHR3YA,"","God's Treat"
018NY6XC00VTQ87AWDF2V16VEF,"","God’s Treat"
018NY6XC00VTXTKSGPAW6050TY,"","Godzilla"
018NY6XC00VTHW9ARP61J4S1MR,"","Godzilla Glue"
018NY6XC00VT9SHC0QXW80EQGQ,"","Godzilla Grape"
018NY6XC00VTAEWHEYHVAMQ2QC,"","Gogi Glue"
018NY6XC00VTW6DM28N3497XRQ,"","Gog & Magog"
018NY6XC00VTT180Z5Q40F6HKS,"","Goji Banana"
018NY6XC00VTKTQH0WSAZREN1J,"","Goji Bean"
018NY6XC00VT221T4ZBWFWEBHX,"","Goji Cake"
018NY6XC00VTA576CDW0X0YD2B,"","Goji Cheese"
018NY6XC00VTQF30EYMHD0ZFYB,"","Goji DC"
018NY6XC00VTX89CH8EZY5XRKD,"","Goji Diesel"
018NY6XC00VT69CFW9EMS2MB69,"","Goji Dream"
018NY6XC00VT0K7ZJ2BHQRCMWE,"","Goji Glue"
018NY6XC00VT1JMQWS6GYBRKPY,"","Goji Golden Cobra"
018NY6XC00VTC53NVAD83XHPEX,"","goji gorilla"
018NY6XC00VT2B70H67RV4BZE0,"","Goji Haze"
018NY6XC00VT8DS3SRM98FRF96,"","Goji Lemon Haze"
018NY6XC00VTWR0KTFWAX8B918,"","Goji OG"
018NY6XC00VTTS4ZAA1SGHJCFG,"","Goji Purple Fire Thai"
01E7C0RRHKJ1QKQZDXY2RD93RJ,"Sativa/Indica","Goji Tang"
018NY6XC00VTP5E8DJ3T91QPYM,"","GojiTrip OG F1"
018NY6XC00VTKREM89ZEQR782S,"","Goki Headband"
01E7BX7GCN4G80AB8YXPR2VXWB,"","Gokunk"
018NY6XC00VTQH91X6XGVCK9FN,"Sativa","Gold"
018NY6XC00VTR85T7GF2BMRQFV,"","Goldberry"
018NY6XC00VT68TEP64M408RNJ,"","Gold Coast Candy OG"
018NY6XC00VT49XWZ28GNY9SG9,"","Gold Colombian GAL6438"
018NY6XC00VT3SCC9YKT4RAX7J,"","Gold Colombian GAL6439"
018NY6XC00VTNDW5N6DZF83RDP,"","Gold Colombian GAL6446"
018NY6XC00VTN15WWT3HVSF03M,"","Gold Colombian GAL6451"
018NY6XC00VTXM3JVJYZ7WP00Y,"","Gold Colombian Landrace"
018NY6XC00VTYCJDSGFDY4SEW4,"","Gold Columbian"
018NY6XC00VTN5S9D1TR4J21WQ,"","Gold Dust"
018NY6XC00VTRPG1PH58S0TKJR,"","Goldenback Gorilla"
018NY6XC00VTPKWXCNT3V4CD3G,"","Golden Berry"
018NY6XC00VT17VFHFNR5C3M6Z,"","Golden Boy"
01E7C0RV68GAJMQFCKGCCGRA7Q,"Sativa/Indica","Golden Calyx"
018NY6XC00VTDWFX5KAM7F0PAM,"","Golden Child"
018NY6XC00VTSGZ120J0DM3KNS,"","Golden Cobra"
018NY6XC00VTDGT11FSEJTXWBB,"","Golden Creek"
018NY6XC00VTYP4WXVM3TH6X59,"","Golden Diesel"
018NY6XC00VTGCZFT1NQ6XX6FS,"","Golden Gage"
018NY6XC00VTP9WZ7G3HJ8Z6TM,"","Golden Gate Kush"
018NY6XC00VTV2B7YKA6WCD7MS,"","Golden Geek"
018NY6XC00VTRZPD1R5NC0TSPN,"","Golden Goat"
018NY6XC00VTPHJ25MHK9JQJX4,"","Golden Goat 2"
018NY6XC00VTK5BSFERGAACPAP,"","Golden Grahams"
018NY6XC00VT9VGFRE3SRNFV7Q,"","Golden Haze"
018NY6XC00VTJ242G8SWG0MTAE,"","Golden Jamaican Kush"
018NY6XC00VT409NNZNY3B5KDJ,"","Golden Kush"
018NY6XC00VT3PHDXZ0J82PPSW,"","Golden Lemon"
018NY6XC00VTG8Q3191V8R4ZC1,"","Golden Lemons"
018NY6XC00VT9X89R2G2AD9CV9,"","Golden Lotus"
018NY6XC00VTD4QWFA40QHKFSC,"","GoldenMoon"
018NY6XC00VTF28C7T0C2A7RHC,"","Golden Nugget"
018NY6XC00VTJ1Y3CDBATJPVZC,"","Golden OG"
018NY6XC00VTPXAC874W1FGPXP,"","Golden Panda"
018NY6XC00VTYJDRA4GQ8M1P97,"","Golden Pineapple"
018NY6XC00VTHT7JMFP6GF0C9X,"","Golden Road"
018NY6XC00VTGDXJNAT92RH4YT,"","GoldenSkunk"
018NY6XC00VTPYZFNEPGSVJBEV,"","Golden Skush"
01E7C0S19M07MR40ZKK5WJW8B3,"Sativa/Indica","Golden Soda"
018NY6XC00VTD6M47KWC0NG4N6,"","Golden Spoon"
018NY6XC00VT56FCGJJ02T8J74,"","Golden Star"
018NY6XC00VTRPJMC1CYYQYA60,"","Golden State"
018NY6XC00VTB3XJQ559DAR3R7,"","Golden State Banana"
01E7C0S3C9M72HMCHYSF3F8JJB,"Indica/Sativa","Golden Stormz"
018NY6XC00VTTVSD8Q8APQ7Z5Q,"","Golden Strawberries"
018NY6XC00VT1C0PV1QJP3CE1Z,"","Golden Tangie"
018NY6XC00VTTK0D5SDD2R1V2G,"","Golden Temple Kush"
018NY6XC00VTY3CRNWC114JJ39,"","Golden Thai"
018NY6XC00VTHKG4FSTR5GTMNC,"","Golden Ticket"
018NY6XC00VTSFS01KDZTG6BHT,"","Golden Tiger"
018NY6XC00VTZ9QG65ZHVPYMQW,"","Golden Trainwreck"
018NY6XC00VTNT25VX4R7VS6T7,"","Golden Tree Plush Berry"
018NY6XC00VTD7ZETE4KBK1P09,"","Golden Triangle"
018NY6XC00VTJAD20B7REJD2QM,"","Gold King's Thai"
018NY6XC00VTPR1JY0TRWC5WY2,"","Gold King Thai"
01E7C0S8R11KXPP00NQ3XSJZFZ,"Indica/Sativa","Gold Leaf"
018NY6XC00VT9E7AE2SG781RV1,"","Gold Lotus"
018NY6XC00VT3P42EXSQ1WRKNK,"","Gold Monkey"
018NY6XC00VTFVRQFXWTBY8VDN,"","Gold (Nagano Gold)"
018NY6XC00VTCT0ET75SXY10G4,"","Gold OG"
018NY6XC00VTGQNAA7A4SBFVCY,"","Gold Rush"
018NY6XC00VT5935MC4M76RAAG,"","Gold Star"
018NY6XC00VT3PWCC40BZ2400N,"","Goldwing"
018NY6XC00VTJB6SQGV8TBY63Q,"","Goliath"
018NY6XC00VT4N8GSJC1PQM17A,"","Gonzo #1"
018NY6XC00VTR264EF7J3N3FR0,"","Gonzo #2"
018NY6XC00VT5MBZF6CZ52BSN3,"","GONZO #2 BX1"
018NY6XC00VTEXTZWDQW8YKKHT,"","Gonzo #3"
018NY6XC00VT5H9Y89RS8FNW4R,"","Goo"
018NY6XC00VTNTVJECB9QW6HDK,"","Goo #13"
018NY6XC00VT5872KDSSSEQW91,"","Gooberry"
01E7C0SB9HEZG6N23F3H1XNS4C,"Indica/Sativa","Goo Berry"
018NY6XC00VTVPBK362K9RE8DT,"","GooBerry"
018NY6XC00VTVKBNXE0X70B6ZB,"","Goo-Che"
018NY6XC00VT0Z1NNX2SANK56P,"","Goo-Cheese"
018NY6XC00VTZYSNZSX1939F9B,"","Good Medicine"
01E7C0SCN9VRY7X36WTGTJDZ9R,"Sativa/Indica","Good Morning"
018NY6XC00VT7EPMA0ACAR5N5T,"","Goodness"
018NY6XC00VTAAH5WFEYHXFVBG,"","Gooey"
018NY6XC00VTJQ21NN2MQMN7BC,"","Gooey Block"
018NY6XC00VTYJ7E6PTNF2WHZA,"","Gooey Widow"
018NY6XC00VTJJKAY5DQYSJ87J,"","Gooey Wreck"
018NY6XC00VTF30PQ2PQVRC60F,"","Goofy Grape"
018NY6XC00VTRZ6H44DX4DVTRR,"","Goomendaze"
018NY6XC00VTTN6Q7ZT08N2ZT6,"","Goondox Rocks"
01E7BXBASCDWQQWEJME66ZGV8A,"-unknown-","Gordo Master Kush"
018NY6XC00VTJY50EH6RMVKD5N,"","Gordy's Spice"
018NY6XC00VTY7EYFR79P0NKVE,"","Gordy's Spice #18"
018NY6XC00VTMHR3MTP0E3G72N,"","Gorgeous Grapes"
018NY6XC00VT56T496SZ5QJRKS,"","Gorilien"
018NY6XC00VT88Y47ZW64W3HE6,"","Gorilla Arm (Apollo 13 pheno)"
018NY6XC00VT65JP4T20PQ903K,"","Gorilla Biscuit"
01E7C0SFANCX1CE33SA6J1AFEJ,"Sativa/Indica","Gorilla Bomb"
01E7C0SG3RJN65AHT33JGFWY0D,"Indica/Sativa","Gorilla Breath"
01E7C0SGZ8G7P3FSN869DPN9HQ,"Indica/Sativa","Gorilla Candy"
018NY6XC00VT7DWA7E7QZCCVHD,"","Gorilla Cookies"
01E7C0SHSMBXJC9YPEP804H4RZ,"Indica/Sativa","Gorilla Crush"
01E7C0SJM00DW26T1W14DNHPZT,"Indica/Sativa","Gorilla Dawg"
018NY6XC00VT0YZN5P7Y212XS0,"","Gorilla Diesel"
01E7C0SKJH3V7497WZ8PMEQ5C1,"Indica/Sativa","Gorilla Dosha"
01E7C0SMB98F4944EQZNQC084H,"Sativa/Indica","Gorilla Girls"
018NY6XC00VTRNSZRMBSFJTS6F,"","Gorilla Glue"
018NY6XC00VTEREZQYSFZCRDEE,"","Gorilla Glue #1"
018NY6XC00VTCW4NDCK2GAJPNZ,"","Gorilla Glue #12"
018NY6XC00VTZFTTCVH8NRRSEV,"","Gorilla Glue #4"
018NY6XC00VTY3VGB1FK0WNKJG,"","Gorilla Glue #4 GAL6391"
018NY6XC00VTAE5GHX7X1ZD0KD,"","Gorilla Glue #4 GAL6392"
018NY6XC00VTNM2VWDM8XHEQT5,"","Gorilla Glue #5"
018NY6XC00VT3P27ZHK0Z3AN4A,"","Gorilla Glue GAL15779"
018NY6XC00VTX09YHMWZR54RVK,"","Gorilla Glue GAL3124"
018NY6XC00VT6AEVSQXASW91EZ,"","Gorilla Gods"
01E7C0SQH6HCRN7RGB6NF27SB0,"Sativa/Indica","Gorilla Goo"
018NY6XC00VTPV4J5YWK89D9KA,"","Gorilla Grape"
018NY6XC00VTR9G01NZET929NT,"","Gorilla Grape Ape"
01E7C0SS2YDW4YWWHQDRZF4W7H,"Indica/Sativa","Gorilla Grapes"
018NY6XC00VTVEKW4CJHWQS1P7,"","Gorilla Grip"
01E7C0SSVWX0S8NENF1R713V1C,"Indica/Sativa","Gorilla Grips"
018NY6XC00VTVBKHTWE0DWZ7PZ,"","Gorilla Mango"
018NY6XC00VTRRP9PPG390KMA9,"","Gorilla OG"
018NY6XC00VT1K7KHG81XXCKRM,"","Gorilla Princess"
018NY6XC00VT19A2XS4HECGWCP,"","Gorilla Punch"
01E7C0SV7BGBEPSXGP3K5T541V,"Hybrid","Gorilla Snacks!"
01E7C0SW1GTY5CQ06M66Y726ZW,"Hybrid","Gorilla Wreck"
018NY6XC00VT2WY0N8ZW69GWNH,"","Gorilla Wreck 4"
018NY6XC00VTEJVT424YFTAVXG,"","Gorkle"
018NY6XC00VT408CTB09F0R01A,"","Goro"
018NY6XC00VTXYBHA1JA3PJ0A7,"","Goshen Goop"
018NY6XC00VTNYB7HR46CBTG9Z,"","Go Time"
018NY6XC00VTEPZCZAMP5Y3ZPM,"","Gouda"
018NY6XC00VTH33PR19VVTJ0T9,"","Gouda's Glory"
018NY6XC00VTEDWGZEZ9VNWFPS,"","Gourdbuster"
01E7C0VJ9P2FBBMC8W468ZJX7Y,"Indica/Sativa","Goverment Mule"
018NY6XC00VTQ0KV1P5X0HH4F2,"","Government Cookies"
018NY6XC00VTA4116262NGZHQT,"","Government Mule"
018NY6XC00VT18861MPFHAQ372,"","Goya"
01E7C0EMZSY1GVGY3P5X7NQDRD,"Sativa/Indica","G-Paw Kush"
018NY6XC00VT0R1MCA2C5ZXKHZ,"","Grace's Cookies"
018NY6XC00VTTN1Q7WASN4CRQ7,"","Gracie Slick"
018NY6XC00VTAJS798Z6D5WFS2,"","Grandaddy Blueberry"
018NY6XC00VT0WHVAE79ZJGKAF,"","Grandaddy Bruce"
018NY6XC00VTZ200TEF0J0JXDH,"","Grandaddy Crack"
018NY6XC00VTYYHFRCPB7DTRN2,"","Grandaddy Haze"
018NY6XC00VTXB7NCAAHTAQR97,"","Grand AK"
018NY6XC00VTFC32RR2RNYQDCP,"","Grand Bay"
018NY6XC00VTKC3THEFB78YB6H,"","Grand blue"
018NY6XC00VTFJX4YGPQZ819HC,"","Grand Canyon Purple"
018NY6XC00VTM2M684R8XMMYJR,"","Grand Caper"
018NY6XC00VTDYBFK4WGN6PAR0,"","Granddaddy Cheese"
018NY6XC00VT9RK0GCYDC1MD9M,"","Grand Daddy Diesel"
018NY6XC00VT6DB0WGWBE3347J,"","Granddaddy Grape"
018NY6XC00VT8H8S19DVCJGWEE,"","Grand Daddy Green"
01E7C0VRX1SW2JKZA6V88DCEEG,"Indica/Sativa","Granddaddy OG"
018NY6XC00VTW2MFE1P1G7QN46,"","Grand Daddy Platinum PurpBerry Cookies"
018NY6XC00VT1H3G5P8K0RM6GM,"","Grand Daddy Punch"
01E7C0VT8C54T9AVPB6Z8FTM90,"Indica/Sativa","Granddaddy Purple"
018NY6XC00VTZXGJ5XG8ZXSF6K,"","Grand Daddy Purple"
018NY6XC00VTZN8SE6J6Q5MEZ0,"","Granddaddy Purple / Afgoo"
018NY6XC00VT3AB0EX1N2D53RR,"","Granddaddy Purple (GDP)"
01E7C0VV138Z8KJ8XZ0EB1F0ZE,"Hybrid","Grand Daddy Purple x Blackberry"
01E7C0VVSWA1RV4Z4HPKZ51K6Y,"Indica/Sativa","Grand Daddy Purp X Grape Gorilla"
018NY6XC00VTR9FVQ4VV2B65D6,"","Grand Daddy Sherbet"
018NY6XC00VT0BKXSDD98ZJTBP,"","Granddaddy Skunk"
018NY6XC00VTYRT64EPJ08XBCV,"","Grand Daddy Smash (GDS)"
018NY6XC00VTHC880BPJPPMJM4,"","Grand Daddy Urkel"
018NY6XC00VT5P4V9WS8YWHYE3,"","Grand Daddy Urkle"
018NY6XC00VTBAD4BB0EVTV7S1,"","Granddaddy White"
01E7C0VX575XKSKGCA5HA37KMQ,"Indica/Sativa","Granddaddy Wonder"
018NY6XC00VTCK71FQC45Y5D2V,"","Grand Doggy Purps"
018NY6XC00VTSVTKYEG8EPFWWJ,"","Grand Double Purple"
018NY6XC00VTFVZCJ1Z0CFW6XP,"","Grand Durban OG"
018NY6XC00VTVMATHZPJPSBPMP,"","Grande Ronde Green"
018NY6XC00VT00JJJP3PB2FY5Q,"","Grande Supremo"
018NY6XC00VT5DZPMYH3BPAG0Q,"","Grand Fire OG"
018NY6XC00VT9VNS5MWAK28R36,"","Grand Heft Auto"
018NY6XC00VTQG4TNTV93SQB3N,"","Grand Hindu"
018NY6XC00VTE1XQ0B1YG9156C,"","Grand Hustle"
018NY6XC00VTVVN4D6CNPNW4MA,"","Grand Marnier"
018NY6XC00VT2K55RN0JXS8FX3,"","Grandma's Batch"
018NY6XC00VTXSAWHX78MM37PX,"","Grandma's Cookies"
018NY6XC00VT8JFJHHYTAAZDAX,"","Grandma's Double Stuffed Cookies"
018NY6XC00VTRQRG31W3T7BZP9,"","Grandma's Sugar Cookies"
018NY6XC00VT00EW90QQHND3XB,"","Grandma’s Sugar Cookies"
018NY6XC00VTPS1PXA9RBSF47W,"","Grand Master Cheese"
01E7C0W0V2GZ1K97X1QWQ9G937,"Hybrid","Grandmaster Chem"
018NY6XC00VTXD0YQR172E9P8W,"","Grand Master Kush"
018NY6XC00VT5QCNDQK13QRMQC,"","Grandoggy Purps"
01E7C0W44E5EF7VMM3YG761RC3,"Indica/Sativa","Grandpaâs Breath"
01E7C0W26FVEWNKCXY4SA28J81,"Indica/Sativa","Grandpa Bub"
018NY6XC00VT9JHH32VJ9PPEQ9,"","Grandpa Larry OG"
018NY6XC00VT3EKAHGN7AY358C,"","Grandpa’s Breath"
018NY6XC00VT5B7D6P6JXRT9PH,"","Grandpas Breath F2"
018NY6XC00VT80F1A4Z4H8WJZS,"","Grandpa's Cookies"
018NY6XC00VTVTW50TTZQ20GZK,"","Grandpa Simpson"
018NY6XC00VT4M1VR7GH9Y4M4J,"","Grand Poobah"
018NY6XC00VTT7ZZ2YT3RA4W2C,"","Grand Purple Tragedy"
018NY6XC00VTQBJ64SHH9Q6X00,"","Grand Shadoobie"
018NY6XC00VTYHR7XKBA5JFD2K,"","Grand Slam"
018NY6XC00VTBZ5N1KY0F3J6W2,"","Grand Tahoe OG"
018NY6XC00VTZDHT0PEV0WN5GV,"","Granflora"
018NY6XC00VT0D6K1QPMHME2MV,"","Gran Flora"
018NY6XC00VTG9GWG1EAKSJXWK,"","Granny Derkle"
018NY6XC00VTR6K9WFF19BEFHH,"","Granola Funk"
018NY6XC00VT77TJH5NE3YVC97,"","Grape"
018NY6XC00VT6Y1XNPN36VMC21,"","Grapeade"
018NY6XC00VTE25FWTMTQT54V4,"","Grapealicious"
018NY6XC00VTVERX8TKZR4V3WC,"","Grape Ape"
018NY6XC00VTVRDFTXN8ADM8WH,"","Grape Ape GAL5924"
018NY6XC00VTXMFJ62ZZVW353B,"","Grape Ape GAL6114"
01E7C06R964V9FZYMPKGAVSNE1,"-unknown-","Grape Ape x Sensi Star"
018NY6XC00VTD4FS5J09RHEWYK,"","Grape Berry"
018NY6XC00VTC0EP2JH73FCYVN,"","Grape Berry Kush"
018NY6XC00VTXQ9D9GMJKJ74G3,"","Grape Bubba"
018NY6XC00VTG0B4JF3GBDQ7Z2,"","Grape Bubba Stomper V.1"
018NY6XC00VT7B7ECR92QVNSRJ,"","Grape Bubblegum"
01E7C0W9BXAWEYE5Z1MMY4PGAE,"Indica/Sativa","Grape Cake"
018NY6XC00VTV5911N0AKMJCC8,"","Grape Calyx"
018NY6XC00VTS7YGQ4AC7BV4D6,"","Grape Candy"
018NY6XC00VTPWGHWTT1XFJYSD,"","Grape Candy Cane"
018NY6XC00VT527XXBESMZSP2H,"","Grape Cherry Soda"
018NY6XC00VTVYACVFAT01V1Q5,"","Grape Cola"
018NY6XC00VTJ0QP2MXFE98NZ6,"","Grape Cookies"
018NY6XC00VTSJTN0A42SZWN2Z,"","Grape Crush"
01E7C0WD1P0P9EY8PKJ0T77PD4,"Indica/Sativa","Grape Dawg"
01E7C0WDTEME52ZZMDRW115VKB,"Hybrid","Grape Diamonds"
018NY6XC00VT3CMEE0XK84YH8E,"","Grape Diesel"
018NY6XC00VTVX6ETGQCRDDMDR,"","Grape Drank"
018NY6XC00VT2VXZ7N88X13PNN,"","Grape Dream"
018NY6XC00VTVZ0PZW9PEKFAYA,"","Grape Drink"
018NY6XC00VTSRHVR1SVWBWRHD,"","Grape Durkle"
018NY6XC00VTBYN9RWP94SJQZ4,"","Grape Escape"
018NY6XC00VT99SZDYPTYA3D7X,"","Grape Fire"
018NY6XC00VTE3ZA4GZ05W06C7,"","Grape Frost"
018NY6XC00VTSNQTHF9Y5SQ96A,"","Grapefruit"
018NY6XC00VT5CFXVC07T3VJPB,"","grapefruit blaze"
018NY6XC00VT1TAEM29ATM9FMZ,"","Grapefruit Bowl"
018NY6XC00VTE51E9DMSNS4A62,"","Grapefruit Diesel"
01E7C0WK875444RMBAQPKYGM2G,"Sativa/Indica","Grapefruit Durban"
018NY6XC00VT81THH2HYH2D401,"","Grapefruit Fly"
018NY6XC00VTWRKKS9H8TT0K0E,"","Grapefruit Haze"
018NY6XC00VTVQ94Z54W3XR1GT,"","Grapefruit Krush"
018NY6XC00VTBB2PNYY0J2NGHW,"","Grapefruit Kush"
01E7C0WNRP65CKXQKV43D4R7HT,"Indica/Sativa","Grapefruit Skunk"
01E7C0WPHCNRXCVGXHJA634CM8,"Sativa/Indica","Grapefruit Sour Dream"
01E7C0WQA2M159Z8G2RAJ9FJCX,"Hybrid","Grape Gas"
018NY6XC00VT5GVE2B0DJQ3T4Q,"","Grape Gazoo"
018NY6XC00VTBJ5F2GR4DQX6EG,"","Grape God"
018NY6XC00VTMC8D1YTRTB4X0E,"","GrapeGod"
018NY6XC00VTTZTYBXD8VHE8DE,"","Grape God (A)"
018NY6XC00VTF5AWREKEZERVP5,"","Grape God Bubba"
018NY6XC00VT4A8MXZPAJC98N9,"","Grape God Bud"
018NY6XC00VTREH0D9Q03YC2B5,"","Grape Goddess"
018NY6XC00VTNYMYRWR15SDK7C,"","Grape Goo"
018NY6XC00VTMVGHBSV9G8TSA9,"","Grape Grand Daddy Purple"
018NY6XC00VTER6V54R7B6ZJSV,"","Grape Inferno"
01E7C0XJPG4HW59X12JMHAE5A9,"Sativa/Indica","Grape Island Skunk"
018NY6XC00VTKR1VH1VPG7SYP8,"","Grape Jack"
018NY6XC00VTPY0K9ANQ97F5HF,"","Grape Jelly"
018NY6XC00VT8N06BYFZVDDTAX,"","Grape Krush"
01E7C0XM1XD18M00YFGYZJXN50,"Indica/Sativa","Grape Krypt OG"
018NY6XC00VT764AMDA917JEPW,"","Grape Kryptonite"
018NY6XC00VTDQJXN1E65HEWV8,"","Grape Kush"
018NY6XC00VT3B9A8ENPXG718P,"","Grape Kush Caviar"
018NY6XC00VTGZYA69ZDQC4PGW,"","Grape Kush S1"
01E7C0XP00PFZ0YNK61E695XZ5,"Indica/Sativa","Grape L.A."
018NY6XC00VTRY9G0ZC2ATAKWK,"","Grape LA"
018NY6XC00VTWH251GJSYGG1WQ,"","Grape Lemonade"
018NY6XC00VTYP4T3RFK2E67JF,"","Grape Lemonaid Dawg"
018NY6XC00VTNPPWXQ94RBJ3B1,"","Grape Lime Ricky"
018NY6XC00VT97467RAHEGFZTK,"","Grape Lui"
018NY6XC00VTH0PQZATMJ0MR5E,"","Grape Mayhem"
018NY6XC00VTC5GW6Z1SW77CZ6,"","Grape Mist"
018NY6XC00VTVQD36KMNCV14SA,"","Grape Moonshine"
01E7C0XQBGX4FJQ454QWTQ2R28,"Indica/Sativa","Grape Muerto"
018NY6XC00VT1W0QKNSYMTBFP6,"","Grape OG"
018NY6XC00VTVWCS99JQ00VPY9,"","Grape Ox"
01E7C0XRPX6576H8JJM2J4TE5D,"Indica/Sativa","Grape Pie"
018NY6XC00VT9WMWM61G4WAEFB,"","Grape Plasma OG"
018NY6XC00VTQRHQTYWR524F5T,"","Grape Puff"
018NY6XC00VTE5426JCX60ABY8,"","Grape Punch"
018NY6XC00VTSEQRVJDGJTMR7M,"","Grape Punch (The Bank)"
01E7C0XTMZHZFM309H40PYBEYQ,"Indica/Sativa","Grape Rancher OG"
018NY6XC00VT4SM4Y1B4GX9G0S,"","Grape Romulan"
018NY6XC00VTNRFM6FYTAAXYTY,"","Grape Royale"
018NY6XC00VTHDQB6S8WS6YARX,"","Grape Scout Cookies"
018NY6XC00VTMEW3CZB7S5RPBQ,"","Grapeskunk"
018NY6XC00VTGRAX1MB7VE1RWB,"","Grape Skunk"
018NY6XC00VTVPKPRMGAGVN9ST,"","Grape Smuggler"
018NY6XC00VT3368YS9JZ4VSA3,"","Grape Soda"
018NY6XC00VTBBC2DXE7Z80KPJ,"","Grape Soda Kush"
018NY6XC00VTWQ2QCWTZ85Y9QR,"","Grapes of Cash"
018NY6XC00VTR1BMATQXT76X8B,"","Grape Sorbet"
018NY6XC00VTN4W4KBKMAP0Y7F,"","Grape Stomper"
01E7C0XYXGJWD8AG1BBSWBP652,"Indica/Sativa","Grape Stomper Alien DD"
018NY6XC00VTVHBJ1X5Z7G07VM,"","Grape Stomper BX2"
018NY6XC00VTT618AJ0CXXFESE,"","Grape Stomper BX (Dumbo)"
018NY6XC00VT5CEQTHN1Z2AW8N,"","Grape Stomper OG"
01E7C0XZP95Q9T7HNTHZ3QZE51,"Hybrid","Grape Stomper x Sour Candy"
018NY6XC00VT41WR78XA9MQ9A8,"","Grape Stompin Crack"
018NY6XC00VT8GTBYDS5DQK69E,"","Grape Tahoe OG"
018NY6XC00VT62PTT11C5529S8,"","Grape Valley Kush"
018NY6XC00VT8PK4MQHFVNRZEA,"","Grapeview Glory"
018NY6XC00VT640RZREN76C1TE,"","Grapevine"
018NY6XC00VTJBSEPHZ2G6QGD9,"","Grape Wreck"
01E7C0Y2SZG6HZY27H9JKF0XBA,"Indica/Sativa","Grapist"
018NY6XC00VTBPN4C2B7RVK647,"","Grapist F2"
018NY6XC00VTW053V4KQYQ6PRB,"","Grass Knuckles"
018NY6XC00VT4Z5C96FCGE0CT5,"","Grass Valley Girl"
01E7C0Y3JQ42DVCY8XR6B42BYS,"Indica/Sativa","Grateful Breath"
018NY6XC00VTT9YFYHGCZSBNJM,"","Grateful Breath F2"
018NY6XC00VTTTVXS8HNW5BQHB,"","Grateful Casey"
018NY6XC00VT1V1GFKCK3TQ3S5,"","Grateful Chem"
018NY6XC00VT89K10S7JQJM5AV,"","Grateful Dawg"
018NY6XC00VTE6EJSXVH7BC6ZY,"","Grateful Deez"
01E7C0Y4Y4JT06Q1Y5QCCC7WBP,"Indica/Sativa","Grateful Glue"
018NY6XC00VT9VK91DKP2N8APA,"","Grateful Grape"
018NY6XC00VTGPBAYEXQKZCVV0,"","Grateful Puff"
018NY6XC00VTPAJRRQJMN5952P,"","Gravity"
018NY6XC00VTE0W7P7N7TMEYJ8,"","Gravity OG"
01E7C0Y7EW9ZF7N2TFYSKEAV94,"Indica/Sativa","Greaseball"
018NY6XC00VTR30DMJ2HDT1ZEN,"","Grease F2"
018NY6XC00VTWVJG95S6PS918D,"","Grease Monkey"
018NY6XC00VT3G5DJKTF0SSABG,"","Grease Monkey 2.0 AKA Boss Frost"
018NY6XC00VTZ4D2GNQV9W2021,"","Grease OG"
018NY6XC00VTDF029286X08QY8,"","Great Balls of Fire OG"
018NY6XC00VT427KP1VBNZAMN9,"","Great Garberville"
018NY6XC00VTH6JE1Z3KTMG2NE,"","Great Gatsby OG"
01E7C0Y9CYT3KHNDCVVCN8VQF4,"Sativa/Indica","Great Northern"
018NY6XC00VT8ABR9Y1Y7FXTZA,"","Great Purple Shark"
018NY6XC00VTA4KXFR0B5SPEA0,"","Great White"
018NY6XC00VTD2E83HMPBR0ERH,"","Great White Shark"
018NY6XC00VTZREZ7DAGX6CCC6,"","Great White Shark (Peacemaker)"
018NY6XC00VT2FQFFJ4VB9FCDH,"","Great White Widow"
018NY6XC00VTP98B97TXDV1BH4,"","Greedo's Stash"
018NY6XC00VTW3XPYJ7ENGHFDZ,"Sativa","Green"
018NY6XC00VTJAX567DMF096MQ,"","Green Alien"
018NY6XC00VTDMVFWZY5Y38SKE,"","Green Apple"
018NY6XC00VTT83XEKNYEC7VFS,"","Green Apple OG"
018NY6XC00VTPMF6QKTB2DC0S2,"","Green Avenger"
018NY6XC00VTMN89JXJHE4Q9G1,"","Green Beret"
018NY6XC00VT9JAVBKV52SQDDJ,"","Greenberry"
018NY6XC00VT1Q57TEM6QXSN3B,"","Green Berry White"
018NY6XC00VTB5QVYAN0W9ZE1M,"","Green Bud"
018NY6XC00VTCKBECZ8ANFXWR2,"","Green Candy"
018NY6XC00VT3XZFTT0YM1C8YW,"","Green Cheese"
018NY6XC00VTKD614D3MP043M8,"","Green Cherry Pie"
018NY6XC00VT17RHATMKC7B8VM,"","Green Chitrali"
018NY6XC00VTDYG7XGANS42NQW,"","Green Cloud"
018NY6XC00VT1BMHBN79WEGV66,"","Green Cookies"
018NY6XC00VTHZ00DFR9SDF8FH,"","Green Corn"
018NY6XC00VTMEWYBFQY5SVTZW,"","Green Crack"
018NY6XC00VT09463ETN9E2HTQ,"","Green Crack 2.0"
018NY6XC00VTQ14FR9MEWYJRSS,"","Green Crack Diesel"
018NY6XC00VTQ5RJJNNG2XDW3N,"","Green Crack Extreme"
018NY6XC00VTM36TW8415BPZF6,"","Green Crack S1"
018NY6XC00VT3521GF7CRBKP6X,"","Green Crack (Sick Meds)"
018NY6XC00VTJQTQHAFBMKRBDT,"","Green Crush"
018NY6XC00VTYZVE95GDBYB7SX,"","Green Curry OG"
018NY6XC00VTKZKARAWPD76CGP,"","Green Dawg"
018NY6XC00VTSZW2VWPEX2DW85,"","Green Devil"
018NY6XC00VTM8TYXQH5DEHE5G,"","Green Diamond"
018NY6XC00VT9Y07HN73J3NJ3Z,"","Green Door Kush"
018NY6XC00VTFKC7FPXYEZMH1Q,"","Green Dragon"
018NY6XC00VTJ64XQVXZ8395M1,"","Green Dream"
01E7C0Z7ZMAM96E8NQJ5RXB87X,"Indica/Sativa","Green Gelato"
018NY6XC00VT1GG7B043T152NX,"","Green Giant"
018NY6XC00VTP12KY9Y501NEMH,"","Green Glue"
018NY6XC00VTZNT9MPHETAPDRC,"","Green Goat"
018NY6XC00VTFSE4SQJH3E6NTE,"","Green Goblin"
018NY6XC00VTRNYM4XW1J5AXB4,"","Green Goblin OG"
018NY6XC00VTXBMC3PZGPMMTBA,"","Green Goddess"
018NY6XC00VTBF40MSVY71J65J,"","Green Goo"
018NY6XC00VTAMV2T5THMKT91S,"","Green Gorilla"
018NY6XC00VTC5DJR3N2Q9PZV4,"","Green Grapes"
018NY6XC00VTTC72EKW1HHEPT5,"","Green Gummy"
018NY6XC00VT5ZYJ63W7GK95FC,"","Green Haze"
018NY6XC00VTAAB4JXSGWDJ8ND,"","Green Hornet"
018NY6XC00VTX00PMQCGWYFY4K,"","Green Hornet OG"
018NY6XC00VTB0JFNS4S16XVA3,"","Greenhouse blend"
01E7C0ZC8GZ6W16VGX4QB4P5TQ,"Indica/Sativa","Greenhouse OG"
018NY6XC00VTP3PYN3HHH9NVRR,"","Green House Thai"
018NY6XC00VTR3KPPJ0NSPQGGN,"","Greenhouse White Widow F2"
018NY6XC00VTGM01QXM7PHCQPR,"","Green Huckleberry"
018NY6XC00VTYY9378T86YQTV4,"","Green Inferno"
018NY6XC00VT6HECKT04M9P203,"","Green Kryptonite"
018NY6XC00VTTCFBBDH6RSRMYH,"","Green Kush"
018NY6XC00VTM5YEXEH2RG6A2V,"","Green Lantern"
018NY6XC00VTAT0KGAE01ZFPDG,"","Greenleaf Platinum Cookies"
018NY6XC00VTSNJPH3TF3V3HKK,"","Green Line OG"
018NY6XC00VTGDJ5HWKEB9X5RG,"","Green Lotus"
018NY6XC00VTD0JAMB50XVJTBX,"","Green Love Potion"
01E7C0ZJ912V98NQSGGGXD5K00,"Indica/Sativa","Green Magic"
018NY6XC00VT0ZVNFPRNMP47YW,"","Green Manalishi"
018NY6XC00VTK9MZVF8M9883EK,"","Green Mango"
018NY6XC00VTFNA3JJXB3VFCQG,"","GREEN marvel"
018NY6XC00VT71V9G14BZWVVF0,"","Green Medicine"
018NY6XC00VT4M8GAKMW9BVZK2,"","Green Monster"
018NY6XC00VTNZQYN1EX4X2KRM,"","Green Mountain"
018NY6XC00VTHKHAHD6J9BHWM6,"","Green-O-Matic"
018NY6XC00VTY22K3RX2T0B4H2,"","Green Poison"
018NY6XC00VTPBFC3Y32B8ZC77,"","Green Punch"
018NY6XC00VTD0GP64P8YV8B15,"","Green Python"
018NY6XC00VT1X0VBQDDCKQVDJ,"","Green Queen"
018NY6XC00VT12FN7YF73F66VS,"","Green Rainier"
018NY6XC00VTD5D30Z1EVWZ1VR,"","Green Rhino"
018NY6XC00VT4XJXVSM1GAN5M2,"","Green Ribbon"
018NY6XC00VTA8B43KK6GC3645,"","Green Ribbon BX"
018NY6XC00VT15BZ43ZKZDPQE2,"","Green Sensation"
018NY6XC00VTNJS9FP5CZVA12E,"","Green Skunk"
018NY6XC00VTXBPZ4P1SYGXEJY,"","Green Smack"
018NY6XC00VTDZXJ0CHKN2NB6P,"","Green Spirit"
018NY6XC00VTC5GD0VHWHRPZC2,"","Green Stream"
01E7C0ZT1FZFG7XRYQV6VC1SY3,"Sativa/Indica","Green Supreme"
018NY6XC00VTR305ZAR00R3PW3,"","Green Tea"
018NY6XC00VTS2PFF7SQNX9ZZ9,"","Green Thai"
018NY6XC00VTKWE1QV40CTK34T,"","Green Thai Dragon"
018NY6XC00VT6KYW73NY408CFN,"","Green Urkle"
018NY6XC00VT7CE6EYDZTHPRCJ,"","Green Warrior"
018NY6XC00VT5K9PM80DQHCPZA,"","Gremlin"
018NY6XC00VTHH4KFPP1PHSH9X,"","Grenade Launcher"
018NY6XC00VTT5GKXXJXYZEG4X,"","Grenadella"
018NY6XC00VTPKTPAF9188WQM3,"","Grenadine"
018NY6XC00VTJQ647PQC5NR9TD,"","Grendel"
018NY6XC00VT26VC4HM18E18RR,"","Grendel (Irie Vibe)"
01E7C0ZWJ88KDXV735PTJSGC0D,"Indica/Sativa","Greyberry"
018NY6XC00VT4V3P5WE551TC13,"","Grey Mist"
018NY6XC00VT4XR11AF2ND9PWH,"","Gridlock"
018NY6XC00VTV1SFNXJGX0T127,"","Grilled Cheese"
018NY6XC00VTN2ZQTYNRVMTPX9,"","Grim"
018NY6XC00VTAD39SQBJ93BTJV,"","Grimace"
018NY6XC00VTB5D9HB0M4Q0K8Y,"","Grimace OG"
018NY6XC00VTCYZ6ZHZHP9FPXC,"","Grimmdica"
018NY6XC00VTT38PEAYXDS31S1,"","Grimm Reaper"
018NY6XC00VT49BFS85WNQQ55R,"","Grimm White Shark"
018NY6XC00VT6QYSBGT3QHFKY1,"","Grimm White Widow"
018NY6XC00VT03Y584Y7XRH56F,"","Griselda Blanco"
018NY6XC00VTF75CP77DWRK5VZ,"","GRiZ Kush"
018NY6XC00VTXYW78AVBWCYE6Y,"","Grizzly"
018NY6XC00VTH31MTKG8MSE8TJ,"","Grizzly Bubba"
018NY6XC00VTK79MYGHHP084S0,"","Grizzly Diesel"
018NY6XC00VT2EE8VYJBVCZNRD,"","Grizzly Kush"
01E7C115QCHZKJQ7A0SG9FBZWE,"Indica/Sativa","Grizzly Ogre"
01E7BXB6R4Y2XA8DT3XXCHPNP9,"-unknown-","Grizzly Purple Kush"
018NY6XC00VTKBY0FNK9AX98BK,"","Grizzly Shake"
018NY6XC00VTY639W2T0B2HS93,"","grouch"
018NY6XC00VTHJBHNYX6FE2FAD,"","Grunk"
01E7C1181N1BMYDZ12MQ5G6PG7,"Indica/Sativa","Grunk Panda"
018NY6XC00VT0X06HMSST7KS6G,"Sativa","Gruva"
018NY6XC00VTTT7DX3DJJKSKBH,"","Gryphon"
018NY6XC00VT5SCVFHHQJGN09T,"","GSC"
01E7C119CZBSRNYNHBD6D9NSQW,"Hybrid","GSC Extreme"
01E7C0FA472FMVY2KXPWDHVYCJ,"Indica/Sativa","GSC x Bubba Kush"
018NY6XC00VTWDVSASNVPW1TM7,"","G Sin X"
018NY6XC00VTCAAB5GHCA0SKTR,"","GSPOT"
018NY6XC00VTRHAMWKEYT8K8HD,"","G-star"
018NY6XC00VTK2CADMZ3M8G4AK,"","G Stik \"Amarillo\""
018NY6XC00VT1WE6D9JNS5PSJT,"","G Stik \"Orange\""
018NY6XC00VT6AY1F69K5XT72B,"","G Stik \"RED\""
018NY6XC00VTYW8NEKB2CTXJQP,"","G Stik \"Rosado\""
018NY6XC00VT1FC0E3Y4GGT4TQ,"","G Stik \"Verde\""
018NY6XC00VTTKYVGV02FW5AHC,"","G Stik \"Violeta\""
018NY6XC00VTRWGH1R4AQ2WE5K,"","G-Sus"
018NY6XC00VTQS9ZVYYVGJJ3S2,"","GSUS"
01E7C0FECHZ6GEHYNDW0ANC21Z,"Indica/Sativa","Gti Blue"
01E7C0FF598JF8J12PRH4KBEPF,"Indica/Sativa","Gti Headband"
018NY6XC00VTW5V8TYB6R4VG5F,"","GTO"
018NY6XC00VTR9QVXTDCV7TS3F,"","Guadalupe"
01E7BX8W8J1EAQM92N1VA2E54D,"","Guanabana"
01E7C0FH3F51646PNH4FJ3451V,"Sativa/Indica","Guana Bana"
018NY6XC00VTRW04MQRQK0V7DG,"","Guard Dawg"
018NY6XC00VT7HVAGF9MD27TGZ,"","Guatemalan Landrace"
018NY6XC00VT863TBF76XMG21B,"","Guatemala Quetzalita"
018NY6XC00VT5YAZF442TAYV4F,"","Guava #1"
018NY6XC00VTC7AHTDPY5VDZCZ,"","Guava 13"
01E7C0FJEVS7C4JZETNYG1HM2W,"Indica/Sativa","Guava Cake"
018NY6XC00VTSDZCZ4J6256G4R,"","Guava Chem"
01E7C0FKT3VPX3CTNY2BWNYW90,"Indica/Sativa","Guava Dawg"
018NY6XC00VTJKVES9MZS61SQM,"","Guava Gelato"
018NY6XC00VTJPWX8SPFBCAZE0,"","Guava Kush"
018NY6XC00VT8JHM1S9DR051XR,"","Guava (W1347)"
018NY6XC00VTEYY5150TXGMGMJ,"","Guayaka"
018NY6XC00VTGVXYFCS8NJRP1V,"","Guayita"
018NY6XC00VT017MZR50CG0Y2R,"","Gucci OG"
018NY6XC00VTZ5KAN4FMQN3MTZ,"","Guerilla"
018NY6XC00VT399YP67NKJD19Y,"","Guerilla Gold"
018NY6XC00VTC5N1FQJ6PH4H21,"","Guerilla Meds"
018NY6XC00VTQ5FRCRRTE6745F,"","GUERILLA MEDS"
018NY6XC00VTF5W3X3367RJ087,"","Guerilla's Gusto"
018NY6XC00VTQMJDY1H890N0BX,"","Guerilla Warfare"
018NY6XC00VT6R8TEEBQKKBBBD,"","Guerrero"
018NY6XC00VTV40GCCAJZCXYVM,"","Guido Kush"
01E7C0FPAFREFMQN4Z5VGRAFMX,"Hybrid","Guinness"
018NY6XC00VTTRGYG2EZJTR5XY,"","Gulzar 'Afghanica' - 1"
018NY6XC00VTCY1CNTWMDK0Z6H,"","Gulzar 'Afghanica' - 2"
018NY6XC00VTEEJF9KP4CY328G,"","Gulzar 'Afghanica' - 3"
018NY6XC00VTSZD4MTJS0QWK42,"","Gum Balls"
018NY6XC00VT7REJFW20C7J0HM,"","Gumbi"
018NY6XC00VTYDMKZMWQF5FK48,"","Gumbo"
018NY6XC00VT97SWE71Z458XB5,"","Gum Drops"
018NY6XC00VTBE7ZTQ9D83HQBJ,"","Gummo"
018NY6XC00VT1DSRAGB2WG5WTN,"","Gummy Bear"
018NY6XC00VTFA29Z0Y8X72MZE,"","Gummy Bear OG"
018NY6XC00VTVJHMZEW55QDM2M,"","Gummy Bears"
018NY6XC00VT0NAYTXBM74GQEY,"","Gumtree"
018NY6XC00VTF4T5C7YY95H641,"","Gunk!"
01E7C0FT06RR464RB72WK1Y74Q,"Indica/Sativa","Gunslinger"
018NY6XC00VTN76MH5E4V51JPY,"","Gunsmoke"
018NY6XC00VTBNZYNREGWQ5FV2,"","Gupta Haze"
018NY6XC00VTEZXMHF88R0QXJF,"","Gupta Kush"
018NY6XC00VT7D6EF64ZNNZ709,"","Guptilla"
018NY6XC00VTVR4PC8HZ73BQ5V,"","Gush"
01E7C0FWGWCEADC0JZN71S7K4Y,"Indica/Sativa","Gushers"
018NY6XC00VTNYFQH6GMJF3PJ8,"","Gush OG"
018NY6XC00VTNCW9QWPF3VSG1P,"","Gut Buster"
018NY6XC00VT366BGBQRD3WJ44,"","GVK"
018NY6XC00VT6F489YE2V540FT,"","G-Wiz"
018NY6XC00VTHWVKY8MTF09VNJ,"","G-Wreck"
018NY6XC00VTV7ZJMAR8CXT6CS,"Hybrid","Gwyniva"
018NY6XC00VTPGS520NEAZVBJJ,"","Gypsy Daydream"
018NY6XC00VTNHKMBTZGVDXM9N,"","Gypsy's Kiss"
018NY6XC00VT65KA2YME5JT2ZN,"","H 12"
018NY6XC00VTWCANK6WZZ08A2P,"","H4L Purple Kong"
018NY6XC00VT2R0EH9NERYF7KC,"","Haarlem"
018NY6XC00VTW20CX5DE5DA5P6,"","Hades Haze"
018NY6XC00VT0RY1DC2BCH1E9P,"","Hael #2"
018NY6XC00VT7NTQKS79DR20FD,"","Haggalicious"
018NY6XC00VT9XZKAGBZ6TAQ4F,"","Hair of the Dawg"
018NY6XC00VT58F1A4YMBR794S,"","Hair of the Dawg v2 (DawgTonic)"
018NY6XC00VTXDCQFNG1P3H32B,"","Hairy Humboldt Kush"
018NY6XC00VT4YRA3DR3HZEQND,"","Haleighs Hope"
018NY6XC00VTNNNQDFGDX4HNCC,"","Haley's Comet"
018NY6XC00VT3P9YZPQ4CBBABH,"","Half Dome Haze"
018NY6XC00VT7JY84M1JEBAD68,"","Half&Half Cookies"
01E7C11BXVASHZHVFGFGNT11WE,"Sativa/Indica","Halley's Comet"
018NY6XC00VTYV9085BF54QKDN,"","Halo OG"
018NY6XC00VTZ228QEQK02S69Y,"","Hammerhead"
018NY6XC00VTG4B7R5YK9AAKTS,"","Hammerhead (Sannie's)"
01E7C11DVRPW8PN6YRAVPEKJ3W,"Indica/Sativa","Hanis"
01E7C11EMFHX0SMK61W7CCFQFP,"Indica/Sativa","Hannibal Nectar"
01E7C11FD63JXHN52RE1GGCHVF,"Sativa/Indica","Han Solo Burger"
018NY6XC00VTZQPR8F4550VC0W,"","Han Solo OG"
018NY6XC00VTVZ5HF4P438C7ZZ,"","Haole"
018NY6XC00VTW435NKQBT4VG6J,"","Haoma"
018NY6XC00VTNA51HE37DE99F6,"","Haoma Mist"
01E7BXD8ZXS99S7QBERCTS3385,"-unknown-","Hapa Haze"
018NY6XC00VTSTA7AQ3DR4ZZCN,"","Hapa Huli"
018NY6XC00VTSBA54HRAY0E1YH,"","Happy Brother"
018NY6XC00VT8Y4D2949KV5S7X,"","Happy Brother BX1"
018NY6XC00VT78MC2FVJTDRZ1F,"","Happy Brother BX2"
018NY6XC00VT5YJS627JD0PZBC,"","Happy Chem"
018NY6XC00VT4TASFYH0NG3PB3,"","Happy Daze"
018NY6XC00VTPW6TVFKNHP9XEH,"","Happy Ending"
018NY6XC00VTBQMAM2N7NNES5Q,"","Happy Hiker"
018NY6XC00VTY7FQMD22CQ2E90,"","Happy Hiker Haze"
018NY6XC00VTZX4EN8NG789A7W,"","Happy Jack"
018NY6XC00VTR9VE69F5MH8868,"","Happy Kush"
018NY6XC00VT0Z6W31WESH3SH0,"","Happy Nightmare"
01E7C11KNMYH4238SFKJ4FK0VG,"Hybrid","Happy Rancher"
018NY6XC00VTT22B6R18G11ZS9,"Indica","Haracept"
01E7C11MEDHP3MM4JGEMT6NXVT,"Indica/Sativa","Harambe"
018NY6XC00VTYWN9VRSM8N56N4,"","Harambe's Ghost"
018NY6XC00VTFZQXWTCJ1A5GM6,"","Harbinger"
018NY6XC00VTSTVB9JRZAG9S9X,"","Hardball Purple"
018NY6XC00VTQ2FR0AK3Z1AZYM,"","Hard Candy"
018NY6XC00VTRZDWAFBA289WSD,"","Hard Cookies"
018NY6XC00VT3M13GHVSJCBWCY,"","Hardcore"
018NY6XC00VT93V0GNRFRRQFJQ,"","Hardcore Bananas"
018NY6XC00VTZP9CN9SHYBRQ1P,"","Hardcore Glue"
018NY6XC00VT8CAAYS37FQA1EC,"","Hardcore OG"
018NY6XC00VTRZDY9G95EPQXMS,"","Hard Fuel Og"
018NY6XC00VTZWT58996TQG9W1,"","Hardglue"
018NY6XC00VT02A8HHFFKESRW5,"","Hard Lemon"
018NY6XC00VTTB7VSVXJMBM9G0,"","Hard Nipple Kush"
018NY6XC00VTEGV9T0FGS4R3JE,"","Harlaquin OG"
018NY6XC00VTZQXHQ7CY4PM6KD,"","Harle-Cheese"
018NY6XC00VTDD8YQER2YS8WFY,"","Harlee TSU"
018NY6XC00VT78XP7XQVN2JGMC,"","Harle-Lu"
01E7C11PCCMT9EG4F8XEXDGYEP,"Indica/Sativa","Harlem"
018NY6XC00VTZFGKTH861YZV44,"","Harlequin"
018NY6XC00VTD06J9B7A9X3GQA,"","Harlequin #4"
018NY6XC00VTC3KBPC09G0FMF6,"","Harlequinade"
01E7C11QQP92KB6TMRR24MB298,"Indica/Sativa","Harlequin Blue Afghani"
018NY6XC00VT2Q4RQ1E31GQ0J1,"","Harlequin BX"
018NY6XC00VT3WDNQ1CAD24G1Y,"","HARLEQUIN CBD"
018NY6XC00VTBBFPRSB30T7YWY,"","Harlequin GAL305"
018NY6XC00VTAAECYZ4BGAY0MP,"","Harlequin GAL5925"
018NY6XC00VT79CM3K2ZSTWV8H,"","Harlequin GDP"
018NY6XC00VTVRHTCEZPZGEE99,"","Harlequin Jo"
018NY6XC00VTYQC0S4N6FA1RM4,"","Harlequinn GrandDaddy Purp"
018NY6XC00VTJ9EC77DK48AY0E,"","Harlequin OG"
018NY6XC00VT4PCTRNY5X49GS0,"","HARLEQUIN TSUNAMI"
01E7C11S2ZY9TR093PXZP5BGNP,"Sativa/Indica","Harlequin x GDP"
01E7BZ3A2Z434ADETMP322CWKH,"-unknown-","Harlequin x Granddaddy Blueberry"
018NY6XC00VTVR8TG5AV4DMTES,"","Harlesin"
018NY6XC00VTPQBPADW8DM47JX,"","Harle-Tsu"
018NY6XC00VTWS0G3F0FZK9ZMS,"","HARLE TSU"
018NY6XC00VTSK3ZQ0DS2V5TAA,"","Harley Mandala"
018NY6XC00VTN1D66V3DFHMGT7,"","Harley Storm"
018NY6XC00VT9WTJXDB887D7KS,"","Harley Sue"
018NY6XC00VTMQN4CJKJ8TDS8B,"","Harley Tonic"
018NY6XC00VTEA6706RB59TWKA,"","Harley-tsu"
01E7C11TE4W7JA1EX9NPYXKGMV,"Hybrid","Harley-Tsu"
018NY6XC00VT8F2MR8FZH742FZ,"","Harley Twin"
018NY6XC00VTBAA87MTJ7WPA85,"","Harlo"
018NY6XC00VT6Q6BE5DKZ11S30,"","Harlow"
018NY6XC00VTZ52227CPAWM7BD,"","Harlox"
018NY6XC00VT9W9HND6QQ672TK,"","Harmonia"
01E7C11XGT16Z0R8XEDBW2MHFW,"Sativa/Indica","Harmonic"
018NY6XC00VTSBWXVKGBC8MNBF,"","Harmony"
018NY6XC00VTSK808KJDWVH720,"","Harry Potter"
018NY6XC00VTB1FRG3P5D4HY6J,"","Harry Willie"
018NY6XC00VT75MY7C1NJRW5N3,"","Harvard Haze"
018NY6XC00VTQD3NBGE31Y3GJQ,"","Hash Balls 2"
018NY6XC00VT5MJ6NZPPCZYRBX,"","Hashbar OG"
018NY6XC00VTGA5MZP5ENGBKYA,"","Hashberry"
018NY6XC00VT9BQ7B7V9K8RHZ4,"","Hash Bomb"
018NY6XC00VT1NKQ6FFXM8D31Y,"","Hash Dawg"
018NY6XC00VTM9TADFEMS6GG6C,"","Hash Heaven"
018NY6XC00VTP2N83H48SYTZ4B,"","Hash Khan"
018NY6XC00VTQP5GED5PXKYPCH,"","Hashmaster"
018NY6XC00VTZ8FF6FBNMP8V7G,"","Hash Passion"
018NY6XC00VTFB20BWPZHBXXAY,"","Hash Plant"
018NY6XC00VTEZS8JGBKBYFY1Y,"","Hash Plant #14"
018NY6XC00VTM0Z1SDKZFBZV9F,"","Hash Plant (Hashplant)"
01E7C17XNXM6F394D88QSTBWV0,"Indica/Sativa","Hashplant Haze"
018NY6XC00VTM39YBRV42TX25T,"","Hash Plant Haze"
018NY6XC00VTCNWGG1HT04R1YR,"","Hash Plant No. 1"
018NY6XC00VTFCK7DZ5VT1KQEW,"","Hash Plant Pure"
018NY6XC00VT9JZJQM7865KGV8,"","Hash Plant (Seedsman)"
018NY6XC00VTQPP59P5JRJMDEJ,"","Hash Plant (Sensi)"
018NY6XC00VTBN71C5YVMAE0KF,"","Hash Plant (THC Seeds)"
018NY6XC00VTXSJ5QSDQG76SAR,"","Hash Queen"
018NY6XC00VT2D43466JEM0842,"","HashStar"
018NY6XC00VTK7V116K7KRJ59J,"","Hash Train"
01E7C17Z1BV1HYR1F89B65VMRS,"Hybrid","Hash Wreck"
018NY6XC00VTMT95G5KCR5K7MZ,"","Hashwrecker"
018NY6XC00VTE75T9S6CYX0YTX,"","Hathor F1"
01E7C17ZT2PMMT120524V598CZ,"Sativa/Indica","Havarra Wedding"
018NY6XC00VTTGF05BA4EBEA2Y,"","Hawaii 5-0"
018NY6XC00VT14EPQ5XBBV7521,"","Hawaii '78"
018NY6XC00VTM4S4Q1CTR59HZP,"","Hawaiian"
018NY6XC00VTA7PNZK7HW1409W,"","Hawaiian Afghan"
018NY6XC00VT8WCAJYV9D6EFKG,"","Hawaiian Big Bud"
018NY6XC00VTYPANHSA5QV2RYN,"","Hawaiian Cookies"
018NY6XC00VTGK918CN4YJJTNY,"","Hawaiian Delight"
018NY6XC00VT2MZN21GK64W5ZC,"","Hawaiian Diesel"
018NY6XC00VTTNB0ZRJQTCHT7J,"","Hawaiian Dream"
01E7C1857M8WVYVV35VSYJDM5S,"Indica/Sativa","Hawaiian Duckfoot"
018NY6XC00VTRHA6PP71WZPE8N,"","Hawaiian Dutch"
018NY6XC00VT3HX9QNPSWSG8FY,"","Hawaiian Dutch Treat"
018NY6XC00VTY7DHDZFSAM6CG4,"","Hawaiian Fire"
018NY6XC00VT8WE9D7FVGG4T8W,"","Hawaiian Goddess #3"
018NY6XC00VTYXCPXNNZNAP6J1,"","Hawaiian Gold"
01E7C187RCS22VB9RV4QCG7YMB,"Sativa/Indica","Hawaiian Golden Pineapple"
018NY6XC00VT792PNSXT4APDVW,"","Hawaiian Haze"
018NY6XC00VT6XYTHPN6HWYZJ8,"","Hawaiian Haze Plum"
018NY6XC00VTZ7K67CNRZZBAFD,"","Hawaiian Honey"
018NY6XC00VT432NDQ8XHCT3DJ,"","Hawaiian Honey Purple"
018NY6XC00VTEKDHY40G18A22Q,"","Hawaiian Indica"
018NY6XC00VTE2H82YMM5ASAKY,"","Hawaiian Indica No. 7"
018NY6XC00VTVYSJ5ERBPBSSE7,"","Hawaiian Juicy Fruit Cookies"
018NY6XC00VTEXY7R6VX4YPHRK,"","Hawaiian Lady"
018NY6XC00VTRFRPDT9H3V8QHQ,"","Hawaiian Lights"
018NY6XC00VTANBS93PF5PGA0J,"","Hawaiian Mango"
018NY6XC00VT87HMBR2QCHYSYQ,"","Hawaiian Mayan Gold"
018NY6XC00VT0VH6JT9ZCJPAGP,"","Hawaiian Papaya Passion"
018NY6XC00VTA1H7JHTTCTTCE0,"","Hawaiian Pie"
018NY6XC00VT7175FDDZ9T16F4,"","Hawaiian Pineapple"
018NY6XC00VT1W2ZDG39NBR5KX,"","Hawaiian Punch"
018NY6XC00VTZYW2YHZVKV20GQ,"","Hawaiian Purple Kush"
018NY6XC00VT1TJ2MZDS61CQ2E,"","Hawaiian Querkle"
01E7C18CK8X1GD599NHYZ89DKK,"Sativa/Indica","Hawaiian Romulan"
018NY6XC00VTW1RWTAFEC1Y6H7,"","Hawaiian Rush"
018NY6XC00VTHYN0C71VXKYDG1,"","Hawaiian Sativa"
018NY6XC00VTEX4PR54KS4BKQ8,"","Hawaiian Skunk"
018NY6XC00VTTGJSWN5P4R8E50,"","Hawaiian Snow"
018NY6XC00VT3FNHWZ6RT00BN8,"","Hawaiian Sunrise"
018NY6XC00VT7T233CRF8H8ZDS,"","Hawaiian Thunder Fuck"
01E7C18GW2710XA4CKYTCX72BN,"Sativa/Indica","Hawaiian Trainwreck"
018NY6XC00VT58X28MB65VJV7X,"","Hawaiian Tricot Sativa"
018NY6XC00VT4QN5PCE2C3MZSX,"","Hawaii Skunk"
018NY6XC00VTRZS3DAA02PT52D,"","Hawkeye"
018NY6XC00VTXTRWY6EVCEQKQ7,"","Hayley's Haze"
018NY6XC00VTXKCPRFEZFBDKJM,"","Haze"
018NY6XC00VTEYRRY8J7WW416G,"","Haze 19"
018NY6XC00VTF349PAHNT2BT4D,"","Haze #2"
018NY6XC00VTSHWTPNFKFBMZJA,"","Haze 2.0 Autoflowering"
018NY6XC00VT010CN2ZP9EJHDC,"","Haze #5"
018NY6XC00VTSQG6K45HAR5422,"","HazeAC"
018NY6XC00VTMNGDB5F11TH9TH,"","Haze Auto"
018NY6XC00VT73A9VBND1SQNMS,"","Haze Automatic"
018NY6XC00VT8FCCYA3F3SBWHV,"","Haze Berry"
018NY6XC00VTYM8JCDMZDTR7M8,"","Haze (BlueHemp)"
018NY6XC00VTKDAY22X1Y4WA66,"","Haze Brothers"
018NY6XC00VT710R3XH3DS7GZW,"","Hazed LA"
018NY6XC00VTWYXVDV2CWFQM3W,"","HazeGom"
018NY6XC00VTYQEHHW0QTZ9SZ9,"","Haze Heaven"
018NY6XC00VTRP50KMCMDX0AE5,"","Hazeified (Space Haze)"
018NY6XC00VTVWH3JB6PRZ2ZPW,"Sativa","Hazel"
01E7C18MJ12QZJSHAXKXMDN5G3,"Sativa/Indica","Hazelnut Cream"
018NY6XC00VT8AXN45MTPF47TG,"","Haze Mist"
018NY6XC00VTZ0FX1VZ293E9ZA,"","Haze Plum Purple Passion"
018NY6XC00VT4Q4BF2015Q6D9F,"","Haze Satellite"
018NY6XC00VT2H6YQXDCFHRK06,"","Haze Skunk"
018NY6XC00VTMT23D7P4Y2D34Y,"","Haze Special"
018NY6XC00VTYQ1HS7ZS6H82KY,"","Haze Superior"
018NY6XC00VT53P0ST0TM577FH,"","Haze Wreck"
018NY6XC00VTMRJWKNB98B7M0M,"","HazMat OG"
018NY6XC00VT3S883BVKYNFTVC,"","Hazy Daze"
018NY6XC00VTQYZAAQPG9CB125,"","Hazy Daze (Dutchbreed)"
018NY6XC00VTJNR54PJMH7VM1H,"","Hazy Girl"
018NY6XC00VTQBXYMVF4BZ52QD,"","Hazy Kush"
018NY6XC00VT5XQGA8MWX5D99H,"","Hazy OG"
018NY6XC00VTQXGK15KE3TH313,"","Hazy's Dawg"
018NY6XC00VTZ03M7ZWQGRC0MD,"","Hazy Train"
018NY6XC00VT82WRKH27R7C9RA,"","Hazy Vixen"
018NY6XC00VT378AMFVE7F20FN,"","Headband"
018NY6XC00VTFDTZE4ZE150XRW,"","Headband 520"
018NY6XC00VT9HK4N32CDCAEZD,"","Headband Cake"
018NY6XC00VTW3FEJZEFAG4P6C,"","HeadbanD Cookies"
018NY6XC00VTQFT4VZW4G4EDEM,"","Headband Diesel (Daywrecker)"
018NY6XC00VTKKFWP44VN7B835,"","Headband GAL6008"
018NY6XC00VTEZC8JTDSYR91P2,"","Headband GAL6089"
018NY6XC00VTCC727KHQ7QQ655,"","Headband Haze"
018NY6XC00VT6FH84HYCV56A4F,"","Head Band (Med-Man)"
01E7C199JG2YMRSG904Q3215GP,"Sativa/Indica","Headband Memory Loss #2"
018NY6XC00VTA9SPE8M91N03HN,"","Headband OG"
018NY6XC00VTDP4N8THM4JASD7,"","Headband OG (Relentless Genetics)"
018NY6XC00VT1B15KTPPVPC2T8,"","Headband OG Sour"
01E7C19ABBJDGRASFM722W4VN7,"Indica/Sativa","Headband Sourdough #5"
018NY6XC00VTF3VN43K11WD6PC,"","Headbanger"
018NY6XC00VT5QMT8ZW36W24W9,"","Head Cheese"
018NY6XC00VTVSJ97MA7TGF3MS,"","Headcheese OG"
018NY6XC00VTJ2537MVFQ89VMF,"","Head Cracker"
01E7C19CVVNMMEFNAH4CJFSXB4,"Hybrid","Headdawg"
01E7C19DMKBDJE76B1YMY6KDH8,"Hybrid","Head Dog"
01E7C19EDBHFMRS35RRM0GTPRB,"Hybrid","Headmaster Kush"
018NY6XC00VTQQ2M6WWHCVDRP0,"","Headshot"
018NY6XC00VTQE9NE99CDZTXCF,"","Headstash"
018NY6XC00VTTFK2SWKMY8300W,"","Head Trip"
018NY6XC00VTXXJCD224WFBB0E,"","Headway"
018NY6XC00VT307Z11K9TYQM55,"","Headwrecker"
018NY6XC00VTG9R1V7W8VTVCZR,"","Heady Kushna"
018NY6XC00VTBABC556YG2RNXV,"","Healing Fields"
018NY6XC00VTT36MV92SB3V8ZV,"","Hear Me Now"
018NY6XC00VTWFEJBC8K3GDPAP,"","Heart of Gold"
018NY6XC00VTPVB8VZSAM0YA97,"","Heatseeker"
01E7C19GY62E11CJQNWG1SHC5T,"Indica/Sativa","Heatwave"
018NY6XC00VTGH3HQPCEJ54JN4,"","Heaven"
018NY6XC00VTPD5VMVBHK2W2GD,"","Heavenly"
018NY6XC00VTW22NMEWSB7SB3D,"","Heavenly Haze"
018NY6XC00VTF3SVCE879H51F7,"","Heavenly High"
018NY6XC00VTNN8ZWRGY5D5QQF,"","Heavenly Klingon"
018NY6XC00VTF1MW5TCA8ZR01P,"","Heavenly (Master Thai)"
01E7C19J9N92VAHQ5V738W06JZ,"Indica/Sativa","Heavenly Og"
018NY6XC00VTH459RBFCGZJFGB,"","Heaven Mountain"
018NY6XC00VTSVW4KAPHKYJKFP,"","Heaven Scent"
01E7BX7BR8WC1PHPG503ADES26,"","Heaven's Fruit"
01E7C19M7R7MYS6E7QWEB5Y4WS,"Indica","Heavy Bud"
018NY6XC00VT6E7WGVM50B021Y,"","Heavy Duty Fruit"
018NY6XC00VTK532XTKDW3HFRR,"","Heavy Duty Fruity"
018NY6XC00VTVJP5JX3C6EGXW4,"","Heavy Hitter OG"
018NY6XC00VT3DEEB30ZRJV0XP,"","Heavy Metal F1"
018NY6XC00VT16T3EYC0B2S9ZA,"","Heavy OGK"
018NY6XC00VT373TQZSHZ2AP68,"","Heavy Ooey Gooey"
018NY6XC00VTD6QZZXWVQRJSD2,"","Heavyweight Fruit Punch"
018NY6XC00VT6PTZHD3VGMJWND,"","Heisenberg Kush"
018NY6XC00VTZW4NB7P6EVTR3J,"","Heisenberg Kush (Walter White)"
018NY6XC00VT7KJK3WEGBZAM37,"","Helen Back"
018NY6XC00VTVK1KCSY0SF60PF,"","Helen Back #2"
01E7C19QXKADR4ENEX5QX2J1G9,"Sativa/Indica","Helios"
018NY6XC00VT0AETMGTV05JBJF,"","Helix"
01E7C19TM966DFA3NN3GCVJ3JJ,"Indica/Sativa","Hell Face On Fire"
018NY6XC00VTHGRXKQG7WY40EZ,"","Hellfire OG"
018NY6XC00VT4FF5SCWHYVTXTE,"","HellFire OG"
018NY6XC00VTK0T6TWJ3JGP1NM,"","Hell Hound"
018NY6XC00VT9611669VESAVMQ,"","Hello Kitty"
018NY6XC00VTZSHHV74PNC97BX,"","Hell Raiser OG"
018NY6XC00VTF20B4Z1PNGJ134,"","Hell's Angel OG"
018NY6XC00VTXF5XQYCVYQGQ81,"","Hells Angel OG"
018NY6XC00VTMHK88K12DF0M1D,"","Hell's Bells"
018NY6XC00VT9G2YVSS0PTNDV0,"","Hell Scout Cookies"
018NY6XC00VTC0DD2XVK0TNNXR,"","Hell's Fire"
01E7C19WJ6CYH17EDYPMYJYY01,"Indica/Sativa","Hells Fire"
018NY6XC00VTRJEYPD87G190J1,"","Hells OG"
01E7C19SVHDRMT8G0YRPKRCKV5,"Indica/Sativa","Hell'S Og"
018NY6XC00VTFAZSW8WQTH7FEF,"","Hemlock"
018NY6XC00VTSH8JGQQMWX50DD,"","Hemp cultivar NLH"
018NY6XC00VTMFNA31HZ59CZNW,"","Hempstar"
01E7C19YG5ZQQHCP3R764DM1MP,"Sativa/Indica","Hendo Cream"
018NY6XC00VT1YV0MTG8792MEE,"","Hercules"
018NY6XC00VTFT5Z9A3XYC69CP,"","Heribei"
018NY6XC00VTHFTVCW0VPS8FC3,"","Hericules"
018NY6XC00VT02XBJAVYM4NZ24,"","Herijuana"
018NY6XC00VTPHTM8W2JG1CV2E,"","Herijuana Cross"
018NY6XC00VTXX1A6H9SAQ8Z4F,"","Herijuana Jack 33"
018NY6XC00VTE1HJCSJVS2HK27,"","Herijuana (Motarebel)"
018NY6XC00VTXNHVX2YZS7BSK1,"","Herijuana (Sannie's)"
018NY6XC00VT5QD2EYB7DNXT9T,"","Herijuana (Woodhorse)"
018NY6XC00VTWG31QV0SE2M0HV,"","Heri OG Kush"
018NY6XC00VT5C8P96HDJPSHF3,"","Her Majesty"
018NY6XC00VT6FY6QJFJ2W9MCY,"","Herojuana"
018NY6XC00VTC6Z09BW0ZP670D,"","Hero OG"
018NY6XC00VT3ASZM09PTNYAX5,"","Herouana"
018NY6XC00VTN9G1PP4T4W663X,"","HEX"
018NY6XC00VT6J1MPFTCMQ8R8Q,"","Hey Dave"
018NY6XC00VT0FMKFP8CZQE3WP,"CBD","HH Pink"
018NY6XC00VTQ592K62NPQX8D3,"CBD","HH Rainbow"
018NY6XC00VTENAPH18ZHVJW5F,"CBD","HH Red"
018NY6XC00VTEH3CVRCYEP82MB,"","Hiawassee"
018NY6XC00VTZMGFQQR9EPJ3Y9,"","Hibiscus Sunrise"
018NY6XC00VT9Z49ZFYBAZVNF3,"","Hielo"
018NY6XC00VTCPKWSGRH7J8P6R,"","High CBD"
018NY6XC00VTK523MS3WTFCC72,"","High Country Diesel"
01E7C1A53HC0CRY14A7GCC1X7E,"Indica/Sativa","High Desert Og"
018NY6XC00VTPRJYCSHKDG1DYS,"","Highend"
018NY6XC00VT32WKCQJQWSKC0V,"","Higher Power"
018NY6XC00VTQ0SJ3A7HYNDVVE,"","High Flyer"
018NY6XC00VTPQ25JS1ZDJZ6ND,"","High-grade"
018NY6XC00VT83FHKMDBKA7YT4,"","High Grade 2003"
018NY6XC00VTAR3G2MSJFVKGN7,"","High Land"
018NY6XC00VT123B9D8G7MNH5D,"","Highland Afghani"
018NY6XC00VT81N8WQ2ECBE26V,"","Highlander"
018NY6XC00VT04PDSA166H6YWA,"","Highland Nepalese Landrace"
018NY6XC00VT50PXSVXAZM2RGZ,"","Highland Oaxaca Gold"
01E7C1A6EVEV9R2P20RHKS10EX,"Sativa","Highland Oaxacan Gold"
01E7C1A77JN3VS72MW1WTEG3S3,"Indica/Sativa","Highlands"
018NY6XC00VTFRBVN24FTQY326,"","Highland Thai"
018NY6XC00VTEQEKD7ZMJB66S1,"","Highland Thai (Juicy Fruit Thai)"
018NY6XC00VTAKPBJCJ9RD4WB5,"","High Level"
018NY6XC00VTDZAJTDD8E4DYXY,"","High Mids"
01E7C1A8JXWQG7W6RD7QR5BEKT,"Indica","High Octane OG"
018NY6XC00VT8DX9YHM9XNTDY9,"","High Octane OG BX3"
018NY6XC00VTRXFC65YCW9WV5W,"","High Octane OG (Heirloom cut)"
018NY6XC00VT8GZRDBWKM7D5ZK,"","High Priority"
018NY6XC00VTCH0V1ACB0PEG72,"","High Rise OG"
01E7C1A9Y7W9T27BM3H9VSBJ0Z,"Hybrid","High School Sweetheart"
018NY6XC00VTTD4MN6SGHGHHD3,"","High Terpenes"
018NY6XC00VTPGAHACW1SKFDYZ,"","High THC"
018NY6XC00VT33G53RG113WACX,"","High Voltage"
018NY6XC00VT8CAC3MAT2GEZGJ,"","Highwayman"
018NY6XC00VTCA41BX4D1X1R3X,"","Highway Star"
018NY6XC00VTG4MACKC6T81VJK,"","Hijack"
01E7C1AB9G7DG0RWGQY243TXY3,"Hybrid","Hikers Headband"
018NY6XC00VTBPSWVTMV3WFXR6,"","Hillbilly"
018NY6XC00VT46S103MHNJTC1T,"","HillBilly Armor"
018NY6XC00VTBVYM80HMP1HBRH,"","Hillbilly Crack"
018NY6XC00VTBHHFDAYQ3VYTXD,"","Himalaya Gold"
018NY6XC00VT5G8X5DSNC4ZX95,"","Himalaya Haze"
018NY6XC00VTZ0BAEEFXVY6VVK,"","Himalayan Blackberry"
018NY6XC00VTAGWZDYN8GC6V2X,"","Himalayan Gold"
018NY6XC00VTSKTA03J6TB8448,"","Himalayan Indica"
018NY6XC00VTBSHH69020FDW6K,"","Himalayan Monster"
018NY6XC00VTXFNSHYJGQE2WGC,"","HimaLemon"
018NY6XC00VT9BP00D98FS9AEF,"","Himalyana Sativa"
018NY6XC00VT9RE8NPF2GS8Z13,"","Hindica"
018NY6XC00VTJN62FDS6W5ATBZ,"","Hindu"
018NY6XC00VTZPBD087NJW3HYQ,"","Hindu Berry"
01E7C1AECPEEB1J9YRV6KJAESR,"Indica/Sativa","Hindu Cream"
018NY6XC00VTHDTEP1J3V8K0ZA,"","Hindu Kush"
018NY6XC00VTWQV1DTRXQARW9M,"","Hindu Kush (Kiwi)"
018NY6XC00VT5GWESJZ41PMX2K,"","Hindu Kush Skunk"
018NY6XC00VTXNRDKD9V9D9WCY,"","Hindu Skunk"
018NY6XC00VT98EY9FVTNHX1H7,"","Hindu Sun"
01E7C1AGAW008S02A90KEBEQP3,"Hybrid","Hindu Tahoe"
018NY6XC00VTQWD8ER27CHM2SD,"","HiNoon"
01E7C1A35G6QAQ45QVGKG53MGD,"Hybrid","Hi-Octane"
018NY6XC00VTJF0X52DP4HQVXS,"","Hippie Chicken"
018NY6XC00VTYWX6YPSTE2FMGM,"","Hippie Crippler"
018NY6XC00VTQ54WQDSECAKYYF,"","Hippie Killer"
018NY6XC00VTQ078PYANXJ8RYS,"","Hippie OG"
018NY6XC00VTDT0NZ2F3VJ9YPP,"","Hippy Slayer"
018NY6XC00VTDZ2G8EVZT6TK0Y,"","Hitman OG"
01E7C1AJVT1759FBDBG17ZN0KD,"Indica","Hmong Thai"
018NY6XC00VTREAVRDWFR56CTA,"","Hmong Thailand"
018NY6XC00VTK03PFWDBZ16QNN,"","Hoarfrost"
018NY6XC00VTP4BDVGKABJ9EKN,"","Hobbit"
018NY6XC00VTVHKZQA436H955C,"","Hog"
018NY6XC00VTB3TNYXMWGHNNZB,"","HOG Organic"
018NY6XC00VT404VN53DVYG0V2,"","Hog PC"
018NY6XC00VTH4X8E9TP8QD4PT,"","Hogsbreath"
018NY6XC00VTNW22PVYHT14FYA,"","Hog's Breath"
01E7C1ANJV86Q5P81CKMWDQNW2,"Indica","Hogs Breath"
018NY6XC00VTS2048TSB0445SM,"","Hog's Kush"
018NY6XC00VT7XHC12RHJJKP4E,"","Hokkaido Japan"
018NY6XC00VTD2BBVNK107P7BX,"","Hola Lightning"
01E7C1APBJ33G37B11RV1WBZH0,"Indica/Sativa","Holland Diesel"
018NY6XC00VTE9TXG42H7MWKJJ,"","Holland NL VI"
018NY6XC00VT6VJX3A8765W2P9,"","Hollands Hope"
018NY6XC00VT2W4DMSQA5YAEAA,"","Holland's Hope (Hollandsch Hoop)"
01E7C1AQPVGPJZGH89054YF865,"Sativa","Holland Skunk Special"
018NY6XC00VTCCEG5MZKWY1S2Y,"","Hollyweed"
018NY6XC00VTMSVG8YP1W56KRA,"","Hollywood OG"
018NY6XC00VT06P98A4GAH0F8M,"","Hollywood Pure Kush (LAPK)"
018NY6XC00VTCKB39QHDKVYAF3,"","Hollywood Snow"
018NY6XC00VT0QPW2XWRPC1J90,"","Holy Banana"
018NY6XC00VT63Y16E5TT5XA53,"","Holy Chocolate Thai"
018NY6XC00VT4GNZV5EDCBWFDM,"","Holy Crack"
018NY6XC00VTRDFFH050ECWJVK,"","Holy Crush"
018NY6XC00VTD88XX7G21CSDMA,"","Holy Diver"
018NY6XC00VTA2K4B15YXA4QN9,"","Holy Dream"
018NY6XC00VTZ1CE9H1GE1XPQZ,"","Holy Ghost"
018NY6XC00VTKZE775M65TJ2EQ,"","Holy Ghost Kush"
018NY6XC00VTYEDKYXFEEGJ0XP,"","Holy Grail"
018NY6XC00VT4V1EK72RC3J8MM,"","Holy Grail Haze"
018NY6XC00VT9SMQ863H77K4SF,"","Holy Grail Kush"
018NY6XC00VT0NC8CNEYTEGNSJ,"","Holy Grail OG"
018NY6XC00VTVKS0YBW350CYS9,"","Holy Headband"
018NY6XC00VTP029PK7GGBP9RV,"","Holy Lotus"
018NY6XC00VTNXAGB82FN3JGWF,"","Holy Moly"
018NY6XC00VT2W7ZDTETX35Y2Q,"","Holy Power"
01E7BXDCRCX1531TCTS1RPTPJF,"-unknown-","Holy Princess"
01E7C1AXQ8S1QX2TVC5R436FWG,"Sativa/Indica","Holy Roller"
018NY6XC00VTARVZMEAP74QX4K,"","Holy Stic"
018NY6XC00VTKS9XJ7H0DQJ1KC,"","Holy Water"
018NY6XC00VTG8HV3KTEKX47H4,"","Home"
01E7C1AYFZDWXFGD22SF2FCWR9,"Indica/Sativa","Homebaked Cookies"
018NY6XC00VTZT98J3652EAGAA,"","Homegrown Fantasy"
018NY6XC00VTGTRSPC2N152Y1C,"","Homegrown Haze"
018NY6XC00VTVKVJ9QG4DEQ8RC,"","Homegrown Kush"
018NY6XC00VTGY99K6JBYMZ636,"","Homegrown Purple"
018NY6XC00VT5RMQ0BAVRAJN1A,"","Homegrown Skunk"
018NY6XC00VT62D2QVEY5MXF3C,"","Homwgrown Lowryder"
018NY6XC00VTMA77WJD3RVH76K,"","Honah"
018NY6XC00VTFABBJMVNF6NAAJ,"","Honduras"
018NY6XC00VTMQ26P7C4TK0ZM3,"","Honey B"
018NY6XC00VTAGH5QWJ02XX2TC,"","Honey Badger Haze"
018NY6XC00VTMXD45TGJD6BY79,"","Honey Bananas"
018NY6XC00VT0XRPD9Y8KV8J71,"","Honey Bear"
018NY6XC00VTM7N1NHY4GPVT0Q,"","Honeybee"
018NY6XC00VTP5GB05E27AM8HZ,"","Honey Boo Boo"
018NY6XC00VT35FMDMA6DQZTRZ,"","Honey BooBoo"
018NY6XC00VTGX8JZXH6TKKCD8,"","Honey Bucket"
01E7C1B3B12012T6KTY7F25B1B,"Hybrid","Honey Bud"
01E7C1B43RECPHNSPWFGMBW1CS,"Sativa/Indica","Honey Comb"
018NY6XC00VT4SERVDZY2WQTX9,"","Honeydew"
018NY6XC00VTCE3J8EKS5T6WH0,"","Honey Lemon Cheese"
018NY6XC00VTX2FFCK40ZC5N2Y,"","Honeymoon"
018NY6XC00VT0GXXH5Y3SM8VT7,"","Honey OG"
01E7C1B4WG6AE13S2V9WM7FA5T,"Indica/Sativa","Honey Pot Kush"
018NY6XC00VTBDX89GHX68H5XG,"","Honey Rock"
018NY6XC00VTZPDPB4EBTWSWWN,"","Honey Storm"
018NY6XC00VT670SSY016DR69T,"","Honeysuckle"
018NY6XC00VTSYCDGNNCN5CR33,"","Hong Kong"
018NY6XC00VTW2CSXHHXYWST4D,"","Hong Kong Diesel"
018NY6XC00VTFZQQ727SSDTX5E,"","Hong Kong Star"
018NY6XC00VTWPZQ6E41CCN1MR,"","Honu Blue"
018NY6XC00VTKNDG33BR2AFJX4,"","Honu Maui"
018NY6XC00VT9D2Q5ETETBXMM7,"","Honu UW"
018NY6XC00VTFH3KPSMQ862VM6,"","Honu White Lsd"
018NY6XC00VTWX3R46T122913S,"","Hoodwreck"
018NY6XC00VT3FFS1S1A3XQW01,"","Hookaberry"
018NY6XC00VT5SH7HWGWVGP6PN,"","Hoosier, Hoot'n Hollar"
018NY6XC00VT43K40RX9VVB8V6,"","Hope Springs"
018NY6XC00VT2FY3GRYW408Z4N,"","Horn Dawg F1"
018NY6XC00VTSH0ND1ZSWP13KZ,"","Hot Box"
018NY6XC00VTJ5QKVB3RA8RG61,"","Hot Pink Whistle"
018NY6XC00VTJPC041KDAT3CK0,"","Hot Rod"
01E7C1BBFG0WN7T0MC88Q5XN9B,"Indica/Sativa","Hound Dawg"
018NY6XC00VTWFHTJH2X548JBW,"","Hoyo 18"
01E7C1BC88B2KWP5GA6BM6VAA8,"Indica/Sativa","HP-13"
018NY6XC00VT5GEAAY08SAMSB9,"","HP13 (Hash Plant #13)"
018NY6XC00VT8BVEK81QC815WX,"","HPD"
018NY6XC00VTYH4EZAECPZDW1N,"","H.S.C. Trainwreck Seedling"
018NY6XC00VTZPA9FRT6J29RZ7,"","HTAF"
018NY6XC00VT4KWVVHZTP7RQQA,"","Hubba Bubba"
01E7C1BDKP0GR2BFKW19CKKAJP,"Indica/Sativa","Hubba Bubba Kush"
018NY6XC00VT6GEX7EGT39TE5D,"","Hubbabubbasmelloscope"
018NY6XC00VTVH21J9SRS24ACC,"","Hubble Bubble"
018NY6XC00VT9HDJ3F8Y50C9XX,"","Huckleberry"
018NY6XC00VTTY7X5S7GTNM6AH,"","Huckleberry Cough V2"
018NY6XC00VTW5JZNQ21V5BK0H,"","Huckleberry DesTar"
01E7C1BEZ58N3T0AABZMJ6B30Y,"Indica/Sativa","Huckleberry Diesel"
018NY6XC00VTKWF4CR3NW5FNX4,"","Huckleberry Hound"
018NY6XC00VTSWF9TFAS8J0DA0,"","Huckleberry Kush"
018NY6XC00VT3E1DC42YD4S91T,"","Huckleberry Lemonade"
01E7BYQ0FRDTGTC4FDD55XNGKA,"-unknown-","Huckleberry OG x Branscom"
018NY6XC00VTPNDQMP1GGFA00K,"","Huckleberry Pounder"
018NY6XC00VTTYME5MNJYPHG0G,"","Huckleberry Pound GI"
01E7C1BGAHHCD3HWJV1YE96JR2,"Indica/Sativa","Huckleberry Soda"
018NY6XC00VT5EK10GV1MA4VJ9,"","Huckleberry Space Queen"
018NY6XC00VT1YSAA62M31P7YA,"","Hula Buddha"
018NY6XC00VTZ0GBCM860X6018,"","Hula Girl"
018NY6XC00VTTW6MBRWE2S6EEG,"","Hulkamania"
018NY6XC00VTXA43K4EPA67PGD,"","Hulkamaniac"
01E7C1BHNZ62Z2VNJX6SY40FHR,"Sativa/Indica","HulkBerry"
018NY6XC00VT7HG3YV9AYHMY5J,"","Hulk Smash!"
018NY6XC00VTGMRDG74P7P4GQK,"","Humble Pie"
018NY6XC00VT8JVKW3MPPVT9Y3,"","Humboldt"
018NY6XC00VT0NMMGJBS8VX4EA,"","Humboldt Berry"
018NY6XC00VTWQ4HP19N1X52YF,"","Humboldt County Indica"
018NY6XC00VTM1SSNJZ1ZDWMMY,"","Humboldt Dream"
018NY6XC00VT0RTRHB8GHV4NFR,"","Humboldt Headband"
018NY6XC00VTGJRAE054PKZ0KK,"","Humboldt Honey"
018NY6XC00VTEXB3CQCXGW5240,"","Humboldt OG"
018NY6XC00VTNMGQ172Q6DX56P,"","Humboldt Select"
018NY6XC00VTCCKFNFTZSY4XAB,"","Humboldt Snow"
018NY6XC00VT43242FJWSNQZMW,"","Humboldt Treetop"
018NY6XC00VTGV0P102PVV5KAN,"","Humbolt OG"
01E7C1BNBVDP3QFJMY7JSTXYHV,"Indica/Sativa","Humdinger OG"
018NY6XC00VTAQH35QQRX139G5,"","Humpty Doo Haze"
018NY6XC00VTS7TJ3BDRFE3BWW,"","Hunt Dog"
018NY6XC00VTBMKE3J1QW8PC17,"","Hurkle"
018NY6XC00VTGRDR8XSCETW2EB,"","Huron"
018NY6XC00VT6FDEJ161BDX7V2,"","Hurricane"
018NY6XC00VTPWKNHN8AVC5JEK,"","Hurricane OG"
01E7C1BQWE1ARXW1S2A58DQDB8,"Indica/Sativa","Husky"
018NY6XC00VTKZET6D92Y419VG,"","Husky OG"
018NY6XC00VTA9VMBDP7THAQ2F,"","Hustler Kush"
018NY6XC00VTEAT2JPDCF9S9DQ,"Indica","Hybican"
018NY6XC00VTJSJEGZ6ME3RNHP,"","Hybrid"
018NY6XC00VTGSP8TZJWFVY3N6,"","Hybrid Krasnodarskii 10 FB Russia"
018NY6XC00VTSG8K5MMJJ9YZFR,"Hybrid","Hybridol A"
018NY6XC00VTF4HH8RN378F458,"Hybrid","Hybridol AB"
018NY6XC00VTCS5WBW21BVX3EN,"Hybrid","Hybridol B"
018NY6XC00VTXY6VXEPJM61YWR,"Hybrid","Hybridol C"
018NY6XC00VTEG0X5VSARWEF70,"Hybrid","Hybridol D"
018NY6XC00VTQS4RX1VZB1MTED,"Hybrid","Hybridol E"
018NY6XC00VTTWTDBRJEW6WXE6,"Hybrid","Hybridol F"
018NY6XC00VTHBWFQCQ155W6DA,"Hybrid","Hybridol G"
018NY6XC00VTH85B1K3ARBWHQF,"Hybrid","Hybridol H"
018NY6XC00VT285N084YV7N7NT,"Hybrid","Hybridol I"
018NY6XC00VTEA412KTN2Y876J,"Hybrid","Hybridol J"
018NY6XC00VTXYB15PRHP22WBA,"Hybrid","Hybridol K"
018NY6XC00VTVA4P1C9CNWNQPB,"Hybrid","Hybridol M"
018NY6XC00VTXRZPH8314RQTHK,"Hybrid","Hybridol N"
018NY6XC00VT6DKJE4FMCWWQ39,"Hybrid","Hybridol O"
018NY6XC00VTG0CAH2DV86VQ4P,"Hybrid","Hybridol P"
018NY6XC00VTQAPHF20GQ5G3HC,"Hybrid","Hybridol Q"
018NY6XC00VT1CVF3DTJEBH23V,"Hybrid","Hybridol R"
018NY6XC00VTVF09ZNVMD9RGJN,"Hybrid","Hybridol S"
018NY6XC00VTDQF642W1XCJRV4,"Hybrid","Hybridol T"
018NY6XC00VT6D0YA4XMVSY83S,"Hybrid","Hybridol U"
018NY6XC00VT50M8F3DBD93BWQ,"Hybrid","Hybridol V"
018NY6XC00VTA3NY8W26J8RFV0,"Hybrid","Hybridol W"
018NY6XC00VT7SSRC2C4J7ESGF,"Hybrid","Hybridol X"
018NY6XC00VTYPY9CKB5T0NYY9,"Hybrid","Hybridol Y"
018NY6XC00VTFCD26XGZEYQ01T,"Hybrid","Hybridol Z"
018NY6XC00VT7Y24ZPM8WDVATB,"","Hydro Green Crack"
018NY6XC00VTJ2H47BKFBX3JT7,"","Hyper Blue"
018NY6XC00VTQ8N76EAE2ADA7B,"","Hypnotic"
018NY6XC00VT0Z5S1YYGZET5GC,"","Hypnotiq Haze"
018NY6XC00VTAM06D3H7JDXVF6,"","ʻAlenuihāhā"
018NY6XC00VTB06YY51B7J3P58,"","I-95"
018NY6XC00VT0C4RVR2JK0R0VG,"","I AM 12"
01E7C1D9QPTYCXQY8RP4YJE1BV,"Sativa","iCann Forte 190"
018NY6XC00VTC2WMD2G63DED6Q,"Sativa","Icarilex"
01E7C1DAGWRV0BM24M6852RQ4A,"Indica/Sativa","Icarus"
018NY6XC00VT47RQP6MCPPEQR5,"","Ice"
01E7C1DBX4AWHPSR9VMBJ4WWGE,"Indica/Sativa","Iceberg"
018NY6XC00VTZVFXJQZZTAHRQS,"","Iceberg Cookiez"
018NY6XC00VTEEQSS5N1WXWDX1,"","IceBerry"
018NY6XC00VT8HPP3G93G3DAZ9,"","Ice Bomb"
018NY6XC00VTQ93D4R1FBKX651,"","Ice Cool"
018NY6XC00VT9Q2QMZTVBH1J8J,"","Ice Cream"
01E7C1DDV0W6RBGQ38888WHATD,"Indica/Sativa","Ice Cream Cake"
018NY6XC00VT8QM8PN26ZD0NYW,"","Ice Cream Cake F2"
01E7C1DEKSXJDS6R6K8V9WG8QB,"Indica/Sativa","Ice Cream Man"
018NY6XC00VTVJ4Y0K5QBW0QR3,"","Iced Apple"
018NY6XC00VTRMJVJJTSP35YMM,"","Iced Grapefruit"
018NY6XC00VT732BXZF3WKTZP2,"","Iced Pineapple"
018NY6XC00VT6WKXSXBARXNBJP,"","Ice Dream"
018NY6XC00VTTTE9TDR281RQXT,"","Iced Widow"
018NY6XC00VTYJNM2KTQV3G26V,"","Ice (Nirvana)"
018NY6XC00VTSHE0VRH3PQEENM,"","Ice (Paradise)"
018NY6XC00VTWVCD6F8RNSYDV1,"","Ice Princess"
018NY6XC00VT62N2XES937XCG3,"","Ice Queen"
018NY6XC00VTDWJE67TGMB9866,"","Ice wreck"
018NY6XC00VT0WK3K7BNHKHVVS,"","Ice Wreck"
018NY6XC00VTSJBFGY45RZPQEA,"","IE CC Skywalker"
018NY6XC00VT8N5JHX7BEGRHP8,"","I.E.D."
018NY6XC00VTCX65T9YF1VQF7Z,"","I.E.D. (Illuminati)"
018NY6XC00VTCYFAHX06ZTA75Z,"","Ierdbei F3"
018NY6XC00VTNDPR2P4J25Z85F,"","IFC OG"
018NY6XC00VTVSCFXQ0JQP4TNN,"","IG Kush"
018NY6XC00VTT6SNZP2XJFVNH7,"","Igzactly Jack"
018NY6XC00VTEA7ADZQRCCTHTN,"","Ill OG"
01E7C1FTWV7TZ2G75WTJTAYHEE,"Sativa/Indica","Illumidodi"
018NY6XC00VTHAHW9TGHR8JWZF,"","Illuminati OG"
01E7C1FW8APCWC6VQZ42D24P3B,"Indica/Sativa","Illusion Og"
018NY6XC00VT2Y9W0G80369T2H,"","ILTAKIT"
018NY6XC00VT5ABYY8AHAF5A3R,"","I'm From Hollywood"
018NY6XC00VT5426RD7BN89GDH,"","Immortal OG"
01E7C1FXKM02G7RQ9XFFC7BQHV,"Hybrid","Imperial Headliner"
018NY6XC00VT51JK3JD6ZXY16D,"","Impressions"
018NY6XC00VTG0NHZ7SBBPWQ4J,"","Inca Spirit"
018NY6XC00VTXB453E6TPXHDDD,"","Incrediberry"
01E7C1FYYZMD9W7EWCM3SSA9VS,"Indica/Sativa","incredible bulk"
018NY6XC00VTTRHKMEC3Q73173,"","Incredible Bulk"
018NY6XC00VTVAV9GEFW4TT29D,"","Incredible Hulk"
018NY6XC00VTYGTX9YTWS81G7V,"","Incredible lemon Haze"
018NY6XC00VTSJ1W26KJHY7GGD,"","Incredible Power"
018NY6XC00VTW883R63T7RY7BD,"","INCREDIBLE POWER"
018NY6XC00VT9VESRWBEYSKH0H,"","Incredible Wrench"
018NY6XC00VT2F5EM659CTZ58Y,"","Incredibubble"
018NY6XC00VTRB9NT6JDJW457C,"","IndaCouch"
018NY6XC00VTV51Y4DFJE6X56S,"","India GAL367"
018NY6XC00VTYA8K4AZ4PKTDP1,"","India GAL6326"
018NY6XC00VTMDS2RX3Z9XE0QZ,"","India GAL6334"
018NY6XC00VTWWZZCRZ2TZYK5K,"","India GAL6335"
018NY6XC00VT3NG3SPFKMP0NVV,"","India GAL6637"
018NY6XC00VTFBXNM5N6GZEGWX,"","India Khandwa"
01E7C1G1FFK6987VB0RFXZ5TVB,"Indica/Sativa","Indiana BubbeGum"
018NY6XC00VT91QBGE12FDE777,"","Indiana Bubblegum"
018NY6XC00VT0DBW256MK0WV29,"","Indian Haze"
018NY6XC00VTVBSC5ZD03GXTKW,"","Indian Landrace"
018NY6XC00VT6CMWFEJHE75XG8,"","Indian Light"
018NY6XC00VT41YTQ9G89XNGTP,"","Indian Morning Haze"
018NY6XC00VT2W7KRDKRC37PCZ,"","Indian Skunk"
018NY6XC00VTNCR6SEFGY2J4YN,"","India Vidaypur"
018NY6XC00VT83320Z4ASTX0XZ,"","Indica"
018NY6XC00VT8R1KAXVY2EYXZQ,"Indica","Indica # 1"
018NY6XC00VTVN34JH3W5XRP82,"","Indica 50"
018NY6XC00VTNZPQ9C1RGZ525Z,"","Indica Blitz"
018NY6XC00VTQFRRSKHPB9KX3X,"","Indica Northern Lights"
018NY6XC00VT4N3AJV99ZSDA7C,"","Indica XXL"
018NY6XC00VTEDBGS8NJKZ6RJK,"Indica","Indicol A"
018NY6XC00VTK0SNB6RQXWTB4P,"Indica","Indicol AB"
018NY6XC00VTPN7Y5D0HQJCQ1P,"Indica","Indicol B"
018NY6XC00VTXD4WFQHF7SVKTA,"Indica","Indicol BC"
018NY6XC00VT6XN5A8PEYQM9G8,"Indica","Indicol C"
018NY6XC00VTM5HS0AFW37MABK,"Indica","Indicol D"
018NY6XC00VTCW43FWXYWJSJ5G,"Indica","Indicol DE"
018NY6XC00VT59Q0YY92P8X583,"Indica","Indicol E"
018NY6XC00VTA5AHC9R21CD1PS,"Indica","Indicol EF"
018NY6XC00VTYJD9Z4PVRQMGQ3,"Indica","Indicol F"
018NY6XC00VTR2SNGEB1DHK4XP,"Indica","Indicol FG"
018NY6XC00VT8AMEJSR9YP5KXV,"Indica","Indicol G"
018NY6XC00VTQYRWKEY22A67WS,"Indica","Indicol GH"
018NY6XC00VT3Y87Y42ZBQG5QP,"Indica","Indicol H"
018NY6XC00VT43PWJVR8ZWFRW2,"Indica","Indicol HI"
018NY6XC00VT99EFG1ER88QQYR,"Indica","Indicol I"
018NY6XC00VTPRV66GMBY5TMND,"Indica","Indicol J"
018NY6XC00VT39NCMB9E0GC7MG,"Indica","Indicol K"
018NY6XC00VT9EEC5V7R8C8A2H,"Indica","Indicol L"
018NY6XC00VTV114FWQ8R89SCJ,"Indica","Indicol M"
018NY6XC00VT8S2PTX0PAZ4EB2,"Indica","Indicol N"
018NY6XC00VTV1XVY3PCTACJWR,"Indica","Indicol O"
018NY6XC00VTWSXKDE24CWJ08A,"Indica","Indicol P"
018NY6XC00VTSE0CVWZF6GWGRH,"Indica","Indicol Q"
018NY6XC00VT0RGZCVKW8HMAYY,"Indica","Indicol R"
018NY6XC00VT3XPW7K6FHHMXG2,"Indica","Indicol S"
018NY6XC00VT07FAMKCR3W0REN,"Indica","Indicol T"
018NY6XC00VTSKR7AN6FJ22TYB,"Indica","Indicol U"
018NY6XC00VTNCJAR16RFAH3ES,"Indica","Indicol V"
018NY6XC00VT53CMF7QMR6MC1J,"Indica","Indicol W"
018NY6XC00VTAZPK7VVJ7AS58C,"Indica","Indicol X"
018NY6XC00VTH249YXPZ9CA3QD,"Indica","Indicol Y"
018NY6XC00VTGEP6JA9EZ2BVSR,"Indica","Indicol Z"
018NY6XC00VTAEP4AKS426TWBW,"","Indie Kush"
018NY6XC00VT8BW2QETPRW6ZT9,"","Indigo"
018NY6XC00VT66TVSJA6PF6E99,"","Indigo Diamond"
018NY6XC00VTF23D41NTNJQN98,"","Indisat"
018NY6XC00VT8YKJHH77638F5D,"","Indi-Sat"
018NY6XC00VTYD8ZG779GS1F95,"","Indonesian Landrace"
018NY6XC00VTETE1FHRTZM60BJ,"","Industrial Plant"
018NY6XC00VT2NMXV6GYBHFC2K,"","Industrial Plant Auto CBD"
018NY6XC00VT907YZQ6K95MX4N,"","Indy"
018NY6XC00VTPT4Z1V90EDA7XE,"","Inferno Haze"
018NY6XC00VT9P7B8A8A6BEHQG,"","Inferno Haze F2"
018NY6XC00VTRVKQP2HXAQS8BK,"","Inferno OG"
018NY6XC00VT9HGK7HTXJF147F,"","Inferno Transformer"
018NY6XC00VT7TZVCYHH7BTFJH,"","Infinite Euphoria"
018NY6XC00VTVGZQ745KV7WYK2,"","Infinity"
018NY6XC00VTGVQSG0GZG78BM6,"","Infinity Bud"
018NY6XC00VTPW4WWW5X0RS8RK,"","Ingemar's Punch"
018NY6XC00VTMD4310Q5TCZ4WN,"","Ingrid"
018NY6XC00VTSM6GJFJE02DSSP,"","Inner Chi"
018NY6XC00VT6QHYN2ERZZ30Z7,"","Intergalactic"
018NY6XC00VTGK3R811AG7VGDB,"","Interstellar"
018NY6XC00VTQT2YPZZZB638SD,"","Interstellar Overdrive"
018NY6XC00VTKVSP1RVR3DN8S5,"","In The Amnesia"
018NY6XC00VTN55MNYZNM22Z11,"","In The Jack"
018NY6XC00VTV3QZHF3ET03BGB,"","In the Pines"
018NY6XC00VTEJHG7AQTCA175R,"","Intimidator OG"
018NY6XC00VTBXY86PR9BAWE8M,"","Invader Kush"
01E7C1N5ZT2QH3Z2Z82YDHVEJZ,"Sativa/Indica","Inzane in the Membrane"
018NY6XC00VTBRSRADPNG26S38,"","Iowa Feral Hemp"
018NY6XC00VTMN0K3CVCEQ22ZQ,"","iPot"
018NY6XC00VTYWMXKYAXXBRAGS,"","Iranian Autoflower"
018NY6XC00VTT032RWJMMCQFM2,"","Iranian Early Flower BX2"
018NY6XC00VTYFQQ8M1Q1WK03D,"","Iranian Landrace"
018NY6XC00VTJBWCJCZ7GP2SRE,"","Irene Apparition"
018NY6XC00VTNEG358NATZSYAG,"","Irene Kush"
018NY6XC00VTAEEK3TFGRQWXSN,"","Irene OG"
01E7BYRYVPFM30KR3SA9MGG1Y6,"-unknown-","Irene x Irene Apparition"
018NY6XC00VTX770P5PX9BBZ8C,"","Irie OG"
018NY6XC00VTA7TY4CYD3QZD29,"","Irish Cream"
018NY6XC00VTXG4YW6CNKVKBEQ,"","Irish Kush"
018NY6XC00VT982RDXAP3J2G8M,"","Iron Cindy"
018NY6XC00VT6BVD5ZWKRZY2J7,"","Iron Dawg Diesel"
01E7C1NA8P9S57ZF67DCN86KMT,"Indica/Sativa","Iron Maiden"
018NY6XC00VTS7KD6DBYW4T0M5,"","Iron Mike (Mike Tyson OG)"
018NY6XC00VT4HGF8T1ZZQ1NM0,"","Iron Triangle"
018NY6XC00VTPR1D31RJYZ6F0T,"","Irridescent Haze"
018NY6XC00VTXW6RF654ZSGWRH,"","Irukandji"
018NY6XC00VT6XTRAY16RC8E5W,"","Isaac Haze"
018NY6XC00VTW70JKWC1KXNCZF,"","Isaan Thailand"
018NY6XC00VTRJQV2WTEZ7AK58,"","Isabella's Bloom"
018NY6XC00VTG0X9NPJ43N4V6E,"Indica","Isacet"
018NY6XC00VTRSTAEQEY3SYJ5T,"","Ishvara"
018NY6XC00VT6ZZBJQKHZ464DH,"","Isis"
018NY6XC00VTJNGRFC7AYDZ4NF,"","isLAnd"
018NY6XC00VTJC34Q1V9CHWYR5,"","Island Afghan"
018NY6XC00VTD135X4JAXMRR57,"","Island AK"
01E7C1R2FSJCJ1773G5W0QBT4V,"Indica/Sativa","Island Breeze"
018NY6XC00VTDRB4NHCNKWHCKD,"","Island Bud"
018NY6XC00VTFPP6PDF03E2KJX,"","Island Girl"
018NY6XC00VT47MD853M4K8VKZ,"","Island Haze"
018NY6XC00VTCS3BS910BZ5DBH,"","Island Kush"
018NY6XC00VT12DSMDKY4SFVVT,"","Island Lady"
018NY6XC00VTNA2SF2N6FT2MFJ,"","Island Maui Haze"
018NY6XC00VT8F0Y80HPSCYS8P,"","Island Mountain Strawberry Afghani"
018NY6XC00VTPD6SWWF31N3WPN,"","Island OG"
01E7C1R4DX7JYV939NM9GYDG18,"Sativa/Indica","Island Paradise"
01E7C1R56Q45CG487KHRT8MJM1,"Indica/Sativa","Island Pink Kush"
01E7C1R5ZG3Y106HN3NPHWERNZ,"Sativa/Indica","Island Poison"
018NY6XC00VT49E8H9ZZ6XJ4H7,"","Island Skunk"
018NY6XC00VT13GMJNF0RR0SM3,"","Island Super Skunk"
018NY6XC00VTWTAMAX18Y3DZJY,"","Island Sweet Skunk"
018NY6XC00VTKZF82C02V31GCK,"","Island Sweet Skunk (ISS)"
018NY6XC00VT9YWERBMPWSQ0T9,"","Island Sweet Skunk (Jordan)"
018NY6XC00VTW8X3ME4TADRGHB,"","Island View Gold"
018NY6XC00VTCSQ8E43DQAJ2TQ,"","Island Wreck"
018NY6XC00VTM50N8VGGGKR627,"","Isla OG"
018NY6XC00VT5PT3W5PHT3CCDP,"","Islay OG"
018NY6XC00VTQ78JVNN8Y27AT8,"","Italian Kiss"
01E7C1R7XHFFP11292FWG5DTQG,"Sativa/Indica","Item 9"
018NY6XC00VT8RGDSBWSDWKSPM,"","Ivory"
018NY6XC00VT7BKTMYJ6FEHC59,"","Ivory Haze"
018NY6XC00VTX67C81D5GQ7JJH,"","Ivory Hemp"
018NY6XC00VTKKB6CMZBSBYX4Q,"","IVXX Kush"
018NY6XC00VTSCFQWGEEF63T9D,"","J1"
018NY6XC00VT5ZM3TNEVKP2RMW,"","J13"
018NY6XC00VTW1ZQXM9JDX4ART,"","J1 Sour Dream"
018NY6XC00VTM5HNVCTQ6KWT4T,"","J-27"
018NY6XC00VTF5SJS9H0TSN9DF,"","J27"
018NY6XC00VT1ESDHQG8A2VE7J,"","Jaba Stash"
01E7C1W944GDYW9VHQ8CXD42CQ,"Indica/Sativa","Jabba OG"
018NY6XC00VTJEHVVHJ4NGA2QQ,"","Jabba's Stash"
018NY6XC00VTX48T6VA0N9FHWH,"","Jabberwocky"
018NY6XC00VTG82V05D7F68WHE,"","J-AC/DC-K"
018NY6XC00VTVBA4TBH34A5QD9,"","Jack"
018NY6XC00VTMV9BAM2Z151XJJ,"","Jack 33"
018NY6XC00VT2H6ACAGAR4GZZS,"","Jack 47"
018NY6XC00VT5HZBKFTSQ3YFRS,"","Jack 99"
018NY6XC00VTTTSM0KPWDSF1YS,"","Jackalope"
018NY6XC00VT36WZVGQZC8RQR0,"","Jack Berry"
018NY6XC00VT8ZMN78YQB8WR5F,"","Jack Berry F2"
018NY6XC00VTT2ZTSP8QY87M29,"","Jackberry Kush"
018NY6XC00VTJSA05YS4ZN2A1W,"","Jack Black"
018NY6XC00VTXY5VV70E138KAY,"","Jack Burton"
018NY6XC00VT5E0G81JPSKCGDJ,"","Jack Cheddar"
018NY6XC00VTQRN2VCFQF6EZZC,"","Jack Cough"
018NY6XC00VTMB7Y94V6EV9RHT,"","Jack Dawg"
018NY6XC00VTE610F4E3RMGPBW,"","Jack Diesel"
018NY6XC00VTXNG9Q0SS45QS3X,"","Jack’d Strawberry Diesel"
018NY6XC00VTP7JMBEAGD47VR6,"","Jack Durban"
018NY6XC00VT05Z4F5XWHEE38J,"","Jacked-Up"
01E7BX5FB58J56H6P118K9BF9B,"","Jack El Frutero"
018NY6XC00VT69QCZ570GB3738,"","Jack F1"
018NY6XC00VT6PQADYFEPY4E37,"","Jack F6"
018NY6XC00VTAP6KF86HMNJ9J2,"","Jack Flash"
018NY6XC00VT2FB0349PP1JCQF,"","Jack Flash #5"
018NY6XC00VTM78T3TN2DG3J5C,"","Jack Frost"
018NY6XC00VTSZPPYS1FPCJ73A,"","Jackfruit"
018NY6XC00VTF1DEN9VM3F3HFC,"","Jack Hammer"
018NY6XC00VT868J2ZK4EC4VR4,"","JackHammer"
018NY6XC00VTYBDTBXEZ8JFZJM,"","Jack Haze"
018NY6XC00VTC275ZNZZDF7T8T,"","Jack Herer"
018NY6XC00VTWBEDY53HJ0Q8QP,"","Jack Herer GAL19859"
018NY6XC00VTC56Q8XGSEHF9BT,"","Jack Herer GAL2008"
018NY6XC00VTHTP98RDHN6FMCZ,"","Jack Herer GAL6074"
018NY6XC00VTWV0TRCQZ1FNF8Y,"","Jack Herer GAL6509"
018NY6XC00VTHFKGYFNYP9YSHT,"","Jack Herer OG"
018NY6XC00VT47W24CWX4WEWDP,"","Jack Herrer"
018NY6XC00VTPX95HFTKCSNSXK,"","Jackie Chan"
018NY6XC00VTWTG3A69542CFJF,"","Jackie D"
01E7C1WNCMTTVYDQ2B8WK580BZ,"Sativa/Indica","Jackie G"
018NY6XC00VTWWAWTE5SKW5DQ5,"","Jackie O"
018NY6XC00VTAR9PSBCFKRX618,"","Jackie White"
018NY6XC00VTR88P8CEPFZWFKM,"","Jack Kevorkian"
018NY6XC00VT5H76KDM03G8CGV,"","Jack Knife"
018NY6XC00VTT035KDY0Y5N2M5,"","Jack Knifed Semi"
018NY6XC00VTK0PYD6TTZ2GJ6N,"","Jack Kush"
018NY6XC00VT8XJQAMEX10JHER,"","Jack N Cookies"
018NY6XC00VT8C6KRSCVHK106P,"","Jack of All Lemons"
018NY6XC00VT5BR7SMFV0VKACW,"","Jack Of All Trades"
018NY6XC00VTC3MVKWZWMJMQER,"","Jack of Spades"
018NY6XC00VTCABH8XRHPBJZS2,"","Jack OG"
018NY6XC00VTWG8VMXP3KVW2BK,"","Jack O Nesia"
018NY6XC00VT71RDR5H3W6DYNK,"","Jack Phoenix #2"
018NY6XC00VT12EGFTBNF484SV,"","Jack Piss"
01E7C1WSRW5J6X4MVMV7DYW4WB,"Sativa/Indica","Jack Plant"
018NY6XC00VT6CKP1KBG4X3VT1,"","Jackpot"
018NY6XC00VT5SHAXAK8J40B87,"","Jack's Cleaner"
018NY6XC00VTPD8T15FMM2ZH1Q,"","Jacks Cleaner"
018NY6XC00VTP8NMFPEWJZ9BXK,"","Jacks Cleaner II"
018NY6XC00VT48YBA0DCGZZYSK,"","Jack's Dream"
018NY6XC00VTTYCSQ3PHAY6WB9,"","Jack's Haze"
018NY6XC00VTTEDK0XJ6QQEFAA,"","Jack Skellington"
018NY6XC00VTR1023EJFWQSE62,"","Jack Smack"
018NY6XC00VTW139VDWCPFWVJY,"","Jack Sparrow"
018NY6XC00VTCQCC4X1P6753Z0,"","Jack Straw"
018NY6XC00VT8XJ3ZDJHZE9BW4,"","Jack's Velvet Soda"
018NY6XC00VTGADV5PW753AD4K,"","Jack the Elder"
018NY6XC00VTZJHRHREFBA6A4A,"","Jack the Ripper"
018NY6XC00VTKA6MBRV7SZCGCE,"","Jack the Ripper 4"
018NY6XC00VTWYFZAEK1EQNCFV,"","Jacktiva"
018NY6XC00VT90GQX7PJN9SJ3R,"","Jack White"
018NY6XC00VTYTHETWMD2HQ9KV,"","Jack Widow"
018NY6XC00VTRJ7PKRAC5XYJJ2,"","Jack Wreck"
018NY6XC00VTSZENQ9DREXSEQ8,"","Jacky White"
018NY6XC00VTXW92DXS2K823TY,"","Jade"
018NY6XC00VTA6X1A460ST0MDR,"","Jade Dragon"
018NY6XC00VTJ9J18NMCHE341T,"","Jade Helm"
018NY6XC00VT3SXCDRGVJSAJEF,"","Jade Kush"
018NY6XC00VT931750CANK2ND6,"","Jade OG"
018NY6XC00VTW9CJPE2AC3FFHX,"","Jaeger OG GAL15764"
018NY6XC00VTA4KCT7Q635EV21,"","Jaeger OG GAL15768"
018NY6XC00VTWCJFMG6DWYGGXA,"","Jaeger OG GAL15769"
018NY6XC00VT5V6SBCCF0DWEV0,"","Jaego Kush"
018NY6XC00VTA0RZY1Q96BXM76,"","Jaffa Cake"
018NY6XC00VTDM92VGMWZABBAH,"","Jaffa Cake BX"
01E7C0A91G5R2447GQZZ97670E,"-unknown-","Jaffa Cake x Buckeye Purple"
018NY6XC00VT6T6K7ZXSC55SKZ,"","Jager"
018NY6XC00VT14MSD0SB7D93KB,"","Jager Frost"
018NY6XC00VTJNGCG5DPDW6ZSW,"","Jagermeister"
018NY6XC00VT8NZH82Y8FB2W91,"","Jaggen"
018NY6XC00VTZ3HFYY87PVPFFJ,"","Jah Goo"
018NY6XC00VTSSYCS526HDTRM5,"","Jah Herer"
018NY6XC00VTXVKT808HCTR9GN,"","Jah Kush"
018NY6XC00VT1W1JE4ZVB2K49M,"","Jahruba"
018NY6XC00VTSPX9HK5QZ3J7JJ,"","Jahwaiian"
018NY6XC00VTTJHZWGYZA932CN,"","Jailbait"
018NY6XC00VTHZB9CD0DY3S2KX,"","Jalisco"
01E7BXFA1S1WKT2F1FXXYG217A,"-unknown-","Jalisco Jaze"
01E7C2TF2NH5ST8WVTX25PKR74,"Sativa/Indica","Jam #2"
018NY6XC00VTFW6TZ9AT22Y4W8,"","Jamaica"
018NY6XC00VTN85CF56QEGZ78B,"","Jamaican"
018NY6XC00VTS2TY8Z71GT0FG0,"","Jamaican Dream"
018NY6XC00VTR1W1CFB5WC6XSF,"","Jamaican Fire"
018NY6XC00VT2HSFBGQAG174HK,"","Jamaican Gold"
018NY6XC00VT16E5T83BCFVKBP,"","Jamaican Haze"
018NY6XC00VTKFCY0S5YZ2XBRB,"","Jamaican Jam"
018NY6XC00VTD5Q08THJH69C9Y,"","Jamaican Lambsbread"
018NY6XC00VTVBF6TNK04VN3WN,"","Jamaican Lambs Bread"
018NY6XC00VT35WP8KBVK04FFB,"","Jamaican Lambsbread 60/70"
018NY6XC00VTY2W35KRFW180NF,"","Jamaican Landrace"
018NY6XC00VT0X123E9W5NHZ8G,"","Jamaican Lion³"
018NY6XC00VTQD3G766GVMRSEE,"","Jamaican Me Crazy"
018NY6XC00VTXGZJ3129ZZ8YPS,"","Jamaican OG"
018NY6XC00VTHK2CVPNFR5BENE,"","Jamaican Orange"
018NY6XC00VT44T8NFXFXVH2TW,"","Jamaican Pearl"
018NY6XC00VTZZ49AEDH6V11Z7,"","Jamaican Pineapple"
018NY6XC00VTPT2R7DRR0QT6SM,"","Jamaican Sensi"
018NY6XC00VT76CPF01H0BAX3Z,"","Jamaican Yarders"
018NY6XC00VTQJHQ5RNXW1D0JT,"","Jamba Juice"
018NY6XC00VTF6GR0DCN3SCVA6,"","James Bondage"
018NY6XC00VTBAD7H6ZYM4YBKC,"","Jamil Sayyida"
018NY6XC00VT4SYFDR9Q6DRTC6,"","Jane Doe"
018NY6XC00VTVWKXZ9XJZNX240,"","Jane Goodall"
018NY6XC00VT4ECPB87T26AJ56,"","Janis Special"
018NY6XC00VT1SNTF5RYV6Y8VK,"","Jasmine"
018NY6XC00VT57R109Q3J4429V,"","Jasper OG"
018NY6XC00VTSM64W1ZKY9MHQE,"","Jauja (Dreams & Honey)"
018NY6XC00VTE5F83RCQWZX25D,"","Jawa"
018NY6XC00VTQN1EFZ2C03S8HX,"","Jawa Pie"
018NY6XC00VTD8B0K08E450CXN,"","Jawbreaker 47"
018NY6XC00VT1RT85RSW9NS55K,"","Jazz"
018NY6XC00VTGC6ZBSX5GHWQ32,"","Jazz Berry Jam"
018NY6XC00VTARNJAGMDV4J6C5,"","Jazz (TGA)"
018NY6XC00VTAXY08A4JAPK475,"","Jazzy Belle"
01E7C3105GMN8ANBFQ63D6H88X,"Indica","Jazzy Kush"
018NY6XC00VTT7BRQ06RFJH3R0,"","Jean Guy"
018NY6XC00VTVG8W9E0QMGCSWS,"","Jean Luc Picard"
018NY6XC00VTGK792XYGND6ABG,"","Jedi"
018NY6XC00VT7Z8X1V5RRZR98T,"","Jedi Death Star"
018NY6XC00VT85037G15G0PXBP,"","Jedi Kush"
018NY6XC00VTZGQYT0HA1VB52H,"Indica","Jehana"
018NY6XC00VTTVMNR5CZN5D6N1,"Indica","Jehanose"
018NY6XC00VT3D8GTPVHZ2B5MQ,"","Jekyll Passion"
018NY6XC00VTF65TZ4B7X0MP2K,"","Jelly Bean"
01E7C3138M4AS0Y4WTR6TD0J17,"Indica/Sativa","Jelly Breath"
018NY6XC00VT3DVJVBFST706FG,"","Jelly Donut"
018NY6XC00VTVNGW5DZ69X2HA7,"","Jelly Roll"
018NY6XC00VT2HBENWTWMZCXC4,"","Jelly Smalls"
018NY6XC00VT64P1YAZKKT31GS,"","Jenni"
018NY6XC00VTXYNGC0M0MJE061,"","Jenny"
018NY6XC00VTG3CWGX1EJN903R,"","Jenny Kush"
018NY6XC00VTN17GT71TTEDQ27,"Sativa","Jenva"
01E7C315SBYGND4TNVWKA19PBY,"Sativa","Jericho Haze"
018NY6XC00VTYVZNV1D67S5ZMQ,"","Jerp OG"
01E7C316J38MAZ7GVN01ACMYMA,"Indica/Sativa","Jerry Berry"
018NY6XC00VT80BP8KY7T0GHZ8,"","Jerry Berry Tribute"
018NY6XC00VTCE3ZXE5FFZTHCJ,"","Jerry Garcia OG Kush"
018NY6XC00VT0WY69CDEPQE7XX,"","Jerry Kush"
018NY6XC00VTJYDTTYW2QMPG88,"","Jersey Mike"
01E7C317XP126K89CJ86PSNQXE,"Sativa/Indica","Jerusalem Express"
018NY6XC00VT46KNRZ9BMQ8TFN,"","Jesse's Girl"
018NY6XC00VTRMX34QHK7A50MV,"","Jesus"
018NY6XC00VTT8P00WWXD5DJDS,"","Jesus OG"
018NY6XC00VTW1X810S0XC62W3,"","Jesus's Gumbo"
01E7C31AE981600MJ2C5Y1RP8K,"Indica/Sativa","Jet-A"
018NY6XC00VT3XJ57H0FKNFVWF,"","Jet Fuel"
01E7C33D9Q5C8M69A07QCZTMYE,"Indica/Sativa","Jetsetter OG"
018NY6XC00VTS21CFVT99F9MYP,"","Jetson's Haze"
018NY6XC00VTCVPKS7V57NBHXX,"","Jew Gold"
018NY6XC00VTQSCYSDKMDGP74Z,"","JFK Kush"
018NY6XC00VTM6NXJGPCPYR5FD,"","Jgr"
018NY6XC00VTVWXAKDTSZZFBZ5,"","JHerer Crossed With NL5"
018NY6XC00VTM0MZ2QWFM12W5Q,"","Jiangji"
018NY6XC00VTWPKBV1G8MC2A15,"","Jiffy Pot"
01E7C33FB4526N01P87S3NBNV7,"Hybrid","Jigsaw"
018NY6XC00VTJ9C6R0AHNN638E,"","Jilly 13"
018NY6XC00VTX43ZKMBDWGD5T3,"","Jillybean"
01E7C3410RBBZHFD35F60PD3XD,"Sativa/Indica","Jilly Bean"
018NY6XC00VTBK6ZQ8XJEA4W2E,"","Jilly Bean (Jillybean)"
018NY6XC00VTJ9VZ9RJQSGTG3N,"","Jilly Chunk F1"
018NY6XC00VTA5FMXNXGBDG50D,"","Jilly Dawg"
018NY6XC00VT5KA3590N85NPYQ,"","Jim Dandy"
018NY6XC00VT4HGHR2AJ2ZS2WV,"","Jimi Hendrix"
018NY6XC00VTYNRCPC6405T7Z0,"","Jim Wakeford"
018NY6XC00VT6FXQWTSXRE10NC,"","Jinn"
018NY6XC00VT17XE6NY5N60PVR,"","Jitterbug Perfume"
018NY6XC00VT4VBGWAFG418N12,"","J.J.'s Gold"
018NY6XC00VT2K1KAM5ECJ93ZB,"","JJ's Mango"
018NY6XC00VTZ65AYV7E91M6A8,"","JJ's Nigerian"
018NY6XC00VT5HH11XZYRVQ122,"","Jock Horror"
01E7C343MQME3FJQPTQXZ22919,"Sativa/Indica","Joe's Lemonade"
018NY6XC00VTNTZJG47ZPJSQQZ,"","Joe's OG Kush"
018NY6XC00VTY972BSF86C8S54,"","Joey's Strain"
018NY6XC00VTQ28E21B4MBC1BP,"","John Doe"
01E7C3477WHVTVR0VFEGWM5EYY,"Sativa/Indica","Johnnyâs Tonic"
018NY6XC00VTHT5YKHS8R0A3MQ,"","Johnny Blaze"
018NY6XC00VTADWZ07J52EPDF5,"","Johnny Cash"
018NY6XC00VT3Z5B2SKAQHY5A4,"","Johnny Quest"
01E7C344E69GGGVAM4MG4NSD03,"Indica/Sativa","Johnny'S Fire"
01E7C3459G9JBDFF65VQPQ3JWG,"Hybrid","Johnny'S Skunk"
018NY6XC00VTMRY16QXHAZPQ9E,"","Johnny’s Tonic"
018NY6XC00VT9BTYTDKCFNZ8K2,"","Joker"
01E7C3483EH8M4THEB4ZYFBDWB,"Hybrid","Jokerâs Grin"
018NY6XC00VT5HE5SFKWWFSMY7,"","Joker’s Grin"
018NY6XC00VT5ADDR9T5Z04BHJ,"","Joliet Jake"
018NY6XC00VTWTGRAPN3XXHJ8E,"","Jolly Rancher"
01E7C349GV3P35904CYXWF2HZQ,"Indica/Sativa","Jon Snow"
018NY6XC00VTWK5YMNGYQ61FF1,"","Jordan"
01E7C34AYKWYGFBDBYCC1PW5V9,"Sativa/Indica","Jorees Diamond"
01E7C34CEDXQ2YBGAVXCXTEKN8,"Hybrid","Jorgeâs Diamonds #1"
018NY6XC00VTMS335TECJ45BZP,"","Jorge's Diamonds"
018NY6XC00VTS2CCJSVQ4MRP2X,"","Jorges Diamonds"
018NY6XC00VTE40XSQQMQT6AAA,"","Jorge's Diamonds #1"
018NY6XC00VT3A4JX3DQ7N0CKW,"","Joseph OG"
018NY6XC00VT1V1YWMF4B8V5DD,"","Josh D OG"
018NY6XC00VT5H25MTA8A8GQRF,"","Journeyman"
018NY6XC00VTAW9B4STD1JZR40,"","JOY"
018NY6XC00VTA945GFD402M9WZ,"","JR"
018NY6XC00VT0DMQ1EX4FEB5PA,"","J's Famous Kush"
018NY6XC00VT58DQK6Q79535WX,"","JT15"
018NY6XC00VTDR20MGXRB4S3D6,"","Juan Herer"
018NY6XC00VTPFJKD9E6JD29QR,"","Juanita"
018NY6XC00VT7VAY9NQQFFX603,"","Juanita Dogramosa"
018NY6XC00VTTHDMSH87MFCM87,"","Juanita La Lagrimosa"
018NY6XC00VTYFSW37G5MS0153,"","Juggernaut"
018NY6XC00VTSM64RR07Y4A0N5,"","Juice Factory OG"
018NY6XC00VTB212D6CRB35KFS,"","Juicy 99"
018NY6XC00VT8ZS3SR1VWPKSS8,"","Juicy Champagne"
018NY6XC00VTBEFZYXRDNMW8F8,"","Juicy Fruit"
018NY6XC00VT9PTJ02C3E0F0YC,"","Juicy G"
018NY6XC00VTNJGF4VW7HBYG3D,"","Juicy J-1"
018NY6XC00VT4RQEFP6R9BV0KY,"","Juicy Jack"
018NY6XC00VTTW8QKGR8MA0FVJ,"","Juicy Jill"
01E7C34K101PW9T5CDWBRKVYN4,"Sativa/Indica","Juicy Lucy"
018NY6XC00VTY5PKNXF9NMNZ9W,"","Juicy Russian"
018NY6XC00VTWRFVFASHN3FM20,"","Juicy Wreck"
018NY6XC00VT64PDCEGKDK132N,"","JuJu Royal"
018NY6XC00VT4A7DAT6S6M96BS,"","Juliet"
018NY6XC00VTW6D0HB8MXK1WC1,"","Julio's Dog"
018NY6XC00VTDD0EMJRNCH6AWC,"","Julius Caesar"
018NY6XC00VTK9A6XN3G8S9NGS,"","Jumanji Kush"
018NY6XC00VT9D82RGTBXACW6S,"","Jumping Black Dash"
018NY6XC00VTX6JDQ6QBCTJ5S8,"","Jumping Jack Flash"
018NY6XC00VT5QJCGFHKKAV3WT,"","Juneau's Gift"
01E7C34P4C34YVZ2WBDXJNKHG3,"Hybrid","Jungle Book"
01E7C34PX5CG1AZ0WTYQB0NSBX,"Hybrid","Jungle Cake"
018NY6XC00VTWB97JZR9S0HK01,"","Jungle Cheese V2"
018NY6XC00VT41DQZ0GCPEKPCR,"","Jungle Fruit"
018NY6XC00VT37WJWW5DT4X14Z,"","Jungle Jerry's Haze"
018NY6XC00VT5E9B0P0YZN0F92,"","Jungle Juice"
018NY6XC00VT9W3WTV428E40RN,"","Jungle Juice (Golden State Genetics)"
01E7C34R8HGEY48MJ2E7SGQA9G,"Indica/Sativa","Jungle Kush"
018NY6XC00VTJ73P5V15Q2REM6,"","Jungle Kush V1"
018NY6XC00VTM0APPJD071M0FH,"","Jungle Spice"
018NY6XC00VTDGWT7YVS4VM9RY,"","Jungle Wreck"
018NY6XC00VTH00N21HXY6Y87Q,"","Jupiter Kush"
018NY6XC00VT644FQ4N8XW99W9,"","Jupiter OG"
018NY6XC00VT7AAVF74496V3GY,"","Jurassic Haze"
018NY6XC00VTFMB9HYXF0X0ETT,"","Jurassic OGK"
018NY6XC00VT5KRVJCWERA08QA,"","Justice"
018NY6XC00VTMEKAM0K09N5514,"","JV-86"
018NY6XC00VTZRAVSP0XSMENH0,"","JYD Haze"
018NY6XC00VTSTWYD1HAZ6T6FB,"","K1"
018NY6XC00VT3GYJ6ZW7ZAVXXX,"","K2"
018NY6XC00VTS9157NJCBWK24P,"","K2 Special"
018NY6XC00VT4937WJJ5ZM8P95,"","K5"
018NY6XC00VTV8F9MDKWR3NJ0Z,"","K-91"
018NY6XC00VTTVQ0RR7XQFAYBP,"","Kablawi"
018NY6XC00VT3A2GX91ANKRWXT,"","Kaboom"
01E7BX8SYAG1W9JNK8S2HJR0B5,"","Kabrales"
018NY6XC00VTFTHJRGYC7FF2M9,"","Kabul Baba"
018NY6XC00VTMEPPFB921V2P2M,"","Kachook"
018NY6XC00VTAF29AJG6K4MHQ9,"","Kahuna"
018NY6XC00VT63HCR0VX7J932C,"","Kaia Kush"
018NY6XC00VT5VJCGGZVHNZ0MB,"","Kalalau Kush"
018NY6XC00VTNBG1PRVSFMTYYZ,"","Kalashnikova"
018NY6XC00VT0X1YRKW60E0HQ3,"","Kaleidoscope"
018NY6XC00VT6RQG6NW5ZMWEF9,"","Kaleidos Dope"
018NY6XC00VTVYSHKCKCB8HNB7,"","Kali"
018NY6XC00VTWRDXNBZX7H3MTM,"","Kali 21 China"
018NY6XC00VT6AE3CPDTB3T3D4,"","Kali 47"
018NY6XC00VT6KPP17GV5R16BV,"","Kali Black"
018NY6XC00VT2P9RXPH66J34RW,"","Kalichakra"
018NY6XC00VTQ8NJ9HFSK5V638,"","Kali China"
018NY6XC00VT6YNEHS4DEMPZ8W,"","Kali Dog"
018NY6XC00VTE1XXN809NJTM36,"","Kalifornia"
018NY6XC00VT1VAKNX8ZHH33Z9,"","Kali Haze"
018NY6XC00VTB947RQ1W15NMQ6,"","Kalijah"
018NY6XC00VTTT1QQQKMDZRP5Y,"","Kali Mist"
018NY6XC00VTJWWWYERYT0W67Y,"","Kalinga Phillipines"
018NY6XC00VTEVP44QN1QSWDDA,"","Kali OG"
018NY6XC00VTHJFH4FP01Z3JXS,"","Kali's Bliss"
018NY6XC00VT614GNA2YG5AYGG,"","Kalishapple Kush"
018NY6XC00VTY6PY152WTTEAX2,"","Kalishnapple"
018NY6XC00VT4Q1M1D0A8AB89X,"","Kali Snapple"
018NY6XC00VTA65KXWF8E3NNEM,"","Kali Spice"
018NY6XC00VT59APMGRY5FZKCJ,"","Kal-X"
018NY6XC00VTCK87EPGHSHK2T6,"","Kamamist"
018NY6XC00VTY54VP1S8CT08P9,"","Kamikaze"
018NY6XC00VT2AGBRQDXGGCQ6N,"","Kamikhaze"
018NY6XC00VTZ2SPCY551BJ0S1,"","Kananga"
018NY6XC00VTBF5AAG0MK2D7BC,"","Kananga (Solanum)"
018NY6XC00VT561248GSTSPF6F,"","Kanasuta"
018NY6XC00VTM9PFZC861F3XY0,"","Kandahar"
018NY6XC00VT0K4BYSB4S1552Y,"","Kandahar Indica"
018NY6XC00VTE4XD0T55EZDBXN,"Indica","Kandalex"
01E7C37P9TF8ZR7D3XVE7HH20B,"Sativa/Indica","Kandy Glue"
01E7C37Q2MWWF1VGMC6KY930Y6,"Indica/Sativa","Kandy Krush"
018NY6XC00VT3SGT94YKKWB0ZP,"","Kandy Kush"
018NY6XC00VTZCKP3QPZBV3ZD7,"","Kandyland"
018NY6XC00VTP734A2PGC95XER,"","Kandy Skunk"
01E7C37S0SADN9YC8S57AHJTKN,"Indica/Sativa","Kaplan Kosher"
018NY6XC00VTWW7WSWNM4745B3,"","Kappo"
018NY6XC00VTSWKZS2N0D96SRQ,"","Kaptn's Grand Dream"
018NY6XC00VTWAN03227ZA0GD5,"","Karakoram Kush"
018NY6XC00VTMRYCJJ3G6VSB1A,"","Karamelo"
018NY6XC00VTQPJ3W12QH13A7V,"","Kariba Surprise"
01E7C37TC9GR34VHDRPMQNZHBM,"Indica/Sativa","Karibbean Mango"
018NY6XC00VTZ7J0GFYSY37A4R,"","Karma Bitch"
01E7C37VQS824FAZJ6S59DS1HS,"Indica/Sativa","Karma Og"
01E7C37WGMB83GMKX9ZTV0TT1D,"Hybrid","Karmarado OG"
018NY6XC00VTST8HXQJ2B6ZMHT,"","Karma's Jack"
018NY6XC00VTY4367PB24S89GC,"","Karma's OG"
018NY6XC00VTSD455NRNCQ4JAN,"","Karma Wreck"
018NY6XC00VT053HS49HMK1A76,"","Karpov"
018NY6XC00VT38FDCDNFBN539Q,"","Kartoon"
018NY6XC00VTQE8NMCDN0TENX4,"","Karuna"
018NY6XC00VTYXCP25BBTJCPSY,"","Kashmir"
01E7C37XW20ZPMJ53THQTATDZS,"Indica/Sativa","Kashmir Black No. 3"
018NY6XC00VT3XD2RYTT6PPBFE,"","Kashmiri"
018NY6XC00VTAEPCRNPVK3DBBQ,"","Kashmir Kush"
018NY6XC00VTDXCYEMH7BJB5PX,"","Kashmir Kush GAL360"
018NY6XC00VTCBT0EFC4G8N8DG,"","Kashmir Kush GAL6508"
018NY6XC00VTEJ5EE9P5ZH56P8,"","Kashmir Kush (Guru's)"
018NY6XC00VT16ZNBWZGH0FKC2,"","Kashmir Resin Factory (Kashmiri)"
018NY6XC00VTANSJNNKEX74XQH,"","Kashroc"
018NY6XC00VTXTC9N2D7C59HAM,"","Kasparov"
018NY6XC00VTK92ZGX17VA6YYW,"","Kat"
018NY6XC00VTCSW9CQVETY5QW0,"","Katelyn Faith"
018NY6XC00VT2Z5Z02HXPNRX6M,"","Kato Cookies"
018NY6XC00VT8ZWR8FSWHHD44K,"","Kato Kush"
018NY6XC00VTFPC5D5SPDR00AE,"","Katscan"
018NY6XC00VTHV7T1TV79BXDTC,"","Katsu"
018NY6XC00VTQY8KTK2D323AN0,"","Katsu Bubba BX"
018NY6XC00VTPXBJXC28YV7JKW,"","Katsu Bubba Kush"
018NY6XC00VTT5GDBN5N74VN49,"","Katsu Kush"
018NY6XC00VTCTCF9KFDXYHA1F,"","Katyusha"
018NY6XC00VTPYB4F5JXHCSJEV,"","Kauai"
018NY6XC00VTTCBQRPZQXZH109,"","Kauai Aloha"
018NY6XC00VTAAVGN8Q6NASZ6K,"","Kaua'i Electric"
018NY6XC00VTFKA7GT78MV5SRG,"","Kauai P&G"
018NY6XC00VTNE48XE508Q0YH5,"","Kauai Princess"
018NY6XC00VTNQ95MBZ6498FJW,"","Kaya"
018NY6XC00VTSAMCVZFN1GGY50,"","Kaya 47"
018NY6XC00VTWX0B1GD6JB370G,"","Kaya Girl"
018NY6XC00VTN9H3APYSP88FQ0,"","Kaya's Dream"
018NY6XC00VTEKAHEF5GQT974S,"","Kaya's Koffee"
018NY6XC00VT8NVDM4W63G1JSQ,"","Kazakhstan GAL6228"
018NY6XC00VT0XQDMKTJ2151YC,"","Kazakhstan GAL6229"
018NY6XC00VT036P8RHGBBSEG9,"","Kazakhstan GAL6230"
018NY6XC00VTMZAFH87RZPEBRM,"","Kazakhstan GAL6231"
018NY6XC00VTDKGK9HJ4T02HDH,"","Kazakhstan GAL6232"
018NY6XC00VTBKP09VYYEZ2R0V,"","Kazakhstan GAL6233"
018NY6XC00VTZ64ASQGS0G5G6D,"","Kazakhstan GAL6234"
018NY6XC00VT5AN5V1WR9FB9K0,"","Kazakhstan GAL6235"
018NY6XC00VTGPYM1BKHTMT62E,"","K.C. 2"
018NY6XC00VTSJJEZ1PJF276H0,"","K.C. 33"
018NY6XC00VTP6HCFGX44BNBHW,"","KC 33"
018NY6XC00VTCDJ7XTX8F4R3FV,"","K.C. 36"
018NY6XC00VTDW18PCBG9WB2KQ,"","KC 36"
018NY6XC00VTGXZYBZ1BG7FZY5,"","KC 39"
018NY6XC00VTSD6QJJ5KKV8XYZ,"","K.C. 42"
018NY6XC00VT6YNYPZ83NDS5X3,"","K.C. 45"
018NY6XC00VTQYZ122QDMD7MKN,"","KC 45"
018NY6XC00VTB6YTGDSQAE5GF6,"","K.C. 606"
018NY6XC00VTYQJHEJ9XSMFVDB,"","K.C. 639"
018NY6XC00VTCW7WH1QKDD1S7H,"","KC Special Select"
018NY6XC00VTWXWH02ZWP1Z6KW,"Hybrid","Kedina"
018NY6XC00VTN06T7F9F6B0QXV,"","Keebler Cookies"
018NY6XC00VTZFQ9AMF8MJ14AH,"","Keester Kush"
018NY6XC00VTD4J6XGX8PEZ5HY,"","Keisha"
018NY6XC00VT6Z03EA7SEX4G78,"","Kelly Hill Gold"
018NY6XC00VT99BTDEG561R2BC,"","Kelly's Hills"
018NY6XC00VT98PYBPBR8GTHSX,"","Kendawg"
018NY6XC00VTFSZ92N6R5N372W,"","Ken's GDP"
018NY6XC00VTD08TQESPGGQNP5,"","Ken's Grand OG"
018NY6XC00VT406XNHM5578ZXQ,"","kens kush"
018NY6XC00VTA2SVECPMDQ8XWD,"","Ken's Kush"
018NY6XC00VTB2ZN5RP3KXB935,"","Ken's OG"
018NY6XC00VTH6370N9RK7YB7V,"Indica","Kentatone"
018NY6XC00VT3K2FZCG4YGMP1E,"","Kentucky Outdoor"
018NY6XC00VTCG3H0NAWKMPX65,"","Kenya Kisumu"
018NY6XC00VTYQGJVW7HVZAH0J,"","Kenzie Kush"
018NY6XC00VTTPVA2HGH9CZ86T,"","Kepler 22B Kush"
018NY6XC00VTWNMVH14RG5ETFN,"","Kerala"
018NY6XC00VT6J1VTKDVN25X97,"","Kerala Krush"
018NY6XC00VTYSWKR0EZQ3HX49,"","Kerala Skunk"
018NY6XC00VTZXYNV13K5W82C8,"","Kerala South Indian Landrace"
018NY6XC00VT2NSZV9A079BJHV,"","Kerberos Kush"
018NY6XC00VT8APS4P98XDVX9P,"","Kerela Krush"
018NY6XC00VTP9M431GJ6SNKCP,"","Kerkovian"
018NY6XC00VT9JW955T2T33H9D,"","Ketama"
018NY6XC00VT209YR3X12HMRXE,"","Ketama Moroccan Landrace"
018NY6XC00VTW2PPGJQ68TAYBF,"","Ketucky Durban"
018NY6XC00VTKWDXR2AVYBKGR1,"","Key Lime Cookies"
018NY6XC00VTH2WJQDDKYZWP89,"","Key Lime Custard"
018NY6XC00VTGKMR9EGF0QYFG4,"","Key Lime Haze"
018NY6XC00VT984MX2CZZA99Q6,"","Key Lime Kush"
018NY6XC00VTK4JR99JNCCR357,"","Key Lime Pie"
018NY6XC00VT7YHNSJ535V2A3X,"","Key Master"
018NY6XC00VT63189R8C3SM2CB,"","KGB"
018NY6XC00VT6SJAXRMC47BC0A,"","Kg-one"
018NY6XC00VTVDV5CCC5AB2NWM,"","Khalifa Kush"
018NY6XC00VTGZDA30PXE3Y33J,"","Khalifa Kush (KK)"
018NY6XC00VT1VX5Y49HS8T47Q,"","Khatai"
018NY6XC00VTK8FGBYQ8SAH1V0,"","Khmer Gold"
018NY6XC00VTKAG5XEXY3KDBSB,"","Khola"
018NY6XC00VTEFQ0A8QJWH89ZM,"","Khufu"
018NY6XC00VT4YW3H78BHMA306,"","Khyber Afghani"
018NY6XC00VTHY8Y3SRE8X5N6W,"","Khyber Kush #1"
018NY6XC00VTEBKHEM2103RH4S,"","Kid"
018NY6XC00VTQ666MCM2T85135,"","Kid N Kookies"
018NY6XC00VTCKDXHM0J5E3T23,"","Kif Plus"
018NY6XC00VTSWV7HRJQTBEPTM,"","Kilimanjaro"
018NY6XC00VTBBCKY3MDY0FXYV,"","Kilimanjaro (Soma 1+)"
018NY6XC00VTDTXNQJ40XF6ABZ,"","Killa Crip Kush"
018NY6XC00VTHQ3131MX52GT23,"","Killa Kush"
018NY6XC00VT7MX4S14A22JWD5,"","Killa Queen"
018NY6XC00VTPPT3TVTF743JW3,"","Killa-watt"
018NY6XC00VTJBCZD7GZ7B5WHP,"","Killawatt"
018NY6XC00VTRHG5Q3GVWGM3VY,"","Kill Bill"
018NY6XC00VTGA4A7F3AHKS7TM,"","Killer Agent OG"
018NY6XC00VTMQ0JFDS642X1PH,"","Killer Apollo"
018NY6XC00VTFNNCSC0ZNZ815Y,"","Killer Chem #3"
018NY6XC00VTTQH5ZH3D29FKWS,"","Killer Chemdog"
018NY6XC00VT8ZQ00EB34YNQP0,"","Killer Crack"
018NY6XC00VTW054FFRXJZ99KG,"","Killer Grape"
018NY6XC00VTAD31N3BT1EEPA5,"","KILLER GRAPE"
018NY6XC00VTC4KHVHAQ51TYAN,"","KILLER HAWAIIAN"
018NY6XC00VTH7F4QW5MGYFJ24,"","Killer Kristalls"
018NY6XC00VT7BGJ1P3P7SC8MH,"","Killer New Haven"
018NY6XC00VTBWABPJZEK6RKRC,"","Killer OG Kush"
018NY6XC00VTFQE2STCZJF457E,"","Killer Purple"
018NY6XC00VTA8CJJAKETXTVEJ,"","Killer Purps"
018NY6XC00VT12VQ7347KC8KPR,"","Killer Queen"
018NY6XC00VTDCSWMYCHDZ4FNM,"","Killer Queen 2"
018NY6XC00VTWDH8MAK85BF9Z4,"","KillerSkunk"
018NY6XC00VTBSK47GABC4RCAD,"","Killer Skunk Berry"
018NY6XC00VTAT9FTGRBXQQNFF,"","Killer Super Blueberry"
018NY6XC00VTSTEQVHNB2114NY,"","Killian"
018NY6XC00VTKM00FT4HDMGCN3,"","Killimanjaro"
018NY6XC00VTHTGYAPNKE4T3YB,"","Killin' Garberville"
018NY6XC00VTG35AHPHTYYNP2M,"","Killing Fields"
018NY6XC00VT5K5FEV6DYP0W14,"","Killmanjaro"
018NY6XC00VT6N7TB6R002JTEY,"","Kimbo"
018NY6XC00VT7P7CD7EW8G6PBA,"","Kimbo Kush"
018NY6XC00VTZ9V9PHR1CNZD6D,"","Kimbo's Bubba"
018NY6XC00VTA9G4KCTGXPW9N1,"","Kimbo Slice"
018NY6XC00VTW09VVMWSMKV9FY,"","Kimchi"
018NY6XC00VTZDA4WTJ09H0BPN,"","Kim Kardashian"
018NY6XC00VTG8MJEXWB5YF9NE,"","Kindness"
018NY6XC00VTRPQWWVAVWEA48D,"","King"
018NY6XC00VTWBP496SSGC4H2G,"","King Band"
018NY6XC00VT9NWCS9EKJZDRFA,"","KingBand"
018NY6XC00VTP951611CN0BZVJ,"","King Cake"
018NY6XC00VTWTZFT6DG60VP1K,"","King Chem"
018NY6XC00VTBJKVQPG1C7X3K4,"","King Congo"
018NY6XC00VT0ZH0MYZGNRC5FC,"","King Cookie"
018NY6XC00VT1JKB3P0D7XWR1M,"","King Diesel"
018NY6XC00VT4XDSFXV0NMM1F8,"","King Henry VIII OG"
018NY6XC00VTWGRDADW7QDSK54,"","King Jack"
018NY6XC00VTR1XP801CNCHF3K,"","King Kong"
018NY6XC00VTHFXYDEK16HZHDS,"","King Kong Kush"
018NY6XC00VTB0QS5TKAX5PGZN,"","King Kong's Cookies"
018NY6XC00VTTEGSMG2RKBFWPY,"","King Kush"
018NY6XC00VTHW09V3KJFFQZ5H,"","King Kushin"
018NY6XC00VT8JMP8ZXDNSFHG4,"","King Lewie"
018NY6XC00VT50HW0ZNKC8ZM03,"","King Louie XIII"
018NY6XC00VTBEZ0HQ4R4VJA99,"","King Louis"
018NY6XC00VTSDH1F2Y1VXNDGX,"","King Louis XIII"
018NY6XC00VTHM80K1WC7J2HY9,"","King Mint"
018NY6XC00VT7QB6M5AXWXNHND,"","King of Hearts"
018NY6XC00VTCXXMZS3FMZ8P4D,"","King of the Beasts"
018NY6XC00VTFMDG0JWKGMMVV0,"","King Phisher"
018NY6XC00VTEGKBFK30WQ5B8Q,"","Kings Bounty"
018NY6XC00VT16SQZKY7EYNJCV,"","King's Bread"
018NY6XC00VTZZQQZQDSYZZK13,"","Kings Cross"
018NY6XC00VTYWSVE8ABP0CB0Y,"","King's Kross"
018NY6XC00VTJ4979TZTFKS374,"","King's Kush"
018NY6XC00VT13M5N71CYSMQE2,"","Kings Kush"
018NY6XC00VT5ER8HPA1NR1MK7,"","KingSlayer OG"
018NY6XC00VTWAX1GPZMDA22DE,"","Kings Randsome"
018NY6XC00VTZTC77988BJ0XVP,"","King's Reserve"
018NY6XC00VT37242CRP06BJQX,"","Kingston Confidential"
018NY6XC00VT8J950D7YEGQWFR,"","King's Vine"
018NY6XC00VTV01VDSBMTY8CSP,"","King Tut"
018NY6XC00VTYJH9WXKW64W9SF,"","Kinky Temple"
018NY6XC00VTEKSF22GDNFVFYC,"Indica","Kirica"
018NY6XC00VTMTCR1XNDJX3MHH,"","Kirkwood OG"
018NY6XC00VT255XGDC3RBS4PK,"","Kish"
018NY6XC00VT3T77V6WGEAV59P,"","Kiss"
018NY6XC00VTJH622GF5247QQM,"","Kiss Dragon"
018NY6XC00VTXET5J3K39VBX77,"","Kiss of Death"
018NY6XC00VTM8YYK36VQ0A7HJ,"","Kiva Kush"
018NY6XC00VT26JZ7Y0NXA9QAS,"","Kiwanda Kush"
018NY6XC00VTJZAQ2QC7PN9JGR,"","Kiwi"
018NY6XC00VTZGVEYHVXDZ733K,"","Kiwi Kush"
018NY6XC00VT6N5Q25F54QB9TQ,"","Kiwiskunk"
018NY6XC00VTR0C7Y4YQ5Y82DJ,"","Kiwi Skunk"
018NY6XC00VTF2FFFAT0YX17B1,"","Kizzle"
018NY6XC00VTD5BKR5S9HRPHJC,"","KKSC"
018NY6XC00VTX6X6TE0ZPW6927,"","Klingonberry"
018NY6XC00VTW4T9Z7G4YKXDX0,"","Klitschkov"
018NY6XC00VTAQR9X4H139DJ39,"","Knightrider Kush"
018NY6XC00VTV709C6QBB0JW5M,"","KnightsBridge OG"
018NY6XC00VT3DM8QPYNEDR5J4,"","Knock Out"
018NY6XC00VTTTEEYAVKQAEM4T,"","Knockout Kush (KO Kush)"
018NY6XC00VTBMS0A661BGCSSC,"","Koala"
018NY6XC00VTNCJSC1C88Z34KA,"","Koala Kush"
018NY6XC00VTW2GVHBH2WP949A,"","Kobain Kush"
018NY6XC00VT8891783SY5J1RK,"","Kodiak Gold Thunderfuck"
018NY6XC00VT8MPA67VBHRCGBK,"","K.O Kush"
018NY6XC00VT0YNCZSNYZFBWSE,"","Kolinahr"
018NY6XC00VTGERQE1FHRJ6FMX,"","Kolossus"
018NY6XC00VTDK85ASQ0BDSHPK,"","Kona Bud"
018NY6XC00VTWBH7Q7Q9NAC1DQ,"","Kona Gold"
018NY6XC00VTJ1Q9FSFXWJP1BH,"","Kona Kush"
018NY6XC00VT8JSAMFAZM26M4C,"","Kona Sunset"
018NY6XC00VTG1JDXKCP8V8CD0,"","Kong"
018NY6XC00VTWXAQ4Q04SV7CYC,"","Kong Stomper"
018NY6XC00VT2T7DZ0NN38PHK0,"","Kong's Wife"
018NY6XC00VT003A5NJ1RYNQGK,"","Kookies"
018NY6XC00VTCB1FV3Y2RSTXQ7,"","Kool Aid Kush"
018NY6XC00VTJ0ZDCY9GFYG0FT,"","Kool-Aid Smile"
018NY6XC00VTATKKZRK04T7RG7,"","Kootenay Mountains Blueberry"
018NY6XC00VT5778KKPTANZPET,"","Korbu Kush"
018NY6XC00VTJ49Q6NP14V0ZDX,"","Korean Landrace"
018NY6XC00VTV96BNJE7Z7VRB9,"","Korman Kush"
018NY6XC00VT4HS8H054CGP26G,"","Kosher Alien"
018NY6XC00VTHTXQ8Z9V2YAAZ2,"","Kosher Blue"
018NY6XC00VTQ2RZ8DDAWDAEPZ,"","Kosher Dawg"
018NY6XC00VT47SF30HW7BD199,"","Kosher Kush"
018NY6XC00VT0KKXK29WGKN1RN,"","Kosher Tangie"
018NY6XC00VTJGHHGQAWD19V65,"","Koshoji GSC"
018NY6XC00VTAVC0GQ6FMNXGPQ,"","Kourtney Luv"
018NY6XC00VTZ71QDQT86YCJXY,"","Kracken"
018NY6XC00VTEFQ2Z51RZE3PJB,"","Krakatoa"
018NY6XC00VTM2F451AAP02XGA,"","Kraken"
018NY6XC00VTRPGD150Z0H301Y,"","Kraken Black Pepper"
018NY6XC00VTJ91QCFC9TKWJ69,"","Kranial Krush"
018NY6XC00VTE01VZW32TR91TH,"","Kratos"
018NY6XC00VTVMBBFQC8D84TES,"","Krazy Karol"
018NY6XC00VTV9W825JQESW5E7,"","Kremlin"
018NY6XC00VTM5R186T1F1NY6J,"","Krippleberry"
018NY6XC00VT616KDGYAV44CZ3,"","Kripple Roulette"
018NY6XC00VTFG408YWDB8W59X,"","Kripple Shock"
018NY6XC00VTSS48HPTV5AN37H,"","Krishna Kush"
018NY6XC00VTVZFMR1J61668JT,"","Kris Kringle"
018NY6XC00VT59TGGFTEF0KDRK,"","Kriss Kross"
018NY6XC00VT4ZQCXKNR2PWQBH,"","Krome White Triangle"
018NY6XC00VT4M4TEB5BYVC13Q,"","Krona"
018NY6XC00VTQ7D7FQH9TT8G69,"","Kronocaine"
018NY6XC00VTQDMHZA42FQN320,"","Krunk"
018NY6XC00VTK7Y76WYQS6ZRC3,"","Krx Michele's Gift"
018NY6XC00VTWFGYMXPWM6KK9N,"","Krypto Cookies"
018NY6XC00VTFWV26H113K200A,"","Kryptomania"
018NY6XC00VT07C0QRBPCG0YAN,"","Krypton"
018NY6XC00VTASXM4ZQA3C46BD,"","Kryptonite"
018NY6XC00VTR6TGD3NSNEQWNB,"","Kryptonite Blue"
018NY6XC00VTESDE1EXJJXNEHD,"","Kryptonite Bubblegum"
018NY6XC00VTRYW4S506H57XQF,"","Kryptonite OG"
018NY6XC00VTC58V3GPJT79QVN,"","Kryptonite OG #7"
018NY6XC00VTGX3SC0HJJEH5G5,"","Kryptonite (Trichome Tech)"
018NY6XC00VT9YY2RX7V6WA4WF,"","Krystalica"
018NY6XC00VTT61N7G1RP1DD7N,"","Krystallica"
018NY6XC00VTR7JAB9MFCBHHJP,"","KT Dawg"
018NY6XC00VTQRMPCBEGGK8MXQ,"","K Train"
018NY6XC00VTGSJP1AN78CX2YT,"","K-Train"
018NY6XC00VTWJJVQEWZ20QGNZ,"","K-Train (Woodhorse)"
018NY6XC00VT00N1KWWHQZ29X1,"","Kuato"
018NY6XC00VTXEK00PRVEXTG91,"","Kubbie Kush"
018NY6XC00VT07DCT5W2X3SANC,"","Kuchi"
018NY6XC00VT6896D4MH2X4DHQ,"","Kudra"
018NY6XC00VTZM72MKV9NHWAYW,"","Kult"
018NY6XC00VTN4WCREAXYC2EKN,"","Kundalini Kush"
018NY6XC00VTNY4B8DHCZ1DPV9,"","Kung Fu Master"
018NY6XC00VTG1S6SF1PH8P6T3,"","Kung Pow"
018NY6XC00VT8BD0TE33YZK961,"","Kurple Fantasy"
018NY6XC00VTM1M5GXYRCTK8E0,"","Kurple Guerilla"
018NY6XC00VTK0GRP6DXG7XKE0,"","Kush"
018NY6XC00VTT86C28AEQ5C9BF,"","Kushadelic"
018NY6XC00VTEFKBD1BN4HNM0T,"","Kushage"
018NY6XC00VT4RTG37KTXSZ1JN,"","Kushalope"
018NY6XC00VT2C152JCYXDJF0X,"","Kushashima"
018NY6XC00VTYBNECWWRDCT07G,"","Kusha T"
018NY6XC00VT7MQ1WH8NRWJP2M,"","Kush Berry"
018NY6XC00VT31MTB1017VMHQG,"","Kushberry (Blueberry Kush)"
018NY6XC00VT836V6VH31Q88WG,"","Kush Bomb"
018NY6XC00VTMGZ5JMZHM0BE26,"","Kush Cleaner"
018NY6XC00VT99ZXV76ZF51H58,"","Kush Co OG"
018NY6XC00VTATV9R853EXR5ED,"","Kush da God"
018NY6XC00VTZZREDBZJXT5T1E,"","KushDee"
018NY6XC00VT9QDR6DB58V64ZB,"","Kush Deisel"
018NY6XC00VTQ9R9HCE1RVH9DR,"","Kush Diesel"
018NY6XC00VTN3RFAV3WB2MCHW,"","Kush Dream"
018NY6XC00VTJBT0KC1DC78TYR,"","Kush Fantasy"
018NY6XC00VT8APVR1YW1EBKZ8,"","Kush-G"
018NY6XC00VTKJC32NYRS55CYX,"","Kush Haze"
018NY6XC00VTTHN9XDEYZWZB77,"","Kushical"
018NY6XC00VTC7MD6GADCJW8TP,"","Kushies"
018NY6XC00VTAYDFJT32Q3F8K0,"","Kush It"
018NY6XC00VTV4A1D7JVND1H29,"","Kush-It"
018NY6XC00VTCGWV7GHQK483D3,"","Kushman OG"
018NY6XC00VT91221NSZY6ATCZ,"","Kush Mountain Kronic"
018NY6XC00VT3ZGGYZ5TW4QTQ5,"","Kush-N-Cheese"
018NY6XC00VTNZCB3ETG0V2Z4T,"","Kush O Nesia"
018NY6XC00VT7T25EZJXV10A23,"","Kush Rise"
018NY6XC00VTK11WQG61DDYYW3,"","Kush Skunk"
018NY6XC00VTYZC2R3W2CJ113B,"","Kush (THC Seeds)"
018NY6XC00VTB6823MFJSWF1VK,"","Kush Wreck"
018NY6XC00VT0W5R5YSFVNMXXF,"","KushZilla"
018NY6XC00VTX1V9R7HX4E4FVB,"","Kwazulu"
018NY6XC00VTWQBHJ2C0S9HVB8,"","KWGS"
018NY6XC00VTW0WNADVTSPEF5V,"","Kwik Kali"
018NY6XC00VTE5F6DY7ZE68NSB,"","Kyle Kushmans Strawberry Cough"
018NY6XC00VTAW9KX5AHAYCQPV,"Indica","Kylix"
018NY6XC00VTEV3G07G8X3JCRD,"","L13"
018NY6XC00VTFGBJW8PJN8WGK2,"","L14"
018NY6XC00VT5MSCT4AEJ2DZX6,"","L2"
018NY6XC00VTDJ17CQSHCQBXW2,"","L3"
018NY6XC00VTJZ232WJ3HXAKCB,"","L4"
018NY6XC00VTF9311YHT43ACY1,"","LA Affair"
018NY6XC00VT1Z4247AAHN1A45,"","LA Affie"
018NY6XC00VTQFR6ZCCSCA8ENS,"","La Blanca"
018NY6XC00VT2GK2BKTBM3V8CA,"","La Blanca Gold"
018NY6XC00VT63EHMCKRRVP4ZB,"","LA Cannalope"
018NY6XC00VTMJE7PQ6GSSA6W5,"","L.A.Cheese"
018NY6XC00VTZ9BEE5Z42XQGC4,"","LA Cheese"
018NY6XC00VT14PFJCCD0Z9MG1,"","LA Chocolat"
018NY6XC00VTW38TRN1207D3DH,"","LA Confidential"
018NY6XC00VTCMW4FDEC3XGAYC,"","LA Confidential GAL5857"
018NY6XC00VT4WVXSRWJ2YYZV3,"","LA Confidential GAL5967"
018NY6XC00VTA0FHYAQ4DWMQHZ,"","LA Confidential GAL6091"
018NY6XC00VTKBBE9X5K0J4PB2,"","LA Cookies"
018NY6XC00VT5MWDK924NYF0FZ,"","Ladyburn 1974"
018NY6XC00VTG445TV6DY5YA0B,"","Lady Cane"
018NY6XC00VTQ0JT7YBKVTW1JN,"","Lady Cane F3"
018NY6XC00VT4GAASTM7T537MZ,"","Lady Durban"
018NY6XC00VT3BS17E760Z3Y17,"","Lady G"
018NY6XC00VT1WRN9YMEDJ60CX,"","Lady Lavenberry"
018NY6XC00VTC7NYVV53QCZVX0,"","Lady Liberty"
018NY6XC00VTM3YA3CBDXY2QH2,"","Lady Purple"
018NY6XC00VT18YN8MAFGDE2VP,"","Laffy Taffy"
018NY6XC00VT5MJQ5AR9DJ7PVC,"","LA Fighter"
018NY6XC00VTTHGW0TNKWNCZWH,"","L.A. Haze"
018NY6XC00VTWTP9VA1EARVW4F,"","LA Jack"
018NY6XC00VTD4Q61YGZMHHKZ4,"","Lake of Fire"
018NY6XC00VT3K8J6J3CYKSCT2,"","Lake of Fire (Plateau)"
018NY6XC00VTXZM2WTBG4QASRJ,"","L.A.K. Federal Reserve"
018NY6XC00VTC223R6906H2F36,"","LA Kookies"
018NY6XC00VT4E5P68F6PSHKET,"","Lakshimi"
018NY6XC00VTZXCSE8XE1XWKJX,"","LA Kush"
018NY6XC00VT1BCVVFCZQ54YHQ,"","La Mata"
018NY6XC00VTAZ5MQ9AYX1PGW9,"","Lambada"
018NY6XC00VT2A54Q1SM02KACQ,"","Lamb Bread"
018NY6XC00VT5NQG7KPTJ9QQYE,"","Lambo OG"
018NY6XC00VT9XT7BDA46F4RD7,"","Lambo (Rambo)"
018NY6XC00VTP2FG169A0TS205,"","Lamborghani"
018NY6XC00VT5V9GK6NYBJZK2K,"","Lamborghini"
018NY6XC00VTG1GSH3HAWFDEHH,"","Lambs Bread"
018NY6XC00VTD42D9BXKJQS0BE,"","Lambsbread Landrace"
018NY6XC00VTEV0768GE7MER8A,"","Lambsbread Skunk"
018NY6XC00VTRFJKWY4X8N1P0R,"","Lambsbread Sour Diesel"
018NY6XC00VTJSYQBZ6ZTSZGMA,"","Lamb's Breath"
018NY6XC00VTHKKGT5CQVYEKG9,"","Lamb's Haze"
018NY6XC00VTVN618RME5AQ6Q2,"","Land of Smiles"
018NY6XC00VT3S7VY0T4DAXTVJ,"","Lando's Stash"
018NY6XC00VT3PNQA1EZN8YAPF,"","Land Race Jamaican #1"
018NY6XC00VTFDY4Q1A80824SK,"","Landraces"
018NY6XC00VTKSRRGFHSB7AP87,"","Lands End"
018NY6XC00VTZP1VJ4EXJZE38S,"","La Nina"
018NY6XC00VTB3RAGP2YYECCMX,"","La Niña"
018NY6XC00VTWPWTBVEK94BAE4,"","LA OG"
018NY6XC00VT3J9PMTCR3YWW9A,"","Laos"
018NY6XC00VTX7RA5YWHKRNKZM,"","Laosian Landrace"
018NY6XC00VTS3WAS2AXJRRJXG,"","LA Park"
018NY6XC00VT3YG65QXW1815ZS,"","LAPC"
018NY6XC00VTDC0FE7MEHKCY8T,"","LAPD"
018NY6XC00VTWSFT8TXP5FJD11,"Hybrid","Lapis"
018NY6XC00VTS6GP01JWK324RC,"","Lapis Mountain Indica"
018NY6XC00VTAPNKX5FGYN45Z1,"","La Reunion"
018NY6XC00VTB6PCNWD5EWHR7P,"","Larry Bird Kush"
018NY6XC00VT6MDJGN15VX7ZT7,"","Larry OG"
018NY6XC00VTEF0M0EXN2825YS,"","Larry OG Cheese"
01E7BZKQNAT63V3TDR3GCBSMXH,"-unknown-","Larry OG Cheese x Pink Cadillac"
018NY6XC00VTPNGH96SM10WPZR,"","Larry OG (Guild)"
018NY6XC00VT2ZBH0FT4VHJEAJ,"","Larry OG Haze"
018NY6XC00VTN1B2SD2P1NTC5R,"","Larry OG Kush"
018NY6XC00VTBSX7QNQFHMZYPF,"","Larry OG Pineapple"
018NY6XC00VTHTTZGZ5RW5BPEK,"","Larry's Dream"
018NY6XC00VTX5R7FQ8FJ71F4B,"","Larry Smurf"
018NY6XC00VTQ9E8B01BYTQC3C,"","LA Scouts"
018NY6XC00VTV1Y28JZSHSZ8N9,"","Lashkar Gah"
018NY6XC00VT3H68AC88D17YG5,"","LA Soda"
018NY6XC00VTS62M4B988FAPEK,"","LA Sour Diesel"
018NY6XC00VTKV6PY9TX0XJRRB,"","Laspur Gold Pakistan"
018NY6XC00VT87RDPFB7XEQB0T,"","Lasqueti Haze"
018NY6XC00VTQVJ8G80ZT69356,"","Last Rites F1"
018NY6XC00VT13SKP3VTTH1NED,"","L.A. Sunshine"
018NY6XC00VTDYN7VHM850WV10,"","Las Vegas Bubba"
018NY6XC00VTSR1263PX5E93JP,"","Las Vegas Bubba Kush (L.V.B.K.)"
018NY6XC00VTKQ92FG07CNR9YP,"","Las Vegas Bubba Kush (LVBK)"
018NY6XC00VTRDJRMST60FBJPD,"","Las Vegas Lemon Skunk"
018NY6XC00VT5M3DZFRTP5PAPD,"","Las Vegas Purple Kush"
018NY6XC00VTBCA2444QBDWK51,"","Las Vegas Purple Kush BX"
018NY6XC00VTR98REEFYRXG9HA,"","Las Vegas Purple Kush (LVPK)"
018NY6XC00VT37P2D68EDMB433,"","LA Sweet"
018NY6XC00VTC53VABS0V1KDCM,"","Latin-Star_SBG"
018NY6XC00VTMHVDPZWQVWQE90,"","Laughing Buddha"
018NY6XC00VT5A26AN15NKYM8A,"","L.A. Ultra"
018NY6XC00VTV7GJQDP1A48TRN,"","LA Ultra"
018NY6XC00VT3JRREZ3Z6A1H4B,"","Laura Winslow"
018NY6XC00VTN52YSJDFJPWYSM,"","La Uva Loca"
018NY6XC00VTAMM2PMZJS7MP93,"","Lava"
018NY6XC00VTTNMBNBQV7KX26D,"","Lava Kush F1"
018NY6XC00VT4328VRHFM71G54,"","LA Valley OG"
018NY6XC00VTTRYV87JB19CBC4,"","Lavender"
018NY6XC00VT6GTS0Y7G2G2G40,"","Lavender Am. Core"
018NY6XC00VTA75HGFQN4JCQNX,"","Lavender Chunk"
018NY6XC00VT6D88ZVRDY9WS8Y,"","Lavender Cookies"
018NY6XC00VTHTS20NZTH1A73Z,"","Lavender Diesel"
018NY6XC00VT66PG2FNX99RYKY,"","Lavender Goo"
018NY6XC00VTW8VH0MRKC73D9B,"","Lavender Hash"
018NY6XC00VTA0AA727XR2MYMR,"","Lavender Haze"
018NY6XC00VTH37NMNCF0N4W0F,"","Lavender Jack"
018NY6XC00VTM6N9BM23VA8F4N,"","Lavender Jones"
018NY6XC00VTJQMGS1HYTX8AHY,"","Lavender Kush"
018NY6XC00VT655KJTB7BDYSCC,"","Lavender Mojito"
018NY6XC00VT8NFN3359RYMN0E,"","Lavender OG"
018NY6XC00VTWXHM9ZRKQRP4BJ,"","Lavender (Soma #10)"
018NY6XC00VT6RZ47K8Z007FDY,"","Lavender Trainwreck"
018NY6XC00VTJEDQ0QYRZZKDEF,"","Lavestan"
018NY6XC00VTDZPV4567HRVGEY,"","Lavish"
018NY6XC00VTVS9B69APERJKY2,"","Lavoo"
018NY6XC00VTH21N869BTVPTQN,"","LA Wifi"
018NY6XC00VTQHCSDNG5PMYF1V,"","LA Woman"
018NY6XC00VT44BSRWR26Y8G9M,"","Layla"
018NY6XC00VT1MY3SGMY2CJY5A,"","Lazy Eye"
018NY6XC00VT50TTXARB63J2A2,"","Lazy Train"
018NY6XC00VTTZT3T56MG9PSKP,"","LazyTrain"
018NY6XC00VT1FGP6YJET67YA0,"","L'Eagle Eagle"
018NY6XC00VTJKK7B08FDM1ZC3,"","Lebanese Blueberry"
018NY6XC00VTR3F9RFY1ZE45S8,"","Lebanese Hashplant"
018NY6XC00VTBPB01CXDD2NMY5,"","Lebanese Landrace"
018NY6XC00VTY5NSZQ7AAFXMP4,"","Lebanese Love Bomb"
018NY6XC00VTT10TV7J9MBBYTV,"","Lebanese Red"
018NY6XC00VTZZA9SW0RY0A0CW,"","Leda"
018NY6XC00VTBZJ5XCVJ1EAVZP,"","Leda's Web (CBD)"
018NY6XC00VT7ZR0Q3X1QJ8Z5Z,"","Leda Uno"
018NY6XC00VT7M002HS9QPXX28,"","Leela Bazooka"
018NY6XC00VTFM8T4VVB9N8A1V,"","Lee Roy"
018NY6XC00VT5AGRV79RK01FEB,"","Lee Roy OG"
018NY6XC00VTMQNR3BNYHGJX4W,"","Left Hook"
018NY6XC00VTQX9ZWF9K4KBGV3,"","Legalized OG"
018NY6XC00VTGBC1PY1ZGHBS0K,"","Legendary Lemon"
018NY6XC00VT8G3ZEYPXV66X7D,"","Legend of 91"
018NY6XC00VTHB1VDSKZTBWMY6,"","Legend OG"
018NY6XC00VTDX3PKW0T4QDZNY,"","Legends Ultimate Indica (LUI)"
018NY6XC00VT8YBND62AQZGSSD,"","Legion OG"
018NY6XC00VT9HN8RBQZCCXA6W,"","Legit Blueberry Headband"
018NY6XC00VTG4KFYC0XJDC2HT,"","LeGrape"
018NY6XC00VTJ151RW57GG5FCE,"","Leia OG"
018NY6XC00VT0SSHVZG5ZRWSVV,"","Leilani Chow"
018NY6XC00VTP9CQYQJAVYSQ7K,"","Le Kush"
018NY6XC00VT1KMZ0SZN2GAT62,"","Lem Chem"
018NY6XC00VTP55HWCZMRJQEN2,"","Lemendhaze"
018NY6XC00VTNAXWDV0JHAX554,"","Lemon 13"
018NY6XC00VTAGPE2H3JKHFFRC,"","LemonAde"
018NY6XC00VTY9V718TZ3YTPDS,"","Lemonade 2000"
018NY6XC00VTGW4JWNR3BQ4DJ2,"","Lemonade Haze"
018NY6XC00VT4H0ZAF2MDJ2F16,"","Lemonade (Lowlife)"
018NY6XC00VT111V4ES22ENKNN,"","Lemonade Terpenator"
018NY6XC00VTY1VG6P493NBTD4,"","Lemon AK"
018NY6XC00VTBSR923MK2VJ6ZH,"","Lemon Alien"
018NY6XC00VTRAN0NTH4RGTY12,"","Lemon Alien Dawg"
018NY6XC00VTN0CWJFDCFCBGVQ,"","Lemon Amnesia"
018NY6XC00VT5ZZNHBKBVST5EJ,"","Lemon Arsenal"
018NY6XC00VTFWF9MNEP0B85YB,"","Lemon Bananas"
018NY6XC00VT5KZN8QJ1T1H0J0,"","Lemonberry"
018NY6XC00VTBGNTA4H7QXQK5Y,"","LemonBerry (Natural Genetics)"
018NY6XC00VTEZ3X3EP7WD3V8F,"","Lemon Bomb"
018NY6XC00VTF5GSPCRA1NN3EH,"","LemonBreath"
018NY6XC00VTE95H3QC1434Q41,"","Lemon Bubba"
018NY6XC00VTDZ3Z0AH58DPA52,"","Lemon Bubble"
018NY6XC00VT78JPWXX48ZC13W,"","Lemon Bud"
018NY6XC00VTJT60BVQA5HTK8M,"","Lemon Burst"
018NY6XC00VTYG9Y94CPSC4WCY,"","Lemon Cake"
018NY6XC00VTFXGY118Z2BMZM3,"","Lemon Candy"
018NY6XC00VTJSP7TVX6PE8PMT,"","lemon Cannabull"
018NY6XC00VTZ3NR2QJYNKS9AH,"","Lemon CBD"
018NY6XC00VT0X1H0D97AZ3QE7,"","Lemon Cheesecake"
018NY6XC00VTJ9TYJMP0Z61KM0,"","Lemon Cheesecake Thai"
018NY6XC00VTZA14ZKZKW4EYPZ,"","Lemon Chem"
018NY6XC00VTP7TGP7AGBZENPC,"","Lemon Chemo"
018NY6XC00VT0TKJ9H5M23BF1W,"","Lemon Chiffon"
018NY6XC00VTMTGWQGNKJ30JD3,"","Lemon Chiffon Cake"
018NY6XC00VT3637E1KQB05Y5H,"","Lemon Chunk"
018NY6XC00VTRA2AR4C3JAKF4M,"","Lemon Cleaner OG"
018NY6XC00VTY5EQ8JJ74GV4GQ,"","Lemon Cookies"
018NY6XC00VT6484W230QGRBZP,"","Lemon Crack"
018NY6XC00VT23FHRK3D36K26D,"","Lemon Créme"
018NY6XC00VTDKE6182GC1AE5G,"","Lemon Crippler"
018NY6XC00VT4FQT9F4S7878MZ,"","Lemon Daddy"
018NY6XC00VTD4NCQBWPXT3C98,"","Lemon Dawg"
018NY6XC00VTN52ZZCZRKTERPF,"","Lemonder"
018NY6XC00VT6M0EKM09P7A2E1,"","Lemon Diamond"
018NY6XC00VTVVX7M6AQGKFH7J,"","Lemon Diesel"
018NY6XC00VTVZF8QBM199AZDX,"","Lemon Dream"
018NY6XC00VTEKJ0N5J4E2HZ53,"","Lemon Drop"
018NY6XC00VTGSD1A3YG28FJY6,"","Lemon Drop Haze"
018NY6XC00VT6V2J05HTGCQ9FF,"","Lemon Durban"
018NY6XC00VT7YV45FQYG3AJNW,"","Lemon Fire"
018NY6XC00VTB8MQA1X37GCMWN,"","Lemon Fire OG"
018NY6XC00VTQ06DE1BPZEWSDH,"","Lemon Freeze"
018NY6XC00VTJNW4942XFTJH0T,"","Lemon Fuel OG"
018NY6XC00VTRCAS437V0Q4YXK,"","Lemon Funk"
018NY6XC00VTFNZFYZ4ZQ2QSN3,"","Lemon Fuse"
018NY6XC00VTQPV26MATFTDRP6,"","Lemon G"
018NY6XC00VT1DBK1QMQGFPPYW,"","Lemon G-13"
018NY6XC00VTW1RTCABFN3WA4P,"","Lemon Garlic OG"
018NY6XC00VTPSEG341CZA9H1H,"","Lemon Glue"
018NY6XC00VTBYX93P755TJ43N,"","Lemon Goji OG"
018NY6XC00VT1NG91Z8K3W13HF,"","Lemon GPG Kush"
018NY6XC00VT6YXYM4BJ5E23QY,"","Lemongrass Thai (LG Thai)"
018NY6XC00VTAGKV31JMVJNH46,"","Lemon Grenade"
018NY6XC00VTAXFGGXPSBDAVHV,"","Lemon Guava"
018NY6XC00VT5B2VHQJ7JS504H,"","Lemon Guru"
018NY6XC00VT1XE6MNG84MEGGS,"","Lemon Hashplant"
018NY6XC00VTHD1DMPHSAZGB23,"","Lemon Haze"
018NY6XC00VTT9D2P8K16B3XQS,"","Lemonhead"
018NY6XC00VT5F0268PJABN42W,"","Lemonhead OG"
018NY6XC00VT5MHGWPQVHEB684,"","Lemon Ice"
018NY6XC00VTW85M72872DPPCD,"","Lemon Ice Pucker"
018NY6XC00VT23MPWP0G8KHAA2,"","Lemon Jack"
018NY6XC00VT4W5ABDFFF0PN0D,"","Lemon Jeffery"
018NY6XC00VTFZ0R802XB2BE46,"","Lemon Joy"
018NY6XC00VT1EAR94AAYZP8DD,"","Lemon Juice Express"
018NY6XC00VTK1KVWZS6GPQNTS,"","Lemon KK"
018NY6XC00VTT5986JCCEBH09C,"","Lemon Kryptonite"
018NY6XC00VT33JV62JPP3SVT9,"","Lemon Kush"
018NY6XC00VTHAAEN20PT87NJY,"","Lemon Larry"
018NY6XC00VTAWD4P0JR5YDN44,"","Lemon Larry Lavender"
018NY6XC00VTQG3Z02RHK6GS0N,"","Lemon Larry OGK"
018NY6XC00VTJAYR755MB9Q6WV,"","Lemon Lights"
018NY6XC00VTCHP4S8EG4TV9C6,"","Lemon Lime"
018NY6XC00VTN3V4XFAVNX563T,"","Lemon Lime Kush"
018NY6XC00VT30X1TERWW9F842,"","Lemon Lotus"
018NY6XC00VTKC5GE0R9BP2JVG,"","Lemon Malawi Wreck F1"
018NY6XC00VT5BX9FHE0SNC332,"","Lemon Mango OG"
018NY6XC00VTVRT9WWJFRC138T,"","Lemon Marmalade"
018NY6XC00VT758G0YZDC7D397,"","Lemon Maui"
018NY6XC00VTH24R0RZ7ST3N5F,"","Lemon Mazar"
018NY6XC00VT4RTEVF02V20PZV,"","Lemon Meringue"
018NY6XC00VTDJWRWQTBP0TG1V,"","Lemon Meringue #2"
018NY6XC00VTE7BQPYK0B2BVQA,"","Lemon Meringue OG"
018NY6XC00VT1XY3YR02S1T5QS,"","Lemon Merinque Pie"
018NY6XC00VTCG27A9K1NMS1AP,"","Lemon Nectar"
018NY6XC00VTHQ07FP0WRPEBS3,"","Lemon OG"
018NY6XC00VT1JXH5ZYDKQDZ8S,"","Lemon OG Haze"
018NY6XC00VTDVZVGYGHZ7KNC2,"","Lemon OG Kush"
018NY6XC00VT3ZHGVT7XZGBP4H,"","Lemon Ogre"
018NY6XC00VTJK785SW5HZ5VAN,"","Lemon OG XVII"
018NY6XC00VTGV56DVR0F16W6C,"","Lemon Penetration"
018NY6XC00VTDBN2R62RHMY5D3,"","Lemon Pie"
018NY6XC00VTFX00Q2GJF2GHFD,"","Lemon Pineapple"
018NY6XC00VTK9S0MFA7VKYHBW,"","Lemon Pledge"
018NY6XC00VTWWT1MCDD58K9YV,"","Lemon Puff"
018NY6XC00VTQGZZ29T097DBRE,"","Lemon Remedy"
018NY6XC00VT09AG75378GG645,"","Lemon Reserve"
018NY6XC00VTRHB55PDJ2F81KC,"","Lemon Sativa"
018NY6XC00VT9VHXZ4DQH9MC9R,"","Lemon Sativa Candy"
018NY6XC00VTYT0B7HQ27A0YDN,"","Lemon Shark"
018NY6XC00VTQ784796D1TQ5T1,"","Lemon Sherbert"
018NY6XC00VTGYSC2JM08NDWH7,"","Lemon Skunk"
018NY6XC00VTKY58GK0GX8F2TP,"","Lemon Skunk B"
018NY6XC00VTSRTCPJFNA9BSK0,"","Lemon Skunk (DNA)"
018NY6XC00VTZFWZPDMCSX7VRM,"","Lemon Skunk (Green House)"
018NY6XC00VT0771VK5KSQTETH,"","Lemon Sour Diesel"
018NY6XC00VTDYH0JPAN4G2MFT,"","Lemon Star"
018NY6XC00VTW3QJ97A4GFW8K9,"","Lemon Stinky"
018NY6XC00VTZEB8B1ZNBEQB8H,"","Lemon Stinky F2"
018NY6XC00VT0PBFQRR286EEYW,"","Lemon Stomper"
018NY6XC00VTV3EN0X8K16PY1Q,"","Lemon Stomper (Hazeman)"
018NY6XC00VT619DZ4REEF8AN2,"","Lemon Swiss"
018NY6XC00VTGCBKY7YNDFZG3H,"","Le Montage"
018NY6XC00VT3V7WAMQJFFBPR4,"","Lemon Thai"
018NY6XC00VT0FJ8FZT9378KG3,"","Lemon Thai (Fusion Seeds)"
018NY6XC00VTXJZ6F096X6CHY2,"","Lemon Thai Kush"
018NY6XC00VT9VKP80NFRNKGYX,"","Lemon Trainwreck"
018NY6XC00VT0GE1BBS0DRQ5B7,"","Lemon Tree"
018NY6XC00VT6J9PWSWJ24AEJ2,"","Lemon Twizzler"
018NY6XC00VTND0VMW21CRTV8Z,"","Lemon Venom"
018NY6XC00VT6ST75DFTENZYGZ,"","Lemon Vortex"
018NY6XC00VT9FP446ZTX17XFZ,"","Lemon Walker"
018NY6XC00VT7HXRMPW70EBVG5,"","Lemon Walker OG"
018NY6XC00VTS5JP8YSH5SWXTG,"","Lemon Wheel"
018NY6XC00VT1GV4XHQXJE6YYC,"","Lemon Wreck"
018NY6XC00VTSSFEG4WQXAVYC4,"","Lemon Yum Yum"
018NY6XC00VTBVPQNN8PBTBAPY,"","Lemon Zest"
018NY6XC00VT183TJH7PFN1XZA,"","Lemon Zinger"
018NY6XC00VT6Y9SQYXBQ6KM80,"","Lennon"
018NY6XC00VTQAQ81S132620Z1,"","Leonidas"
018NY6XC00VT3RBTMRYACN11RP,"","Leopard Kush"
018NY6XC00VTE632JHEV4XWCBB,"","Leshaze"
018NY6XC00VTZT81APXT2846XG,"","Leshoto"
018NY6XC00VT777Z2A6FP18NE1,"","Le Silver Royale"
018NY6XC00VTA310YGSQ1VV7RY,"","Lesotho"
018NY6XC00VT0A9TD8MGG2EGAK,"","Lethal Purple"
018NY6XC00VTQKS7D857TSTNH4,"Sativa","Lexikan"
018NY6XC00VTKASAQQ4BB22B0E,"","Liams Dream"
018NY6XC00VT2331PZFN75YG4D,"","Libano Red"
018NY6XC00VTATPENQCG4E0H67,"","Liberty Haze"
018NY6XC00VT3KB4XBT8JXB4E4,"","Licorice"
018NY6XC00VTG12RCKV62YYGVH,"","Licorice Kush"
018NY6XC00VTYQ7MYRQPSSFC8R,"","Licorice Orange Crush"
018NY6XC00VTQ00H2CQ540XWCW,"","Lieu Hanh"
018NY6XC00VTM7YXTT428TQ44Z,"","Lieu Hanh 99"
018NY6XC00VT6NDKB1P986Q0QW,"","Life is Good"
018NY6XC00VTQTRCBG6RRZG3PX,"","Life Preserver"
018NY6XC00VTTR1VWBSCQSZS9A,"","Lifesaver"
018NY6XC00VT2FFAE8G8CA37FT,"","Life Saver"
018NY6XC00VT6M0ME6MY2XY63Y,"","Life Star"
018NY6XC00VTTY6Z17YPPJPG5R,"","Life Star BX1"
018NY6XC00VT37PXN0JBF4V6YN,"","Light Of Jah"
018NY6XC00VTBPCJQNHYXVKKFS,"","Light Saber"
018NY6XC00VTH283NHMSZVT3WM,"","Lightstorm"
018NY6XC00VTF5DRXT928Y8B3N,"","Light Walker OG"
018NY6XC00VT8PZWXNDK85BE6T,"","Lilac City"
018NY6XC00VTJAS2C1484Y2YD6,"","Lilac Jack"
018NY6XC00VTD2FGKZ52TGCYEG,"","Lil Afghani"
018NY6XC00VTRX9JEP7569B6BG,"Indica","Lilavex"
018NY6XC00VT5052JDW1WK62KK,"","Lilly CBD"
018NY6XC00VTK6XTPTR9J4BTJE,"","Lilly (Guild)"
018NY6XC00VT6CGNG7A7J88QSP,"","Lilly (Pina Colada)"
018NY6XC00VT91TK3E7BFVBJFC,"","Lil Sebastian"
018NY6XC00VTS5GMDY5DXP9AZ2,"","Lily-1"
018NY6XC00VT7DC7GWVTBYZ5NM,"","Lily-2"
018NY6XC00VTYKRCV76NC759WQ,"","Lily Koi"
018NY6XC00VTHPY7NPF3RPR1NY,"","Lime"
018NY6XC00VTWPPXWPNNKTWPJY,"","Lime Chemo"
018NY6XC00VTZ08KDHAEFR5F2R,"","Lime Chernobyl"
018NY6XC00VT5PMPXV2DW0DNCA,"","Limegerian"
018NY6XC00VTT51T6TBT9HK56G,"","Lime Green Skunk"
018NY6XC00VT8MABN6FPQDBJED,"","Lime Haze"
018NY6XC00VT2YFHAAXE323N99,"","Lime Kush"
018NY6XC00VTQEFVCVF62EDARB,"","Limelight"
018NY6XC00VTSSWP3ERW6Y01KP,"","Lime Purple Mist"
018NY6XC00VT2753KQ24D6DQEM,"","Lime Skunk"
018NY6XC00VT8Z57H23C7AYCS6,"","Lime Sorbet"
018NY6XC00VT7KFH4GM13PR8BV,"","Lime-Warp"
018NY6XC00VTN8AW7RXHVKB6XN,"","Limey Monster"
018NY6XC00VTFY6SHADJQTDNVS,"","Limon"
018NY6XC00VTZ4GC9AZCAZKXBZ,"","Limoncello"
018NY6XC00VT4JZ3JDCTJXDHRT,"Sativa","Limone"
018NY6XC00VTNRE59NVSMFZ2CQ,"","Limon Verde"
018NY6XC00VTMB85Q8D6FSGDSN,"","LINE 43/178 Romania"
018NY6XC00VT4A5KC73AW5SYJY,"","Lion Fire"
018NY6XC00VTK2ZWEYHTG294AX,"","Lionheart"
018NY6XC00VTGGJFB8H3WWGG7P,"","Lion of Judah"
018NY6XC00VTD9XZ0D5W5PHPSW,"","Lion OG"
018NY6XC00VT8CGKM02KA5DCTT,"","Lions Gate"
018NY6XC00VTX7Z3P3WMP1C29F,"","Lion's Milk"
018NY6XC00VTH2WN0C9H0S8XR6,"","Lion's OM"
018NY6XC00VTN4V1PRMVZY0X81,"","Lion's Omrita"
018NY6XC00VTQ7K9DSCB3VGGNR,"","Lion’s Qubit"
018NY6XC00VTY31KT2Z26VM2AE,"","Lions Tabernacle"
018NY6XC00VT46XHJKK92SQASE,"","Liquid Butter"
018NY6XC00VTBVN9GAF9T6G7DF,"","Liquid Frost"
018NY6XC00VTZ90JSKQV9V8VGZ,"","Liquid Kush"
018NY6XC00VTZF8NPQ0GS788G1,"","Liquid Louie"
018NY6XC00VTZ2XQSYGQRDV4P6,"","Lithium OG"
018NY6XC00VT0DGWPMDWDF55CE,"","Little Angel"
018NY6XC00VTT9CJEJWRTZ8J0A,"","Little Devil"
018NY6XC00VT9B3N9FJZAA2DNP,"","Little Dragon"
018NY6XC00VTK80JPMHH91QPY4,"","Little Green Gem"
018NY6XC00VT1MEW2KJ9WCV3FX,"","Little Red Ryder Hood"
018NY6XC00VTF4TBVCZTE0J6Y6,"","Livity"
018NY6XC00VTKFAC8SJ2TK73JN,"","Lizard King OG"
018NY6XC00VTP7422WYNYS6GW2,"","L.O.B. OG"
018NY6XC00VTS2ZABH14BYSAB2,"","Lobster Butter"
018NY6XC00VTF3HPC6AAFBVA8C,"","Lobster Kush"
018NY6XC00VT1RSJ93YXKYMPWE,"","Local Purple Sativa (LPS)"
018NY6XC00VT8BK7FX20KM1Q0E,"","Lock Tight"
018NY6XC00VTNJBZM0J59J7DS8,"","Locktite"
018NY6XC00VTQQ07NXYQJ4F578,"","Locomotion"
018NY6XC00VT7AZ1XJSZRQK2G6,"","Loco Motive"
018NY6XC00VT82Z2EGE91GPTMS,"","Lodi Dodi"
018NY6XC00VT8BY7H9B4F71BJM,"","Loganberry Whistlestop"
018NY6XC00VTF98A4K0WMH927C,"","Logic Diesel"
018NY6XC00VT8W7WN1DQ0CZ8KN,"","Lois Lane"
018NY6XC00VTE7QC2K4CNRBQNM,"","Lola Lane"
018NY6XC00VTDDV831PCHCQQ3D,"","Lolly"
018NY6XC00VT3S3P8YPNME20E2,"","Lollypop"
018NY6XC00VTVMZPKP1CBJZ52G,"","London City Diesel"
018NY6XC00VTSRG6P6SFGXXRRH,"","London Fog"
018NY6XC00VTZND2VRP0MPBTA0,"","Lone Range"
018NY6XC00VTEMQN700SX0TM6A,"","Lone Starr"
018NY6XC00VT3TQ82RJSWT2B1E,"","Longberry Whistlestop"
018NY6XC00VTXSDXBMFEE1X4EA,"","Longboard"
018NY6XC00VT1KWGQMS61RGFTX,"","Longbottom Leaf"
018NY6XC00VTR5AF05FQ8843ZY,"","Long Haze"
018NY6XC00VTZ8NVG67F590SB7,"","Long Island Old School (L.I.O.S.)"
018NY6XC00VTZ02D6BYHXCHBPA,"","Long John Silver"
018NY6XC00VT9VC2NYR2JVP2VB,"","Long Peak Blue"
018NY6XC00VTWDA2HZ4E9VHB7D,"","Long-Valley Royal Kush"
018NY6XC00VT964CTMS37N1VDX,"","Long-Valley Secret Sauce"
018NY6XC00VTT3KB20R2422E75,"Indica","Loolica"
018NY6XC00VTM4K8T9ZH34P0AV,"","Loompa's Underdog Headband"
018NY6XC00VTRD61DPYHSF3CNF,"","Loopy Fruit"
018NY6XC00VT5BTNXG5HB248QQ,"Sativa","Loragen"
018NY6XC00VTAX91MPYRG791HV,"","Lord Humungus"
018NY6XC00VTY8HJ4F18Y6XPCF,"","Lord Licorice"
018NY6XC00VTYC2R0BBDNB49VW,"","Lost Coast Hashplant"
018NY6XC00VTQCNQRCHEETEM30,"","Lost Coast OG"
018NY6XC00VT2GM2EV0W3H41AV,"","Lost Creek"
018NY6XC00VTYGDSJGG1KTND4P,"","Lost in Space"
018NY6XC00VT0TVRSE9BRWGGHJ,"","Lost In Space (SpaceAged Genetics)"
018NY6XC00VT0J3GJ7MWXBTSZH,"","Lost in Time"
018NY6XC00VTGRF8402T2B8SMS,"","Lost Moon"
018NY6XC00VTW6Q6E9ZSEVZE09,"","Lost Sierra Night Nurse"
018NY6XC00VT8N4YQ4531GFXHP,"","Lost Soul"
018NY6XC00VT9SH2A6QBJN98QH,"","Lotus Larry"
018NY6XC00VTT69M8HSKD72R3D,"","Loud"
018NY6XC00VTV0QPGENQCNXJ5R,"","Loud Dream"
018NY6XC00VTGH9P3XCKKTYNJ5,"","Loud Hawaiian Punch"
018NY6XC00VTB8NXJX3Q145AR2,"","Loud Lemonade"
018NY6XC00VTJ6QEDZGSH46ET5,"","Loud Mouth"
018NY6XC00VTTG4VKT9EW1FKR9,"","Loud OG"
018NY6XC00VTJCN70W71WJGQW6,"","Loud Passenger"
018NY6XC00VT1FJ3HYRPZZ2W6V,"","Loud Pvck"
018NY6XC00VTDP4BR10JKJQ0BY,"","Loud Scout"
018NY6XC00VTZ42G7S0Z2SN627,"","Louie 13"
018NY6XC00VT0BQABC0W8XV7K3,"","Louis 13th OG Kush"
018NY6XC00VT9PNPJ2EDDEX2T8,"","Louisiana Swamp Moss"
018NY6XC00VTFGGFRC3AA8RJ9R,"","Louis OG"
018NY6XC00VTB05ZAS8KZSC973,"","Louis Vuitton OG"
018NY6XC00VT72EDX909Q1JR4J,"","Louis XIII"
018NY6XC00VT9VK6BMBGNSGRG9,"","Louis XIII OG"
018NY6XC00VTR67VMBFT6QQ0S8,"","Lou's Legacy"
018NY6XC00VTFV9ZJ0B41PRAK2,"","Love"
018NY6XC00VTYF1AMT40T1S1MZ,"","Love Berry"
018NY6XC00VT8F2ZZJP6G10GJ9,"","Love Boat"
018NY6XC00VTNF23X1DS35R3RG,"","Love Cheese"
018NY6XC00VTVEA688T92HM6RZ,"","Love Dawg"
018NY6XC00VTKXJ02VPZ26SEF7,"","Love Fist"
018NY6XC00VTJDZ0V52YS8DX6P,"","Lovelace"
018NY6XC00VT6SRKBHYK95S2WS,"","Love Lettuce"
018NY6XC00VT10WJKXCY200F4P,"","LOVE 'N HOPE"
018NY6XC00VTRM8NKBZCQ59ZE3,"","Love Potion #1"
018NY6XC00VTG8V5ZRNQ8YYVNR,"","Love Potion #2"
018NY6XC00VT4CND6CHDC5JBRD,"","Love Potion #5"
018NY6XC00VTHGCY1GSKNHV7TM,"","Love Potion #9"
018NY6XC00VTCBMKN93YA27V8W,"","Love Sic #1 (Lemon-Aid)"
018NY6XC00VTH1KFAMKGB5Z646,"","Love Triangle"
018NY6XC00VTSEXTSAMR31SBX5,"","Lovin' Cup"
018NY6XC00VTZGSVZXCQF9T6C6,"","Lovrin"
018NY6XC00VT251X853BYPX1XG,"","LowBerry"
018NY6XC00VTGY8JK7H503K0X1,"","Lowland Afghani"
018NY6XC00VTPNNE3E6XATRQHS,"","LowMaster"
018NY6XC00VTPQDE5XQ3N7A53C,"","Low P.t."
018NY6XC00VT3281BH92GNEMGM,"","Lowryder"
018NY6XC00VT728S4FEXV5MC8A,"","Lowryder #2"
018NY6XC00VT62164MJDZAVKYG,"","Lowryder Mint"
018NY6XC00VTZ3FFYKBGHF74PF,"","Loyalty"
018NY6XC00VTJPTFA96RBJVR22,"","LSD"
018NY6XC00VTPDPY7E0F2Y3V7K,"","L.S.D. (BOG Seeds)"
018NY6XC00VTHZ9R7FTJF15WFZ,"","LSD OG"
018NY6XC00VT8S7E3NC09CT052,"","Luang Prabang Lao Sativa"
018NY6XC00VTTZR9T91CJNA47C,"","Luca Brasi"
018NY6XC00VTQ3K126FHYMAZM3,"","Lucid Bolt"
018NY6XC00VTFDQA4WG4G9QZ8X,"","Lucid Dream"
018NY6XC00VTBYMRV99EB6DZNH,"","Lucid Ripper"
018NY6XC00VTQYR6WK1KCD5JQN,"","Lucifer OG"
018NY6XC00VTM1NQ58EB28ZQP7,"","Lucky 13"
018NY6XC00VT94QMWCX5T0Y4ZV,"","Lucky Charms"
018NY6XC00VTV13M2GNF6560AD,"","Lucky Kush"
018NY6XC00VT4JN9KZ1GEXHW1S,"","Lucky Number Seven (Sleven)"
018NY6XC00VTDME9ENVBWW4637,"","Lucky Seven"
018NY6XC00VT37H9S1Y1DHVK2G,"","Lucy"
018NY6XC00VTQXS5Y84TJPPF8C,"","Lucy's Lion"
018NY6XC00VTCP5R5AM1E4GSH6,"","Lucy Smokes"
018NY6XC00VT6WVK2XVE0SPN9D,"","Lukas"
018NY6XC00VTQZK1DA0XV9E78M,"","Lukrezia Borgia"
018NY6XC00VTR5YH86KAP2V5KS,"","Lulu"
018NY6XC00VTG4T3HYVE1VV5JD,"","Lumbo Tech"
018NY6XC00VT4XDQTF97MJVHRD,"","Luna"
018NY6XC00VTMYV1KKATDSZCKH,"Indica","Lunacept"
018NY6XC00VTCJ245QQ0Y9C7Y5,"Sativa","Lunadiene"
018NY6XC00VTG5KK45K3QB5YNZ,"","Luna Kush F1"
018NY6XC00VTNK58600YK16NME,"","Lunar Cheese"
018NY6XC00VTD0QRZRSCY93JRF,"","Lunar OG"
018NY6XC00VT4RRBWSEH4V4NMD,"","Luv Muffin"
018NY6XC00VT74QTZC2HB4WV16,"Indica","Luvsica"
018NY6XC00VTHPBR6GZRSJQ9ND,"","LVPK"
018NY6XC00VT2B7PKZ94YGCR8V,"","Lychee Kush"
018NY6XC00VT31HXGMWDYQP9BH,"Indica","Lyndallane"
018NY6XC00VT4QCEFRQ3668WJQ,"","M-1"
018NY6XC00VTZC87G0NPMSVZJX,"","M3"
018NY6XC00VTFTSE77Z0508R5R,"","M-39"
018NY6XC00VTA5T72P98XGGV1H,"","M39 (M-39)"
018NY6XC00VTJG5N61MK0ZC9R7,"","M 7"
018NY6XC00VT7RCNVTAWETE18D,"","M-80"
018NY6XC00VTPZ70FETXEF0Q9C,"","M-80 Cherry Bomb"
018NY6XC00VTFTH7EMVYXW4P0J,"","Mable"
018NY6XC00VTA089XGQJ9RS61H,"","Mabombe"
018NY6XC00VTJNM5Y70008QJZJ,"","Mac Daddy"
018NY6XC00VTEBJXFSTS2R63VT,"","Mace Windu"
018NY6XC00VT2P80EF8BAS9CCV,"","Machacar"
018NY6XC00VT3NFN1M72WX0AXD,"","Mach Fly"
018NY6XC00VTZKRDKXHWE8F25D,"","Machine gun"
018NY6XC00VT3JE8JXB4CJ97VM,"","Mack Da Knife OGK"
018NY6XC00VTPQPQJ06PXVS1X0,"","Mack Town Diesel"
018NY6XC00VT5K1AWNHNNBGZED,"","Mack Truck"
018NY6XC00VTCJ8MCMBMK0TDBN,"","Madagascar"
018NY6XC00VTTKD6YHQQ6TWFNX,"","Madame Poison"
018NY6XC00VTAWKR598V34SEZQ,"","Madcow"
018NY6XC00VT6JVN3RXBC8J29C,"","Mad Dawg"
018NY6XC00VTYYT6X35NJJGVVM,"","Madhatter"
018NY6XC00VTTK26REF9Q5ACGY,"","Madman"
018NY6XC00VTZVQQA8006YBT2S,"","Madman OG"
018NY6XC00VTREA6NW0HVXG9VD,"","Mad Max"
018NY6XC00VTNVZ0AYDE3Y9981,"","Madness"
018NY6XC00VTE17A089ZSX4989,"","Madonna"
018NY6XC00VTN8RE1V3Y8G3RB7,"","Mad Scientist"
018NY6XC00VTJ4SM55FWNKG7T5,"","Madzilla"
018NY6XC00VTEJGNJGCY8WSJE3,"","Magic Beans OG"
018NY6XC00VT4NW5JT8SD0GQ53,"","Magic Bud"
018NY6XC00VTHSWPJWGFBA50RB,"","Magic Carpet Ride"
018NY6XC00VTFF3RAPGJV5C9V5,"","Magic Crystal"
018NY6XC00VTJHVM6RGNV28N7G,"","Magic Dragon"
018NY6XC00VTPXWZMPQ7KF0KAR,"","Magic Fire"
018NY6XC00VTWF5GH1R0PXX51H,"","Magic Jordan"
018NY6XC00VTC6EWNEBEEC22CX,"","Magic Kush"
018NY6XC00VTMG8JQX6FV0NDQ1,"","Magic Mamma"
018NY6XC00VTAN9C1H0BY4PYBT,"","Magic Mango"
018NY6XC00VTA85XY4AEHR65Z1,"","Magic Merlin"
018NY6XC00VT78J0QNKK3Z6D76,"","Magic Power"
018NY6XC00VTFQFQR4VDP6FW66,"","Magic Purple Dog"
018NY6XC00VT2B4TDW68X81Q4E,"","Magic Star"
018NY6XC00VTQHPZ7CFMFMJSTX,"","Magilla Gorilla"
018NY6XC00VT46X24FT3ERRN60,"","Magnificent Mile"
018NY6XC00VT7BCP99A42HDN6V,"","Magnum"
018NY6XC00VTD76YKFWNMAJ23V,"","Magnum (Buddha Seeds)"
018NY6XC00VT432P0ZKWXY167Z,"","Magnum OG"
018NY6XC00VTRNFWV799F9V6Q7,"","Magnum PI"
018NY6XC00VT5J19ND7C31KKNM,"","Magnum Platinum Haze"
018NY6XC00VT02BYCHXX0ZKT9H,"","Mahayana"
018NY6XC00VTCQDDJKBNV5NG9W,"","Mail Order Bride"
018NY6XC00VT7NCQP6XPHCHWQ7,"","Mainline OG"
018NY6XC00VTVXQNEWYZTHTE6H,"","Mai Tai Cookies"
018NY6XC00VT6AWRCB85FP08H2,"","Mai Thai"
018NY6XC00VTN6EWZ9X02TP5WA,"","Majestic 12"
018NY6XC00VTVS5SAEF6TVDD1B,"","Major League Bud"
018NY6XC00VTE75XPMKG0679YG,"","Makana Moon"
018NY6XC00VTSGM9FZRAHDX3H8,"","Mako Haze"
018NY6XC00VTMH0B6KNYRP53ZF,"","Mako Shark"
018NY6XC00VT2S9069HRN4HZ9C,"","Malaki"
018NY6XC00VT5BYWGEFRKDSCTR,"","Malakoff"
018NY6XC00VTNRB8WSF9K2GPNB,"","Malana"
018NY6XC00VTZWPRKSM8NRK4XX,"","Malana Bomb"
018NY6XC00VT39SGQ0GKVXCFNA,"","Malanje Local 90's Liamba Angola"
018NY6XC00VTYP6VGJDD3Y50NQ,"","Malawi"
018NY6XC00VTKQ0N7BYJDFW5CS,"","Malawi 99"
018NY6XC00VTVHY411S8D3F5JX,"","Malawi Black"
018NY6XC00VTB8B2Z6RAVYT335,"","Malawi GAL5909"
018NY6XC00VTTAYYC2NJ9WKXZJ,"","Malawi GAL6310"
018NY6XC00VTF915Y8AR7QEEZH,"","Malawi GAL6420"
018NY6XC00VTE9K5P41H53WJPD,"","Malawi GAL6423"
018NY6XC00VTT38RG231PWC603,"","Malawi Gold"
018NY6XC00VTWZ386TNB6J7SJE,"","Malawi Landrace"
018NY6XC00VTWBSPWS7HV3SMWD,"","Malawi Mini"
01E7C1WZ0BNWDZJVN8FTRFEWP5,"-unknown-","Malawi/NL/Haze x Memory Loss"
018NY6XC00VTP4961Y6DF4T09Q,"","Malawi Phaze F1"
018NY6XC00VTW4563A9R2B5Y5Z,"","MalawiTrip F1"
018NY6XC00VTM33B0BHQC0RPSS,"","Malberino"
018NY6XC00VTZ1TNZ2CTM2G1KM,"","Malberry"
018NY6XC00VT1FFJZQKH9JCD91,"","Malberry F1"
018NY6XC00VT0GK4Q5Q3HH6JCB,"","Maleficent Conspiracy Kush #2"
018NY6XC00VTE8G0RYD67D4AVT,"","Malia"
018NY6XC00VT9N50Z2ZBJBZJZK,"","Malibu"
018NY6XC00VTPQA7ANAQN07987,"","Malonica"
018NY6XC00VTECQNRX0XARAHV4,"","Mal'Sp"
018NY6XC00VTZ8PE1ET6XXQRM5,"","Mama Mia"
018NY6XC00VTBZKXNWTC26X7VD,"","Mama Thai"
018NY6XC00VTA1QGPT77G00MZR,"","Mamba"
01E7BXB7HPFQN4890RABWDQ9QD,"-unknown-","Mamba Negra"
018NY6XC00VT3W37QK7SGBCJ14,"","Mammoth"
018NY6XC00VTFZMHYEM7ETGM9Q,"","Mana Cake"
018NY6XC00VTHJXK54MV584YA2,"","Manali"
018NY6XC00VTR19XYZBFKGXRXR,"","Mandala #1"
018NY6XC00VTADK40N37R0AD3E,"","Mandala Kush"
018NY6XC00VTMPJWEK3HM4XVAF,"","Mandarina"
018NY6XC00VTZNE8Q8SC1WY14Y,"","Mandarina Kush"
018NY6XC00VT2V6AAMMWQ59GRN,"","Mandarin Kush"
018NY6XC00VTTG8W5Q63Q99QY3,"","Mandarin Mints"
018NY6XC00VTSTYVY4HCEYT128,"","Mandarin OG"
018NY6XC00VTVVG6M8Q6K30YCG,"","Mandarin Punch"
018NY6XC00VTJEYS9AA5EJMSCX,"","Mandarin Sunset"
018NY6XC00VT4C8YS14CC5SJZE,"Indica","Mandrica"
018NY6XC00VTMG2Q71N1X5YDM1,"","Mandy Purple"
018NY6XC00VTQVKQER6TQA9HR4,"","Mandy's Dream"
018NY6XC00VTTN7HZQBQEQMNS8,"","Manga Rosa"
018NY6XC00VT5T0KBN5R2YYCCX,"","Mango"
018NY6XC00VTX21PETXB11W35D,"","Mango #2"
018NY6XC00VTE5WF06P5C133NB,"","Mango Berry"
018NY6XC00VTKZ0JN7Q790SR76,"","Mangobiche Colombia GAL6237"
018NY6XC00VT060RZ2RRENT1GP,"","Mangobiche Colombia GAL6238"
018NY6XC00VTZRQX48V1TM0M7B,"","Mango Candy Kush"
018NY6XC00VTT5RRK3B7TAXJH2,"","Mango Cheese Quake"
018NY6XC00VT97DZSR1C50ZCWC,"","Mango Chem"
018NY6XC00VT6ZX5477RHHWKV4,"","Mango Chutney"
018NY6XC00VTPCNYS57CKP8XJB,"","Mango Cookies"
018NY6XC00VTHDRJET9TFCR5A7,"","Mango Crack"
018NY6XC00VTW6GES16Y500BS7,"","Mango Diesel"
018NY6XC00VT7XMW5HAYKSH3NV,"","Mango Dream"
018NY6XC00VTW13RX1DGFH7QR9,"","Mango Genius"
018NY6XC00VTC8N48W93C58VQT,"","Mango G.S.C."
018NY6XC00VT137EA5WPTK415B,"","Mango Habanero"
018NY6XC00VTARZP25VCVZR939,"","Mango Haze"
018NY6XC00VTKHD7AHPQAWXE6Q,"","Mango Jack"
018NY6XC00VTGW510E2XSV2Y0Q,"","Mango Kush"
018NY6XC00VTKX257HF8PR51VB,"","Mango Lemon OG"
018NY6XC00VTM8VKD6SQXWS0BC,"","Mangolian Indica"
018NY6XC00VTGZ6B1YZC95WFHJ,"","Mangolicious"
018NY6XC00VTTSKJVG01EFRNZZ,"","Mango Mac"
018NY6XC00VTZ3GHEZ1RXXKT15,"","Mango Puff"
018NY6XC00VTH5G58NMVS4E5NK,"","Mango Punch"
018NY6XC00VTYJ6VTE09NSGZ1T,"","Mango Sapphire"
018NY6XC00VT3FK014S3MPC8H1,"","Mango Surfer"
018NY6XC00VTZZK74KG9N5HXV5,"","Mango Tango"
018NY6XC00VTG5ESDWNG3GE1CN,"","Mango Trainwreck"
018NY6XC00VTJG81KRB4VF0AX5,"","Mango Vermelho"
018NY6XC00VTCV30H2S3F3T83G,"","Mango Wreck"
01E7BXQME51B6GW401YJE9N6E1,"-unknown-","Mango x Grape Ape"
018NY6XC00VTF25G8MYJ34SKC3,"","Mango Zamal"
018NY6XC00VT9BZ51Z3ARA3QV5,"","Mang Thai Doo"
018NY6XC00VTEVZV80T46ED83N,"","Manhiole"
018NY6XC00VT680707RR5JBJT6,"","Manic"
018NY6XC00VT7DQHW4TMABF8BQ,"","Manila Filipino"
018NY6XC00VTFNMM9EDFKDM9CC,"","Maninblack"
018NY6XC00VTDCBJVPAFVJ9FKH,"","Manitoba Madness"
018NY6XC00VT0YBYW24446JWKF,"","Manitoba Poison"
018NY6XC00VT5EN2DG85ZQ59SG,"","Manna"
018NY6XC00VTZ4EBP1AHFS0YKA,"","Manolito 1"
018NY6XC00VTM20P0B9ZKNGZ0X,"","Mantis"
018NY6XC00VT157KZ7X9JGXHMN,"","Maple Leaf Indica"
018NY6XC00VTRMREN9GKDMW1GV,"","Maples"
018NY6XC00VTGVAHK1DRWFXKDW,"","Maple Syrup"
018NY6XC00VTD78C1FH7TMKA5Z,"","Maple Wreck"
018NY6XC00VTJ49S8TZC1583XB,"","Maramota #10"
018NY6XC00VTRATRHX0MSVKDYQ,"","Marcosus Marshmellow"
018NY6XC00VT4R3C14N94AVK35,"","Mardarin"
018NY6XC00VTEXBCPH95435208,"","Margaret Cho-G"
018NY6XC00VTGEZTYB99VJ0QQD,"","Margo"
018NY6XC00VTW1X2GHXXYBQQ23,"","Margoot"
018NY6XC00VTYDX82T096F7E8Y,"","Marilyn Monroe"
018NY6XC00VTJK4BVQ1QV4A3T8,"","Marionberry #2"
018NY6XC00VT84ES7GQS6TTMA4,"","Marionberry Creamer"
018NY6XC00VTH3NYXPRJWJNJSB,"","Marionberry Kush"
018NY6XC00VTS2EX653S9PC239,"","Markant Hemp"
018NY6XC00VTV12JGK6PXQ09AW,"","Marleys Colley"
018NY6XC00VT4CCBQT09RKH38X,"","Marley's Collie"
018NY6XC00VT8EGK6EK574KDN1,"","Marmalade"
018NY6XC00VTV0HP10T9J6YSPF,"","Maroc"
018NY6XC00VTQT213J2R7M6R0D,"","Maroc Inspiration"
018NY6XC00VTBK35WER4PSAB7K,"","Mars Barz"
018NY6XC00VTCCJ44A5TMMWGDQ,"","marshmallow"
018NY6XC00VTNYT89RCJYC4T63,"","Marshmallow Kush"
018NY6XC00VTN65XP5JJHB23PR,"","Mars  Needs Women"
018NY6XC00VTTSY8DD44B542K9,"","Mars OG"
018NY6XC00VT3HZ52DJDTNQ1CH,"","Mars OG Kush"
018NY6XC00VTAQG0W7G133RC3Y,"","Martian Candy"
018NY6XC00VTJP5DGY69TG0CE9,"","Martian Confidential"
018NY6XC00VTNEWJCE8A27R7H0,"","Martian Kush"
018NY6XC00VTWJF66CMJ3T0Q0C,"","Martian Mean Green"
018NY6XC00VTYW1EM6J8CP95J4,"","Martian OG"
018NY6XC00VT39F2SJ6RTMTMT0,"","Mary Chino"
018NY6XC00VT18X28QGD8XSNFF,"","Maryhill Skunkberry"
018NY6XC00VTEW706070FGVDDR,"","Mary Jane"
018NY6XC00VT533DTH0Y11YS80,"","Mary Juanita"
018NY6XC00VT24NH7X0QF47640,"","Masa Critica"
018NY6XC00VT9VZKTXCBDWZSRN,"","Master Banana Pheno 7"
018NY6XC00VT5MXV84T7AEQRX0,"","Master Banana Pheno 8"
018NY6XC00VTRRKNG1730Z6KG6,"","Master Blaster"
018NY6XC00VT1V9VG7HA3WZ6S9,"","Master Bubba"
018NY6XC00VTXGPRDV95P56P49,"","Master Chronic"
018NY6XC00VTNZRSP1QJKJ8FNF,"","Master Cookies"
018NY6XC00VTQDM6EVX0H2AB6W,"","Master Diesel"
018NY6XC00VT1W3BY8ACM6WQMY,"","Master Fire"
018NY6XC00VTXNZHPXKK7DFAQ8,"","Master GDP"
018NY6XC00VTWZ1NX776CF93CD,"","Master Ice"
018NY6XC00VTKV9H6TC08A8NRG,"","Master Jack"
018NY6XC00VTBSKA7DADH4S9G1,"","Master Jedi"
018NY6XC00VT75KAB0FVPT52AQ,"","Masterkush"
018NY6XC00VT23JVX1G6EB3Q32,"","Master Kush"
018NY6XC00VTHM4W6GR0TH0WH2,"","Master Kush (Black Label)"
018NY6XC00VT5X1D55P8S0GT00,"","Master Kush Diesel"
018NY6XC00VT40YTKE0WXTHTHF,"","Master Kush Skunk"
018NY6XC00VTCV2JMDRATDMT69,"","Masterlow"
018NY6XC00VT38JY848PT8K3DN,"","Master OG"
018NY6XC00VTRCDV8JHMYTAACW,"","Master OG Wan Kenobi"
018NY6XC00VT1BY98PMKCYJQH2,"","Master Permafrost"
018NY6XC00VT8GXG7T77T60F0N,"","Master Purps"
018NY6XC00VTNG10TQESG11T19,"","Master Skunk"
018NY6XC00VTZ6WNDW23YXDH61,"","Master's Kush"
018NY6XC00VT1NSKT5VCP4MKBM,"","Master Trainwreck"
018NY6XC00VT016CKHENX6ME4N,"","Master Widow"
018NY6XC00VTTXD93GEST2MMEX,"","Master Yoda"
018NY6XC00VTW4JHP15BQZJQ10,"","Mastodon Kush"
018NY6XC00VT0JA8K5FD3MVBSS,"","Mata Hari"
018NY6XC00VTMGFVN738V1PF4D,"","Matanuska Lime"
018NY6XC00VTS8Z8Z6GF94EBMR,"","Matanuska Mint"
018NY6XC00VT0F2HKCKBJX9JKP,"","Matanuska Mint (Mist)"
018NY6XC00VTVPTE9MS0N83XYT,"","Matanuska Thunder"
018NY6XC00VTH6JSYH2H6TERBT,"","Matanuska Thunder F2"
018NY6XC00VT0A3DVN02B0CZZG,"","Matanuska Thunder Fuck"
018NY6XC00VTX8X4WZAZ94ZEYK,"","Matanuska Tundra"
018NY6XC00VTVSPSQCF5VXCNW4,"","Matanuska Tundra (ATF)"
018NY6XC00VTA780T9DZFGHH10,"","Matanuska Tundra F2"
018NY6XC00VTXCCDW2WHN6N53K,"","Mataro Blue"
018NY6XC00VTA6SK254WMP7BJP,"","Matinuska 47"
018NY6XC00VTK3JX6YS7RBQ5XW,"","Matriarch"
018NY6XC00VTT2YABJM9F7KA7D,"","Matsu"
018NY6XC00VTBH79RAW3FF4HRF,"","Maui"
018NY6XC00VTV3RSMJTDBG1N5K,"","Maui Berry"
018NY6XC00VTWNK15JQ0GTSX7P,"","Maui Bubble Gift"
018NY6XC00VTGCHG9087V7D2E3,"","Maui CBD"
018NY6XC00VTH8BJETN3QS174M,"","Maui Cheese"
018NY6XC00VTQFMAYE2C6YHHH7,"","Maui Citrus Punch"
018NY6XC00VTJFNTQ342PKRRC8,"","MAUI CONFIDENTIAL"
018NY6XC00VTH4T3H8CVKDZMJJ,"","Maui Diesel"
018NY6XC00VT8K65GASDGQ8291,"","Maui Dream"
018NY6XC00VT1FH3437E1W7ACA,"","Maui Girl"
018NY6XC00VTEF5ZGJ09009P4C,"","Maui Haole"
018NY6XC00VTK55ZM962ABDYN2,"","Maui Haze"
018NY6XC00VTV6XYQDX0ECV6T9,"","Maui Mango Diesel"
018NY6XC00VT0Q7GR1FZHE1S5C,"","Maui Mist"
018NY6XC00VT9T2FT258WYJ1TQ,"","Maui OG"
018NY6XC00VT60594H64VTYBNQ,"","Maui Pineapple Chunk"
018NY6XC00VTG16NSNQJM90394,"","Maui Sativa"
018NY6XC00VTKXJP22DEAZK9PQ,"","Maui Sunset"
018NY6XC00VTWNGDVX15N3W0E0,"","Maui Super dawg"
018NY6XC00VT2KPPJDT4NB0588,"","Maui Super Skunk"
018NY6XC00VTT6QT45P67CC9WK,"","Maui Walker"
018NY6XC00VTN3X049BT2M5BWK,"","Maui Waui"
018NY6XC00VTNETC31GCEJ1RAY,"","Maui Waui (Wowie)"
018NY6XC00VTS0SZTGDCXMPEB4,"","Maui Wowie"
018NY6XC00VTG9SFEZCZ3RSARF,"","Mau Mau"
018NY6XC00VTSF1V7QSQSVP9Y2,"","Mau-Mau"
018NY6XC00VTC34JEG4BTC4D4J,"","Mauna Loa"
018NY6XC00VTM4A2MY45QT6V3M,"","Maverick"
018NY6XC00VTY0CXZMEZZ9Z1D0,"","Max 49"
018NY6XC00VT0YKGHVWFZSXB95,"","Maxi GOM"
018NY6XC00VTD2E6S7F94GP388,"","MaxiHaze"
018NY6XC00VT0KZ5PEVE6AZKRE,"","Maximus"
018NY6XC00VT08PVCJJNH15X73,"Hybrid","Maybrid"
018NY6XC00VT7W3E22Y95Y0AKZ,"","Mayhem"
018NY6XC00VTDMEHP5BK4E0GSR,"","Mayne Island Indica"
018NY6XC00VT4ZEDBC0GN06G14,"","Mazar"
018NY6XC00VT8QYWW9XQHJG9D2,"","Mazar Afghani (Dutchbreed)"
018NY6XC00VT3016ZTGGJ7F7GK,"","Mazari"
018NY6XC00VTWRFRYR38Q7F5CJ,"","Mazari-Afghani"
018NY6XC00VTM22AM15HC2VXGQ,"","Mazar I Sharif"
018NY6XC00VTED32N4SGF82QMM,"","Mazar-i-Sharif Afghani"
01E7BZ5CHT2QD34WKFH13T7TFF,"-unknown-","Mazar-I-Shariff X Guerrero"
018NY6XC00VTMWKZ900QJ1JK0V,"","Mazar Kush"
018NY6XC00VTJW2J9PPTZC6SQT,"","MC1"
018NY6XC00VT1ZT4SETHE881HJ,"","MC9"
018NY6XC00VTHQ8BZ9GHKXM40B,"","McFly"
018NY6XC00VTZHAA8C1RHXBPD9,"","McGrupp #6"
018NY6XC00VTMK3K5FTKE3JQDQ,"","MCOG"
018NY6XC00VT3DPZXZA5YMDKFR,"","MCW (Mighty Chemo Widow)"
018NY6XC00VTP036GEYTEAXK2V,"","MDK Bubba Fish"
018NY6XC00VT2Y54EMW4MQFCMJ,"","Meadow Cross"
018NY6XC00VT8FEKA3DPG3S8PW,"","Mean Green Machine"
018NY6XC00VTNJ018BAHSRPTSF,"","Mean Green Martian"
018NY6XC00VTNS9DW3FWBP20FA,"","Mean Misty"
018NY6XC00VT3CSQM1QTK2MP4K,"","Meao Thai"
018NY6XC00VTZDXNDHER14ZETC,"","MeatBreath"
018NY6XC00VT8WP3ZA52QVAF5T,"","Meatloaf"
018NY6XC00VT23SZ02DGQTXVQW,"","Mecha"
018NY6XC00VTS98YYD5ADD86WC,"","Mecha Magoo"
018NY6XC00VT1EK02M16Q244MM,"","MedFlight"
018NY6XC00VTDGF5QTR9J1AGNB,"","Med Gom 1.0"
018NY6XC00VTHMRBF98KSXCQP5,"","Medi Bomb #1"
018NY6XC00VTF7S4KHQVVFE36K,"","Medi Bomb #2"
018NY6XC00VT4WB9D2PET1SD96,"","Medibud"
018NY6XC00VTEBGT7VB947SQE9,"","Medical Mass"
018NY6XC00VTRA1X0Q9EKJNNA5,"","Medicated OG"
018NY6XC00VTZTCV2WV7WE9X60,"","Medicine"
018NY6XC00VT8W7JVWQS0290J9,"","Medicine Buddha"
018NY6XC00VT4W75XZ27Z3DYGJ,"","Medicine Man"
018NY6XC00VTH9AA12BV2V5TRC,"","Medicine Woman"
018NY6XC00VTJB0Q15TX4PRDCG,"","Medifem SS"
018NY6XC00VTTPQXJJK809JGSD,"","Medi Haze"
018NY6XC00VT02PJSW17RMVCSF,"","Medijuana"
018NY6XC00VTN6MNDY2Z8HEDZ0,"","Medi Kush"
018NY6XC00VT66MT65H4ZSRMDE,"","MedMaster"
018NY6XC00VT5PCAPFM5KPK08Z,"","Medusa"
018NY6XC00VTBKFK2JHKXTM7KE,"","Medusas Dream"
018NY6XC00VT7SFHSVYZCB71T2,"","Mega Cookies"
018NY6XC00VTF5PKXXRV82P2FX,"","Mega Girl Scout Cookies"
018NY6XC00VT9Z0A3CH238B9PJ,"","Mega Jackpot"
018NY6XC00VT5E8ZZKKJ1GD6YV,"","Megalodon"
018NY6XC00VTRWFX4JS6QQN2KV,"","Megatron OG"
018NY6XC00VTVJBW03AXRA2E5D,"","Mega Wellness OG"
018NY6XC00VTKV7D00JXA9SR6G,"","Mega Wellness OG "
018NY6XC00VT990933076YEJ64,"","Mekamika Haze"
018NY6XC00VT277843ZWR417WW,"","Mekong Haze"
018NY6XC00VT1HTGTQK7EW58V4,"","Mekong Haze (Delta9)"
018NY6XC00VTTF8ADT0Z78685B,"","Mekong High"
018NY6XC00VT44VJDBMT85VQAS,"","MELISSA'S WEB"
018NY6XC00VTFJSVRQ9TJB2GFT,"","Mellow Yellow (Andromeda)"
018NY6XC00VTV0S2X7J5RRVQ10,"","Melon Collieherb"
018NY6XC00VTS4Y4TXSJYD2AKJ,"","Melon Gum"
018NY6XC00VT82ZHVHD0XTG06Y,"","Melon Haze"
018NY6XC00VTXAJ23YMGXCK3HN,"","Melon Kali"
018NY6XC00VT8SAK38DD4QPSP8,"","Meltdown"
018NY6XC00VTAF40SPP9W0RK7Z,"","Melted Cookies"
018NY6XC00VTG450D7FMQ24GMM,"","Memery"
018NY6XC00VTDRSHV146N7EJ3A,"","Memory Loss"
018NY6XC00VTF7SRXEEK5NEF87,"","Memory Loss "
018NY6XC00VT5GJ5RZETVDDJ2S,"","Memphis Belle"
018NY6XC00VTY0AH9KGE9HK768,"","Menage A Trois"
018NY6XC00VTGYG0KTJ5PXB9G9,"","Mendo Afgoo"
018NY6XC00VTK5HTSM9B1DV3NH,"","Mendo Blue Dream"
018NY6XC00VTWK5WKG9THD61S4,"","Mendo Breath"
018NY6XC00VTE32XDYEQ1M9D1Z,"","Mendo Breath GAL11035"
018NY6XC00VT3EW2GBPCFGRF1Z,"","Mendo Breath GAL6555"
018NY6XC00VTXVNH047JXEMTVH,"","Mendo Bubba Kush"
018NY6XC00VTRA48CQ6P04VC2Y,"","Mendocino"
018NY6XC00VT2GWWS60D139SWB,"","Mendocino Madness"
018NY6XC00VTVD158KKNS3D3EP,"","Mendocino Purps"
018NY6XC00VT32SM0J9DW8FB0T,"","Mendocino Thunder Fuck"
018NY6XC00VT998QERTE0RENXY,"","Mendo Cookies"
018NY6XC00VTWCRQ1F58HXKYKZ,"","Mendodawg"
018NY6XC00VTBGAMJS9BEGTZ2M,"","Mendo Diesel"
018NY6XC00VT7AR8SQ4BWDAXHC,"","Mendo Dream"
018NY6XC00VTR5G4NC8RZPYR1V,"","Mendo Express"
018NY6XC00VT29B5E6PWE8M5NJ,"","Mendo Marmalade"
018NY6XC00VTKHBJ7FAQ310P52,"","Mendo Mind Warp"
018NY6XC00VTM8SCA8MFCAD6E9,"","Mendo Montage"
018NY6XC00VT8Q4VX5SWWCSP8N,"","Mendo Montage F2"
018NY6XC00VTXB62R7Z6Z0WFXN,"","Mendo Mookie"
018NY6XC00VTQW6X3W0K6CAPDB,"","Mendo Purps"
018NY6XC00VTCT4N5Q5N1S4440,"","Mendo Queen"
018NY6XC00VTFR1NKV05SSQG91,"","Mendo Skunk"
018NY6XC00VT054KS1KB9T7PTW,"","Mendo Supremo"
018NY6XC00VT11W7SSAHF2S887,"","Mendo Thai"
018NY6XC00VTMPKHVNZE3FWQBE,"","Mengma"
018NY6XC00VTCA8PZH6N8MEDHV,"","Mental Floss"
018NY6XC00VT71T55FD44F8SQ5,"","Menthol Bubble Gum"
018NY6XC00VTNDD7JQ4E5B662P,"","Mercedes Lady"
018NY6XC00VTC7CP835C78AW3J,"","Mercury OG"
018NY6XC00VTBZ8BHSSKGHCAFT,"","Mercury OG (M.O.G.)"
018NY6XC00VTY3ADAKB2T89F86,"","Merit Badge"
018NY6XC00VTP2AW5JSZR3GV8K,"","Merkabah"
018NY6XC00VT6EGT0S0PVW2666,"","Merlin's Dream"
018NY6XC00VTKZ0K8P33AW6W1T,"","Merlot OG"
018NY6XC00VT8CQ0HPK3SGV4BG,"","Merlot OG (Moxie)"
018NY6XC00VT4VYSSEC3HRV1H7,"","Meroin"
018NY6XC00VTDSSCW9JNRWSVAD,"","Merry Andrew"
018NY6XC00VTQS506XE7DGPDR9,"","Merry Crystal"
018NY6XC00VT5JVRBVJHRDGCP4,"","Mervillle Blueberry"
018NY6XC00VTX9EX76X3PK5KKQ,"","Mestnayal Bulgaria"
018NY6XC00VT8AA2924R3AMEJG,"","Mestnayal Ukraine"
018NY6XC00VT9EWA7Z0GYXZC35,"","Metal Haze"
018NY6XC00VTQK7NRXBRD53Y7H,"","Metal Malawi F1"
018NY6XC00VTTGATWBE7SQPZP0,"","Methow Mist"
018NY6XC00VTA0NPY2VFPXJARQ,"","Metronome"
018NY6XC00VTHAC7AEWNCTWBNX,"","Mex"
018NY6XC00VTPMDY24FGPQ8KKE,"","Mexi"
018NY6XC00VTQXXX1TQER1VJGF,"","Mexican"
018NY6XC00VTKEJP6RZES0RRNY,"","Mexican GAL6133"
018NY6XC00VT9BW840BQFRJ6N3,"","Mexican GAL6638"
018NY6XC00VTEBGKPEQJBQ4FAB,"","Mexican Gold"
018NY6XC00VT026S2KHYWH21Y2,"","Mexican Haze"
018NY6XC00VTY8HH9YR541YMVN,"","Mexican Landrace"
018NY6XC00VTBM5Z9CZ618ABKA,"","Mexican Sativa"
018NY6XC00VTHX7RAYCTW9FXZX,"","Mexican Sunrise"
018NY6XC00VTPD4FHJ9ZF7RSHM,"","Mexico Oaxaca"
018NY6XC00VTJQQEAACCVTRPAR,"","Mexico Oaxaca 79 S1"
018NY6XC00VTEYKA8GDCPGAZ5W,"","Mexico Verde Limon"
018NY6XC00VTXCEAGWEF0M0TA4,"","MG Bubba Kush"
018NY6XC00VTSAK8VSGDYS74Z8,"","MG Kush"
018NY6XC00VTS002QPE7PE2HYD,"","Miami White"
018NY6XC00VTNS2RCVR2787BQQ,"","Michael Phelps OG"
018NY6XC00VTGH5GBZTTYA33EV,"","Michelle Obama"
018NY6XC00VTQTDJ60CQEVYX42,"","Michelle's Gift CBD"
018NY6XC00VT0999ST11REAW1M,"","Miche Nepal"
018NY6XC00VTSHNVVX52G70C5F,"","Michigan Skunk"
018NY6XC00VTX6R8NYFGBC6GV4,"","Michuacan"
018NY6XC00VTD8YW18ZWY1MJBP,"","Mickey Kush"
018NY6XC00VTVJEQV91C6KPF14,"","Micky Kush"
018NY6XC00VTZ68CKGNTHK8Z1Y,"","Midas"
018NY6XC00VTV3KBC8HKC3ZN3T,"","Middlefork"
018NY6XC00VT25YWR1X2VC6SMS,"","Midnight"
018NY6XC00VTMMBFBREA8KA93K,"","Midnight Fire"
018NY6XC00VTGDD47JVP971XPM,"","Midnight Kush"
018NY6XC00VTRSQTTCWJNAYM3Q,"","Midnight Purple"
018NY6XC00VTDT1GTDW0X6YCCX,"","Midnight Splendor"
018NY6XC00VTRZB92NSK8KBAG8,"","Mighty Grape"
018NY6XC00VT8CD51RY3PMS27P,"","Mighty Haze Candy"
018NY6XC00VTBZ37QZ0GVAXNVQ,"","MightyMight"
018NY6XC00VTPZSVMYZG7D228P,"","Mighty Mite"
018NY6XC00VT2AAJA9C3DBMWRC,"","Mighty Speed"
018NY6XC00VTKNJ0XSQ4S8NJP6,"","Mikado"
018NY6XC00VTJVQS0F0XQ259SD,"Indica","Mikalix"
018NY6XC00VTVSBVQBETBNKBGY,"","Mikush"
018NY6XC00VTAYEXKR29EFZRMQ,"","Mile High Purps"
018NY6XC00VTVEBAZFQTW10905,"","M.I.L.F."
018NY6XC00VT9DRRDRQ7SSXE1C,"","MILF"
018NY6XC00VTJJBQQ7JB7SSX85,"","Milk"
018NY6XC00VTCZXAM084EQ0ZQX,"","Milk Breath"
018NY6XC00VTAZB38335GY0MDR,"","Milkman Jones"
018NY6XC00VTEB9BV6ZP9N4V4E,"","Milkshake"
018NY6XC00VTEVB3M8KZF7GX45,"","Milkshake Burnt Milk"
018NY6XC00VTHTYMT3XP43692J,"","Milkshake F2"
018NY6XC00VTRQG1MSMG4ASF70,"","Milkshake Tahoe OG"
018NY6XC00VT4BGBBJ8C3VDPAX,"","Milk Stain"
018NY6XC00VT8R0DKR9ARA2BZY,"","Milky Way"
018NY6XC00VTZ621PN55C3ER7V,"","Millenium"
018NY6XC00VT60SVZM1KYWDB10,"","Millenium Bud"
018NY6XC00VT7CN9B3GT6NV29K,"","Millennium"
018NY6XC00VTBPVXNSMAFWE4YR,"","Millennium OG"
018NY6XC00VT5Y16SGGRPFA3DD,"","Million Dollar Baby"
018NY6XC00VTEB06AF0EP27JTZ,"Hybrid","Mimatone"
018NY6XC00VT1GZJPNNY8H8SN3,"","Mimosa"
018NY6XC00VTP7J7857KHGYFFS,"","Mindbender"
018NY6XC00VT1EH08QTSMD6QPK,"","Mind Bender"
018NY6XC00VT11H2F42NZQS0JD,"","Mindboggle"
018NY6XC00VTW6P0PPTPPKQNVM,"","Mind Eraser"
018NY6XC00VTFX9T7WDETCHV8J,"","Mindfuck"
018NY6XC00VT6WJ7K3AWCPMGJZ,"","Mind Glazer"
018NY6XC00VTP12A48RJW0TYCB,"","Mindscape"
018NY6XC00VTJYY32DQH868MN0,"","Mini Thunderfuck"
018NY6XC00VTZATKHC200264C4,"","Mint Chocolate Chip"
018NY6XC00VTGBJSPHECFT3ET8,"","Mint Fire Cookies"
018NY6XC00VTC6PE3JBTVWFBKT,"","Minty Afgoo"
018NY6XC00VT00TP72C513JXNF,"","Miracle Plant"
018NY6XC00VT5G56REFKFKQKZ6,"","Mirre"
018NY6XC00VT2AQ4D564M62VR7,"","Miss Bliss"
018NY6XC00VTB0EF7SSE5KRRNB,"","Miss Colombia"
018NY6XC00VTNBHYK4TVXQMMHC,"","missing link"
018NY6XC00VT53EAMV6KEN1K5K,"","Mission Kush"
018NY6XC00VTDB9QVCVJ0391PH,"","Mississippi Queen"
018NY6XC00VTZMT3YYTKK4YH9E,"","Mississippi Sweet Bud"
018NY6XC00VT6ABCB0PRFWDMB6,"","Miss X"
018NY6XC00VTAK799D1HY3DCE4,"","Misty"
018NY6XC00VTTC9K5PFVNPVZ8C,"","Misty Bubble (Mist Bubble)"
018NY6XC00VTNKSVSDSKX4YKJV,"","Misty CBD"
018NY6XC00VTSQ9NEE0BE4ZFMF,"","Misty Kush"
018NY6XC00VTXNWFZKS3CJ9M23,"","Misty Morning"
018NY6XC00VTK5T2J1BWFAZKR6,"","Mixed Sativa"
018NY6XC00VTQY3VEB8968JXM8,"","MJardin CBD"
018NY6XC00VTYCSF1R4B0CZX73,"","MKAGE"
018NY6XC00VT8TFPJHJW85YD86,"","MKU"
018NY6XC00VT6YE2JJBRKAY7SP,"","MK Ultra"
018NY6XC00VTMCJR17NECBEQW4,"","M&M"
018NY6XC00VTPB89SC6BDV66BM,"","Mob Boss"
018NY6XC00VTYT1TM80SXMW96H,"","MOB (MOAB)"
018NY6XC00VTPMA4EWBYX9A4PD,"","Moby"
018NY6XC00VTRVT67WT006ANXS,"","Moby Dick"
018NY6XC00VT9KQFC35Q5TF34G,"","Mochalope"
018NY6XC00VT3Q534W8BJZVXRR,"","Mochi"
018NY6XC00VT7DGAF35SK91QHK,"","Mohan Ram"
018NY6XC00VTETJENJ3TRQ4CAY,"","Mojito"
018NY6XC00VT67XRHXATNSPVRH,"","Mojo"
018NY6XC00VTNCYQGV8CY485TA,"","Mojo (Revolutionary)"
018NY6XC00VT8WYRDT6K781SBX,"","Molokai"
018NY6XC00VTZVXDASBHQXFVP1,"","Moloka'i Frost"
018NY6XC00VTTJ5Q9WM057KNHY,"","Molokai Frost"
018NY6XC00VT18HFNNBYP0H5Q6,"","Moloka'i Purpz"
018NY6XC00VTCPD1TCZMESHGGY,"","Molokai Yellow"
018NY6XC00VTZKSFMVPW0M7E6M,"","Monarch"
018NY6XC00VTM18F5DXQAQ378S,"","Monasteria"
018NY6XC00VTWFP925P4Y6VJM5,"","Money Berry"
018NY6XC00VTV1PN9EKECZ4P6B,"","Money Maker"
018NY6XC00VTY5F0105NQ6ECSZ,"","Monkey Balls"
018NY6XC00VT11W0CQTKKN7HFQ,"","Monkey Pal"
018NY6XC00VTN2Y0Y3JHB35DJY,"","Monkey Paw"
018NY6XC00VTKYRX463RDMXA6R,"","Monoica"
018NY6XC00VT1CG161HRJVX430,"","Monolith"
018NY6XC00VTM8M7M1X01CDJG5,"","Monster"
018NY6XC00VT7ZEEMCZ39P28FS,"","Monster Cookies"
018NY6XC00VTB6XBZFR4D4RW2J,"","Monster Mint"
018NY6XC00VTVWTD6X5QDC9DNH,"","Monster OG"
018NY6XC00VT6VV6YGMFK9KW9F,"","Montana Silver"
018NY6XC00VTMNM8J17R92KPQ7,"","Montana Silvertip"
018NY6XC00VTKS10QV0K4X35XB,"","Montel's Pride"
018NY6XC00VTK72P8ATS28S2GC,"","MontucKush"
018NY6XC00VT7DTC6P6N986CGZ,"","Moolah"
018NY6XC00VT2HP29VB7QCVM3A,"","Moon Chem"
018NY6XC00VTHP3GKFMC7H0QPB,"","Moon Cookies"
018NY6XC00VTYWF9NRASDXZVWB,"","Moondance"
018NY6XC00VTXMEBVJ0XEBJ08N,"","Moondog"
018NY6XC00VTT1F4PXNYVJ8RPW,"","Moonflower"
018NY6XC00VTVTS7Y94AX70WZ5,"","Moonlight OG"
018NY6XC00VTX1M8NQ6T8VKCRF,"","Moonlight OG Kush"
018NY6XC00VTNMZ97CW0W1XCYY,"","Moon Pie"
018NY6XC00VTH13KF8Y6TRE1X2,"","Moon Puppies"
018NY6XC00VT0XW3V0Z3WN4P0X,"","Moon Rock"
018NY6XC00VT7JH5JXCAB9MK4H,"","Moon Rocker F1"
018NY6XC00VTDFMXN10K9HZZCK,"","Moon Shadow"
018NY6XC00VTP2NCW7W7MN81WN,"","Moonshine Haze"
018NY6XC00VTCPKX0296MMRTA7,"","Moonshine Rocket Fuel"
018NY6XC00VT4K5DPRN08VD6SC,"","Moonshot"
018NY6XC00VT72WXG6DWQT6EAZ,"","Moon Tang"
018NY6XC00VTY3VJBS455WQJ25,"","Moonwalk"
018NY6XC00VTTXMD06WXW938FM,"","Moonwalker"
018NY6XC00VTYJ7CM3C1Y6CSRG,"","Moonwalker Kush"
018NY6XC00VTVNBNWP4228CAB1,"","Moon Walker OG"
018NY6XC00VTN5256KH4SRCPTH,"","moose and lobsta"
018NY6XC00VTPMV919SQXCHGXG,"","Moose and Lobsta"
018NY6XC00VT9GQ7X6XP8PASA8,"","More Cowbell"
018NY6XC00VTZ5SCS99ND7CFCJ,"","Moreneta"
018NY6XC00VTNMQVG3MJGPWDDZ,"","Morning Dew"
018NY6XC00VTNSXS9FV7PX6469,"","Morning Dew Spice"
018NY6XC00VT1W31TW9Y9ZH8EA,"","Morning Flight"
018NY6XC00VTDHQW5FQ0B5Q11Z,"","Morning Frost"
018NY6XC00VTMMK8CRJM7AWB1F,"","Morning Glory"
018NY6XC00VT275EHPZ3PBVJQ6,"","Morning Star"
018NY6XC00VTKKHWMF1BG1C1SK,"","Moroccan Gold"
018NY6XC00VT5R2VX4M3MWPBFP,"","Moroccan Landrace"
018NY6XC00VTV5SZZT20KNWRMF,"","Morocco"
018NY6XC00VTG42AFPDE1C671M,"","Morpheus"
018NY6XC00VTF8WXG3VB28PC24,"","Mortal Kombat"
018NY6XC00VTVAVDYP7VG71VEK,"Sativa","Mortiven"
018NY6XC00VT7MRQY7WGQC07D6,"","Moscato"
018NY6XC00VTM451JWM59R7B6Q,"","Mossad"
018NY6XC00VTNQEEBR3JMQSC94,"","Mossad Kush"
018NY6XC00VTS3PENGMF7G60WF,"","Mossimo OG"
018NY6XC00VT4MR05HKW8P1RN0,"","Mossy's Jem"
018NY6XC00VTQAQKJAGH8JNY63,"","Motavation"
018NY6XC00VTJMRTY9M9E05QA2,"","Mother"
018NY6XC00VTT8DT048ZP5KD0F,"","Motherload Glue"
018NY6XC00VTWHX8M07DD53D4K,"","Motherlode Cookies"
018NY6XC00VT14W2D80J1AF864,"","Motherlode Kush"
018NY6XC00VTMN210YS57X6PVT,"","Mother Of All Cherries (MOAC)"
018NY6XC00VTRXJ8AFFHNH9CSP,"","Mother of All Pies"
018NY6XC00VTNHMR02PT6XKMY4,"","Mother of Berries"
018NY6XC00VTCB26DXXY2BWEY5,"","Mother of Dragons"
018NY6XC00VTX3HJGVE6NGX8YP,"","Mother's Finest"
018NY6XC00VTJVJJ4188P95GRG,"","Mother's Helper"
018NY6XC00VTVAGPZBHRMRPQCY,"","Mothership"
018NY6XC00VT6E1NHZBDH9K5BY,"","Mother's Little Helper"
018NY6XC00VT8A73YCM1R1QC97,"","Mothers Little Helper"
018NY6XC00VT5CE4V9VY2PCRWR,"","Mothers mercy"
018NY6XC00VT0GJ7BK412TP7VB,"","Mothers Milk"
018NY6XC00VTTW9PN493S4VH9P,"","Mothers Milk #5"
018NY6XC00VTSHTVGAAJXSKVJF,"","Mother Theresa"
018NY6XC00VTWYJYCGNBD7JCYV,"","Mothertongue"
018NY6XC00VTVZHK4TH8T7AX4G,"","Mother Tongue"
018NY6XC00VTW9NSCRQ3MCM48T,"","Motivation"
018NY6XC00VT08BKA2EFHH18XW,"","Motorbreath"
018NY6XC00VTC6X07W2HBHBE8W,"","Motta Mejicanna"
018NY6XC00VT7GTVF80FDBE6DK,"","Mountain Bud"
018NY6XC00VTT0WPA4P946T9GW,"","Mountain Diesel"
018NY6XC00VTW88XVTV34TB8DC,"","Mountain Girl"
018NY6XC00VTBP97FVWEQAK466,"","Mountain Goat"
018NY6XC00VTEH2NVHKFA2TDS2,"","Mountain Jam"
018NY6XC00VTB4SS5PS4PQPMPV,"","Mountain Kush"
018NY6XC00VTMPV2737ACWSGQG,"","Mountain Lion"
018NY6XC00VT48MA88J9GZS3GC,"","Mountain Magic"
018NY6XC00VTW8BVJ2B8XZ1T8E,"","Mountain Mist"
018NY6XC00VTVAP7N01XEAWEXA,"","Mountain Temple"
018NY6XC00VTQJWMWA087VVHAR,"","Mount Cook"
018NY6XC00VTTDVP76TXXWV1VB,"","Mount Jones #5"
018NY6XC00VTARCE3V76G0P5TH,"","Mozzarella"
018NY6XC00VTZSFFAZJWKW3WBB,"","MP5K"
018NY6XC00VTGXRT2THSXFXPST,"","Mr. Bubba"
018NY6XC00VT2TSG6SWB5T27SW,"","Mr. Bubble"
018NY6XC00VTW4VJ0SQSV4NEDD,"","Mr. Burns"
018NY6XC00VTG2VKGZVPVBB4M3,"","Mr. Chiesel"
018NY6XC00VTW5NPVH9ZSK7EJT,"","Mr. Dank's Golden Ticket"
018NY6XC00VTCNF69XCMPZH846,"","Mr. Goji"
018NY6XC00VTMZ08ACZEWDZ9M8,"","Mr. Hollywood"
018NY6XC00VTBYWWHPCHTTSD6B,"","Mr. Magoo"
018NY6XC00VTKWXBSJ4P4G1M21,"","Mr. Majestic"
018NY6XC00VT4JWWCQ64BHRYWN,"","Mr. Majestyx"
018NY6XC00VT2HN0T4P7XF1X2X,"","Mr. Miyagi Kush (Miyagi OG)"
018NY6XC00VTAFSR0HFD4PP03W,"","Mr. Nice"
018NY6XC00VTXGN4YK3AG39KD3,"","Mr. Pink"
018NY6XC00VT1XKE8DBPPFNSQM,"","Mrs. Banner"
018NY6XC00VTS45T77J1AZRZED,"","Mrs. Doubtfire"
018NY6XC00VT8B6X622A7BMYEG,"","Mrs. Elvis"
018NY6XC00VTXBHMRT7VQAWHHV,"","Mrs. Fields"
018NY6XC00VTR83DBPHW30C8XV,"","Mrs. Natural"
018NY6XC00VTSYQGYWM5WN87MP,"","Mr. Swiss"
018NY6XC00VTW37RN0QJS1PFZV,"","Mr. Tusk"
018NY6XC00VTRMNY1X40WD0C5B,"","Mr. White"
018NY6XC00VT028K0Z03RN3W49,"","Mr. Wonka Himself"
018NY6XC00VTQDHNZ18TQ79ZR3,"","Ms. Moon Dancer"
018NY6XC00VT71M2X6V3RDACKF,"","Ms. Universe"
018NY6XC00VT8MJ6EZBMZWDKB7,"","Mt. Berry Kush"
018NY6XC00VT7RDRWGPA46JM4V,"","Mt Cook"
018NY6XC00VTZEGGX0KJ15A2F2,"","Mt. Cook"
018NY6XC00VTRW2WHB330VZFTW,"","MTF"
018NY6XC00VT1TD3GA4F3SF5NZ,"","MTF Cross"
018NY6XC00VTRFQ67RR9DC7JDV,"","Mt Fuji"
018NY6XC00VT3763D0CCMAYEN3,"","Mt. Hood Magic"
018NY6XC00VTVZW7QEHMXCYYYE,"","Mt. Hood Magic Durban"
018NY6XC00VT9JSK3ZTRC0MNE6,"","Mt. Rainier"
018NY6XC00VT87VMX8VTRCGJTF,"","Mt. Rainier #2"
018NY6XC00VTQ6WT1SB1BGPVZF,"","Muay Thai"
018NY6XC00VTVX8A5MZ32KKQ47,"","Mud Bite"
018NY6XC00VTHMF7MHRN1BN7K3,"","Muerte OG Kush (Santa Muerte OG Kush)"
018NY6XC00VT1BT71VEXHW0PBD,"","Mullumbimbi Madness"
018NY6XC00VTY5RQR8A3T8M16M,"","Mullumbimby Madness"
018NY6XC00VTA610G7TG8ACRPA,"","Multnomah Coma"
018NY6XC00VT4NYX60SC81C8M7,"","Mummia"
018NY6XC00VT4YGRDHWX1VQWH3,"","Murkle"
018NY6XC00VTW5MFTGNSJXKTR0,"","Musk CBD"
018NY6XC00VTSQ05M6SNTKN405,"","Musk Skunk"
018NY6XC00VTDDCHVXYS64NG0E,"","Mustang Mist"
018NY6XC00VTKQGPY9SXZ50X98,"","Muttniks Montage"
018NY6XC00VTNWZ1N7SY28D4F4,"","My Friend Jack"
018NY6XC00VTMWW2JRK254V9H9,"","Mystery Cookies"
018NY6XC00VTBS9BRYVFYVNNBH,"","Mystery Haze"
018NY6XC00VTMD4FNP9N3BDEKG,"","Mystery Machine"
018NY6XC00VTY9A9AK6P24TRX0,"","Mystery Weed"
018NY6XC00VTJ907CN0369ZHXF,"","Mystic"
018NY6XC00VTM9PXSDAAV16ZCG,"","Mystic (Gage Green Group)"
018NY6XC00VTDKE3Y6ZTYP85PQ,"","Mystic Sour Diesel"
018NY6XC00VTKVPFTZYDZ4BEP4,"","Mystique"
018NY6XC00VTFHB47D1QGSS9QX,"","Nagasaki Nightmare"
018NY6XC00VT9PQ3W7E2SQ1QT7,"","Nailin' Palin"
018NY6XC00VT6AASHKPSZDV677,"","Naked Melons"
018NY6XC00VT98HA89YDFV34J5,"","Namibian Landrace"
018NY6XC00VT3Y1758Z0FZQ3AK,"","Nam Wreck"
018NY6XC00VT6QAEB2NFS55ZNE,"","Nap"
018NY6XC00VTMK7R528YX05360,"","Napalm Kush"
018NY6XC00VT3QGRN7YR3FBDS7,"","Napalm OG"
018NY6XC00VTYQJ9MZFT850KZY,"","Napolean OG"
01E7BX5DSPVCMJQ35VM17HAF1H,"","Naranchup"
01E7BX5EJF8KMG8MDPY83MXQTJ,"","Naran J"
01E7BX7HY3AMDN3GXA08QD9Z6A,"","Narkosis"
018NY6XC00VT0SYCTT6NT63QYT,"","Narkush"
018NY6XC00VT3S2Y3XVR69538B,"","Narnia"
018NY6XC00VT5J42CEVEMAXGJ7,"","NASA OG"
018NY6XC00VT2KFE9RBXNMGT8Y,"","Nate Dawg OG"
018NY6XC00VTFH8XT7CMWHA3B3,"","Nat. Seed"
018NY6XC00VTRZS2307M05Z8B9,"","Natural Born Killer"
018NY6XC00VT68Y9VETC7286VW,"","Natural Mystic"
018NY6XC00VT4H4HP56JVBTM4T,"Hybrid","Natybrid"
018NY6XC00VT0Z4F3X16N96EWA,"","Naughty Girl Scout Cookies"
018NY6XC00VT9AKVMXXK29KPJ0,"","Neapolese Dragon"
018NY6XC00VT2F0FBXKDTMM5Q1,"","Nebu Blackberry"
018NY6XC00VT2TC6Q3F74XNV17,"","Nebula"
018NY6XC00VTTE7W7H9KY8GTSM,"","Nebula II CBD"
018NY6XC00VTPRNZTVE6RMP8B6,"","Nebula (Starcloud)"
018NY6XC00VT9285C77Y5J76V2,"","Nectar Berry"
018NY6XC00VTCPV61YZT6HH3X3,"","Nectar Haze"
018NY6XC00VTS7XHJ95Y536K1P,"","Nectar Kush"
018NY6XC00VT6XRF05ZRMDJ5ZH,"","Nedband Light Caviar"
018NY6XC00VTT2KAP65E33D9Q9,"","Negra 44"
018NY6XC00VTAP0CKABMBKFQ11,"","Nemesis"
018NY6XC00VT942R3W52NA7SYW,"","Neo"
018NY6XC00VT8VCGXXPDCNCSFP,"","Neon Jesus"
018NY6XC00VTBZW9VEPKV0SB24,"","Neon Super Skunk"
018NY6XC00VTNN06PR1DMXCC8J,"","Nepal 2010"
018NY6XC00VT8A8HAXMVEP4Q4X,"","Nepal Baba"
018NY6XC00VT1PMDR3QQE94VER,"","Nepalese"
018NY6XC00VTVH04Q1QQBWVXHC,"","Nepalese Dragon"
018NY6XC00VTTF16GEVF4WF6YE,"","Nepalese Grizzly"
018NY6XC00VTD2Y26B3Y00EKNV,"","Nepalese Hash Plant"
018NY6XC00VT7N70Z5JNMP0Z3E,"","Nepalese Jam"
018NY6XC00VTVFRP3EQH360BS6,"","Nepalese Landrace"
018NY6XC00VTZRMKEW8DM0KW7D,"","Nepalese Rocket"
018NY6XC00VTPM3WV84CRSTBHW,"","Nepal GAL6321"
018NY6XC00VT2KKEDFW2HA7A6H,"","Nepal GAL6415"
018NY6XC00VTF2Z22BZ82479DM,"","Nepal GAL6419"
018NY6XC00VTSG7SNTDPGYP69S,"","Nepali"
018NY6XC00VTP75EK84RJ934QN,"","Nepali Landrace"
018NY6XC00VT95GTSM4XYZXCKV,"","Nepali OG"
018NY6XC00VTGRPX8CMMADSDAD,"","Nepali Poison"
018NY6XC00VT80WFJD9YJ5S7YY,"","Nepali Temple"
018NY6XC00VT57HFJCC7MVA736,"","Nepali Watermelon Hashpant"
018NY6XC00VT5TP1VG5E2TVFS1,"","Nepal Kush"
018NY6XC00VT52QWPADAPQ41RA,"","Nepal Pahari"
018NY6XC00VTHDGSQ41E14K5TN,"","NepalStar"
018NY6XC00VTZWTE5A61R0MNCS,"","Nepenthe"
018NY6XC00VTSJFVKAA3N283Y6,"","Neptune Kush"
018NY6XC00VT8BNE9XJ0KFJBF3,"","Neptune OG"
018NY6XC00VTE74992ZJYEFQ1T,"","Nerds"
018NY6XC00VT3XE54AXP5RZH5T,"","Netty"
018NY6XC00VT5CDPJ2PY37MPBW,"","Nevada Privada"
018NY6XC00VTHANDN32Q93XKNB,"","Neverland"
018NY6XC00VTXWG69MACXCD3CK,"","Never Summer Kush"
018NY6XC00VTMK56WG2KPN30B2,"","Nevilleberry"
018NY6XC00VTETKW2TBQ75KNKT,"","Neville Haze"
018NY6XC00VTTACH725AKX532B,"","Neville's Haze"
018NY6XC00VTM9ZBW3M5NZ1BKR,"","Neville's Haze Hybrid"
018NY6XC00VT6RW6XMRYNZNHJV,"","Neville's Haze Mango"
018NY6XC00VTMMMGGMY1FYV26A,"","Neville's Skunk"
018NY6XC00VT98DH6WXGZ8HMB4,"","Nevills Haze Hybrid"
018NY6XC00VTGDPAGZ2DXA4DVM,"","Nevil's Blackberry"
018NY6XC00VT2245SDJ8GNVZ1D,"","Nevil's Wreck"
018NY6XC00VTQMNHYV3TCS4DNW,"","New Beginnings"
018NY6XC00VT2QTSD7SDPCZMEA,"","Newberry"
018NY6XC00VTD6SR6G5X0W0GX9,"","New Blue Diesel"
018NY6XC00VT8V0ZDYMXX6VK7A,"","New Blue Line"
018NY6XC00VTQ3CB3PM73V3T5V,"","New Caledonia"
018NY6XC00VTMJH3B2GZR9DTW4,"","New Guinea Landrace"
018NY6XC00VTAVYPS05DGHB2XD,"","New Holland"
018NY6XC00VT5K5K27PR05K22Y,"","New Jack City"
018NY6XC00VT9NYBT0HXB05YZH,"","New Jack Herer"
018NY6XC00VT2BRHXGTGP6VPGW,"","New Killer Queen"
018NY6XC00VTNAW6QBR8NSR4GP,"","New Purple Cross"
018NY6XC00VTKQPXG1D8RH40NP,"","New Purple Power"
018NY6XC00VT30BDEE2NG4JFD3,"","New Willies"
018NY6XC00VTCV721PE6HQ6EMM,"","New York Bubba"
018NY6XC00VTGPPAFBG2BFA156,"","New York City Diesel"
018NY6XC00VTSE3W8KRYPYCF45,"","New York Diesel"
018NY6XC00VT0S0BKE1HVVE7YZ,"","New York OG"
018NY6XC00VT720B9WDE29PBYD,"","New York Pimp"
018NY6XC00VTGD2K06F1DYNATG,"","New York Power Diesel"
018NY6XC00VTRS7W4FN529P0MJ,"","New York Sour Diesel"
018NY6XC00VTSBVKRXMRC5CD9K,"","New Zealand Landrace"
018NY6XC00VTH4NGRSZC5P3VDM,"","New Zealand Purple Indica"
018NY6XC00VT1FSMMJ1NFYTVGE,"","New Zealand's Best"
018NY6XC00VT11YZ3FYJM3TSE6,"","Nexus OG"
018NY6XC00VTK1VAH3V90P10BQ,"","Niagara"
018NY6XC00VTP2Y5AH0SXKTGBC,"","Nibiru"
018NY6XC00VTYBKMV59M6P5HQR,"","Nicaragua"
018NY6XC00VTZ57RM3SH5KPNTA,"","Nicaragua 4"
018NY6XC00VTBG1ZFJTNDX1JJT,"","Nice Cherry"
018NY6XC00VTXCYF74TM2C8RP2,"","Nice Dog"
018NY6XC00VTXYS5R60C4Y5G2K,"","Nice Dreams"
018NY6XC00VTW8TWV4QS2H3CKA,"","Nic Endo"
018NY6XC00VTZ1GXC7J02N7BZS,"","Nice Wreck"
018NY6XC00VTGGKSSDAM6S1B4A,"","Nicole"
018NY6XC00VTZJ3S7F3839YG1C,"","Nicole Kush"
018NY6XC00VT95MPBEWERSDHHK,"","Nigerian 99 F1"
018NY6XC00VTE5B2D58PFN91F2,"","Nigerian Haze"
018NY6XC00VT4HQHY8Q9J3K3Z4,"","Nigerian Landrace"
018NY6XC00VTV56QSR4YBQ9V30,"","Nigerian Mist"
018NY6XC00VT9E6560YQBR4J40,"","Nigerian Nightmare"
018NY6XC00VTJPX08CGH99NDE7,"","Nigerian Silk"
018NY6XC00VTN7A3KJ2QD92VK9,"","Nigerian T Haze"
018NY6XC00VT7ACM3PF9BRRF7E,"","Nigerlian"
018NY6XC00VT4HK98P8FHPKHPF,"","Night Fire OG"
018NY6XC00VT3EBBTQM29S7ND3,"","NightFire OG"
018NY6XC00VTBK2Q58C021NF1C,"","Nightmare Cookies"
018NY6XC00VTTTKQ7Y8QJXH0AX,"","Nightmare OG"
018NY6XC00VTVYQ7JESJN43PG6,"","Night Nurse"
018NY6XC00VTQW2JZZQ0C6WFXQ,"","Night Owl"
018NY6XC00VT9G3VN20KYHYMMP,"","Nightqueen"
018NY6XC00VT37TKDQ0Z0WE792,"","Night Queen"
018NY6XC00VTQ08QKNZY53T5X9,"","Night Shade"
018NY6XC00VTCG15PM1XWMX78D,"","NightStar"
018NY6XC00VT95PH9RMDZA5KD3,"","Night Terror OG"
018NY6XC00VTRZFY9541QGAPER,"","NIGHTTIME"
018NY6XC00VTCT6EHP162JDJP1,"","Night Train"
018NY6XC00VTW2V09ZP2MSY20B,"","Night Wreck"
018NY6XC00VTATPE1X6D37HVPN,"","Niijii Berry"
018NY6XC00VT714SHX0DEKTPKC,"","Nina Limone"
018NY6XC00VT42R1FHD1TN2T3S,"","Nine Pound Hammer"
018NY6XC00VTCPQ6G9PMVQNFSX,"","Ninja Fruit"
018NY6XC00VTZSD3M6T2RTDQ21,"","Ninja Turtle"
018NY6XC00VTMRV0QMDXG4WH9A,"","Nirvana"
018NY6XC00VT63M7NK2JZAAVE9,"","Nirvana Special"
018NY6XC00VT5KZA79SG2Q4SEB,"","Nite Life"
018NY6XC00VT9GY78T787WNJ85,"","Nitro Cookies"
018NY6XC00VTH8ZY4F8SH3Z7XH,"","NL5"
018NY6XC00VTNSSX6MZK16BD1Q,"","NL #5 Haze"
018NY6XC00VTW48XD6WXZTKTFP,"","NL5 Haze Mist"
018NY6XC00VTE5CRWCMPMBFHEJ,"","NL 90 Haze"
018NY6XC00VTX85R4XAWVEZ4CY,"","NL Apollo G13"
018NY6XC00VTJPVA5H1C96ZXCX,"","NLX"
018NY6XC00VT35GP8S2GFQQJT8,"","Noah's Arc"
018NY6XC00VT3G9CVKGGJ6AV39,"","NoHo Private Reserve OG"
018NY6XC00VTFNH3YVCVBQZSDE,"","Noi"
018NY6XC00VTGVMWD470D23ZQ9,"","No Mercy Special"
018NY6XC00VT542RGCV4VTPNZE,"","Nom Nom"
018NY6XC00VTC13Z9Y554M6JPV,"","Nookies"
018NY6XC00VTQCVFFS44Z4Z89S,"","No Quarter"
018NY6XC00VT50EZ11AS3T27FP,"","NorCal OG"
018NY6XC00VTQV68APVB1P4SAQ,"","Nordic Jack"
018NY6XC00VT4KHEAZK3HT17GA,"","Nordic Kalashnikov"
018NY6XC00VT6A65QWQDM9YF3Q,"","Nordle"
018NY6XC00VTY4TQ0X873B7WCG,"","Noreen"
018NY6XC00VT7K21DD1SPPG8YN,"","North #1"
018NY6XC00VTNRQ45KK28HHCBZ,"","North African Landrace"
018NY6XC00VTXRHV4416SQZMHB,"","North American Indica"
018NY6XC00VTT5TH10HSH2X57P,"","North American Sativa"
018NY6XC00VT1RZA2WG33C3R57,"","Northeast OG"
018NY6XC00VTTYEPBP78VP9HXY,"","North End Purps"
018NY6XC00VTV0ZEASD2TB82X0,"","Northern Berry"
018NY6XC00VTYB2Z51MMX0DJMR,"","Northern Berry F2"
018NY6XC00VT1QDH0HQ7KAWJDQ,"","Northern Big Bud"
018NY6XC00VTXB3M632F6DE3H6,"","Northern Blue"
018NY6XC00VT724C8N42CC7WVX,"","Northern Bright"
018NY6XC00VT7GJG7Q3AATC7VR,"","Northern Bubble"
018NY6XC00VTRE2BH8N7V2HVP0,"","Northern Cali Gooey (Gooey)"
018NY6XC00VT43BSHSPEZRQKKY,"","Northern Cross"
018NY6XC00VT0CHXSY78HCWG9A,"","Northern Dream"
018NY6XC00VTT5D2TGCVXSTVBK,"","Northern Flame"
018NY6XC00VT5T78110MVCEJW2,"","Northern Hash Plant"
018NY6XC00VTDBC0BJBTH6JVZJ,"","Northernlight"
018NY6XC00VT7CN90SQCR2Z68H,"","Northern Light"
018NY6XC00VTEQDJDJ0R4GMXW2,"","Northern Light Blue"
018NY6XC00VTQ70KCFCZWJ1KF4,"","Northern Light Grand Rouge"
018NY6XC00VTGWF6P0N6Q3GYMT,"","Northern Light (HGF)"
018NY6XC00VTD5CPRYSJ8WBYQ0,"","Northern Lights"
018NY6XC00VT9TTZPYN0WH14MW,"","Northern Lights #1"
018NY6XC00VTW6BHRBGZHXJBBJ,"","Northern Lights #2"
018NY6XC00VTFRKQJCFXPAXG4F,"","Northern Lights #3"
018NY6XC00VTRWBXKAG94WWYEX,"","Northern Lights #5"
018NY6XC00VTSE0JHP47P16S1J,"","Northern Lights #5 BX1"
018NY6XC00VTVVMZQQHXXQ4PNE,"","Northern Lights #5 Haze"
018NY6XC00VTTYY1HGPPB7TMVV,"","Northern Lights #6"
018NY6XC00VTBM01T58RMP7Y43,"","Northern Lights #7"
018NY6XC00VTE8QPN212Y2Z2DF,"","Northern Lights #9"
018NY6XC00VT157NEZG1X19XEE,"","Northern Lights 90"
018NY6XC00VT8YZAGHFKDR0BQR,"","Northern Lights (BCBD)"
018NY6XC00VT5RGPRTAA45NKX6,"","Northern Lights (CBD)"
018NY6XC00VTG1BEPKX1DW6V1W,"","Northern Lights Cheese"
018NY6XC00VT781HYP15T1ZW1B,"","Northern Lights F2"
018NY6XC00VTJE25QJ188P7WWG,"","Northern Light Special"
018NY6XC00VTDP0M1GH5VDQ4VS,"","Northern Lights Thai"
018NY6XC00VTQMEGX9D04B2EXC,"","Northern Lights (THC Seeds)"
018NY6XC00VTJ4QR7N6RGG351R,"","Northern Lightz"
018NY6XC00VTXJJSCYGDWK652W,"","Northernmatick"
018NY6XC00VTCDDYZD9FT0N0A2,"","Northern OG"
018NY6XC00VTKJYHS3ESXC0AQ3,"","Northern Pride"
018NY6XC00VTY5MVQ0K8ERD29P,"","Northern Skank"
018NY6XC00VTS5KAMZ3SMN3J67,"","Northern Skunk"
018NY6XC00VTMH8S5RQXVAV1XH,"","Northern Special"
018NY6XC00VT6T32K7P77JW4V2,"","Northern Thunder"
018NY6XC00VTSB5VPZE5WQF993,"","Northern White"
018NY6XC00VTP77NNZZZ7YRQF7,"","Northern Wreck"
018NY6XC00VTBM6S077TNWDXPD,"","North India Malana"
018NY6XC00VTJ97FGSR1DXBTGE,"","North Indian"
018NY6XC00VTSF3E8HWA5JN4GP,"","North Indian Landrace"
018NY6XC00VTZ536N2QXB9J0P3,"","North Purple Queen"
018NY6XC00VTYCTVC70YYYT10P,"","Northstar"
018NY6XC00VTCFWW2AEPABYZ67,"","Northwest Blackberry"
018NY6XC00VT7CM6897VJCNH2K,"","Northwest Pineapple"
018NY6XC00VTN00A5H7YJMHNGT,"","Norton"
018NY6XC00VTNCP9Y6YZ5BK46H,"","Notorious OG"
018NY6XC00VTV4QEZWSGQ5NYP1,"","Nova"
018NY6XC00VTP5J1N0MQ83G7EG,"","Nuclear Cloud"
018NY6XC00VTY4C0AX73JCVXT3,"","Nuclear Cookies"
018NY6XC00VTQVMEVZVDW1NREK,"","Nuggetry OG"
018NY6XC00VTS7BF6C3BBVHKZ5,"","Nukem"
018NY6XC00VTGQK3PXD6B45H54,"","Nuken"
018NY6XC00VTBSZ1GKENPFBG2A,"","Nu Kush"
018NY6XC00VTXMZ9HEDGNB20HR,"Indica","Numalix"
018NY6XC00VTTRKW5CS39WHJ1P,"","Nurkle"
018NY6XC00VT1XQ19K784RWV00,"","Nurse Jackie"
018NY6XC00VTDZK6YV4NXXH7SP,"","Nurse Ratchet"
018NY6XC00VT143PX5HPQPHQVM,"","Nutcruncher"
018NY6XC00VTRB70TMKDDYMG82,"","NuWave"
018NY6XC00VTNV5M15D0B3EVWW,"","NW-47"
018NY6XC00VTAVP4VTNR36K4RZ,"","NW Fire"
018NY6XC00VTQ1P28MBMC883ZT,"","NW Pineapple"
018NY6XC00VTVFRNAYJND5WWVH,"","NY-47"
018NY6XC00VTR5DZR7EZ7EVQ5S,"","NYCD Domina"
018NY6XC00VTMPFPJNK834AGZ1,"","NYCD F2"
018NY6XC00VT7WTSAXAKRC2M9Z,"","NYC Diesel"
018NY6XC00VT2SGNZ3N3G2THY0,"","NYC Diesel 01"
018NY6XC00VTCX6AFYNTYXD767,"","NYC Diesel 06"
018NY6XC00VTQJNKK07HC7NYR7,"","NYC Dominican Piff Haze"
018NY6XC00VT1Y8DT5GVSS92FG,"","NY Cheese"
018NY6XC00VTSXBR7FA4HCMV7F,"","NYC HP13"
018NY6XC00VT0FCGKVS3DFVQDF,"","NYC Sour Diesel"
018NY6XC00VTN2WGDPQQDZBJQ5,"","NYC Sour Diesel Dupe"
018NY6XC00VTJ7BA4KPKK2DZZ0,"","NY Kush"
018NY6XC00VT60FN7CN0E0XXD3,"","NY Lemon Diesel"
018NY6XC00VT2A3RX94Z1PXJE2,"","NYPD"
018NY6XC00VTMENY7WMZVPYHZS,"","ny purple diesel"
018NY6XC00VTV5H8DSC0GBKZ78,"","Oahu Grown Pakalolo"
018NY6XC00VTA1FET22G3WD77V,"","Oakland Crypt"
018NY6XC00VTCN9R6GAAPGG9BT,"","Oakland Indica"
018NY6XC00VT5WJFG0TVZR0ST8,"","Oakland OG"
018NY6XC00VTK65ZECJ3K8H7Y2,"","Oaksterdam OG"
018NY6XC00VTN8RVKR67XK17HG,"","Oak Tree"
018NY6XC00VT4711M8V79VYH5Q,"","Oasis"
018NY6XC00VTHWAG82DV3YNGT9,"","Oaxaca 1978"
018NY6XC00VTDR02ZV5WHSENPJ,"","Oaxaca 79"
018NY6XC00VT1FXHQY065GFJY6,"","Oaxaca Mexican"
018NY6XC00VTZK0BGNGN6Q0PVD,"","Oaxacan Goldspear"
018NY6XC00VT3CQ5J5AX1Y1P4N,"","Oaxacan Iranian"
018NY6XC00VT6WN451TKV6KCDM,"","Oaxacan PolywOG"
018NY6XC00VTCYMD0EFGJTNXW2,"","Oaxacan Querkle"
018NY6XC00VTXDBSD3ZA00TN8B,"Hybrid","Obalex"
018NY6XC00VTFMHA0BR4M2JVF1,"","Obama"
018NY6XC00VTX468QKG6XN6EPS,"","Obamacare"
018NY6XC00VTM4DWMTPJ6KZ64J,"","Obama Kush"
018NY6XC00VT54BBFFXM84G38B,"","Obama OG"
018NY6XC00VT0RQ1K1M6VK3X0M,"","Obama OG Kush"
018NY6XC00VTH2XCDTPN9DP0BP,"","OB Ripper"
018NY6XC00VTWKDAFRP7EQZG3W,"","Obsession"
018NY6XC00VT9NF9PFE0N8YCJB,"","Obsidian Ice"
018NY6XC00VTGFCZ3JN1HESVHM,"","OBTK"
018NY6XC00VTEA6FDSCRMW9PFM,"","OCA Gold"
018NY6XC00VTSSDV16R0PMT6P6,"","OCA's Cloud 9"
018NY6XC00VTP4BG1NJY3HM1NM,"","OCD"
018NY6XC00VT7JAJAMVQKVQA5M,"","Ocean Beach OG"
018NY6XC00VT3MVVHZHNW4GEHQ,"","Oceanside OG"
018NY6XC00VTXZCYAEJXRH5JM2,"","OchoCinco"
018NY6XC00VTCCRGZYBT6MQRWD,"","Ochorios"
018NY6XC00VTP52BH3RCSD98XT,"","OC OG"
018NY6XC00VTJTJ25DJVM0ZTP2,"","Odalisk"
018NY6XC00VTMABMYW5E3KE6FF,"","Odin's Hammer"
018NY6XC00VTECS8MG36PZTBEF,"","Odnodomnaya Poland"
018NY6XC00VTSHGQ44C572ESWR,"","Odysseus (Odyssius)"
018NY6XC00VTQZ2RKM5J15VPQN,"","Odysseus OG"
018NY6XC00VTMX7KYFHP1DB9QP,"","Odyssey"
018NY6XC00VTW3CH7CMJD00SZ1,"","OG"
018NY6XC00VTWDP56007J34GP3,"","OG13"
018NY6XC00VTMNSC5A1AAWQ2Y1,"","OG #17 (Bear)"
018NY6XC00VT40EN13NMENVV1R,"","OG 18"
018NY6XC00VTPVT4D27P1EXD0F,"","OG 1 Kenobi"
018NY6XC00VTKSJMSKM9HF69WY,"","OG-47"
018NY6XC00VTCV3AF058P8JQ4J,"","OG47"
018NY6XC00VTRSCPYW6TAYSFPS,"","OG78 #1 mace"
018NY6XC00VT3XHDSG8Z4FEPMV,"","OG 818"
018NY6XC00VTAYZVS8WYZWWTA4,"","OG-99"
018NY6XC00VT7ZZAMX6130J9EB,"","OG Badazz"
018NY6XC00VTZ0DJ7FF0BD3ZVZ,"","OG Bobbie Johnson"
018NY6XC00VTKGDSY7H3C1A9H9,"","OG Bubba"
018NY6XC00VTMYGXNH0BHAW05S,"","O.G. Bubble Gum"
018NY6XC00VTCCSS38SYYZ7ZVX,"","OG Buddha Tahoe"
018NY6XC00VTQDT2CSHPWJ5QVJ,"","O.G. Cake"
018NY6XC00VT0GBZMZ4R5NH7YH,"","OG Casey"
018NY6XC00VTQ2BSJV2PA58GAR,"","OG Cheese"
018NY6XC00VTSQEJ2WKCZYV8XA,"","OG Chem"
018NY6XC00VTGCN8TBTB8QA59K,"","OG Chem Dog"
018NY6XC00VT11S86KZ3BB5GAP,"","OG Chem Haze"
018NY6XC00VT5YZQKEWK2A8G9D,"","OG Chem (Phat Panda)"
018NY6XC00VTJZT67PWY5N9T43,"","OG Chocolate"
018NY6XC00VTYK27TQBPG18SSZ,"","OG Cookies"
018NY6XC00VT7ZDYRR0B31WXSS,"","OG Cookies (G.A.S.)"
018NY6XC00VTZTZF7F9QPF5FJP,"","OG Critical"
018NY6XC00VTWF5VZ6M29VYF05,"","OG Darth Vader"
018NY6XC00VT6414E5DFPP84A9,"","OG/DC (OGDC)"
018NY6XC00VTTF9FPCP0MB08P9,"","OG Diesel"
018NY6XC00VTKDESPP4FMAPWFJ,"","OG Diesel Kush"
018NY6XC00VTCZYAKX373S6CAM,"","OG Dog"
018NY6XC00VTW7BDPQTM9VMXHV,"","OG Dutch Treat #5"
018NY6XC00VTMWFACRHG819WF3,"","Ogeazy Kush"
018NY6XC00VTB07R0HJFXJHYJD,"","OG Eddy Lepp"
018NY6XC00VTGCXWJKVXSVHX2H,"","OGer 99"
018NY6XC00VTGC2XEZMT5KXVWX,"","OGer99"
018NY6XC00VTQBZ96298JW3VHY,"","Oger Kush (Orgnkid)"
018NY6XC00VTRXKPR31XDJCCV4,"","OG Ghost Pie"
018NY6XC00VTBPB45066KEJ7K0,"","OG Glue Sniffer"
018NY6XC00VTVSMXTSEJ903G4E,"","OG Goo"
018NY6XC00VTKB1VQN97V2QTRW,"","OG Grape Krypt"
018NY6XC00VTR6VK0CZVPFE918,"","OG Headband"
018NY6XC00VTBMFTDA68KPH00G,"","OG Hog"
018NY6XC00VTQJFF3H1083H0EP,"","OGiesel"
018NY6XC00VTEA6SZWBNKAP49W,"","OG Jack"
018NY6XC00VTK3Q4K9YQ87HCN6,"","OG Jedi"
018NY6XC00VT69WVQVJGP51VEP,"","OGK"
018NY6XC00VTZ60FCEBRBYJW9D,"","OGKB"
018NY6XC00VTVY7FXCN2B5VMER,"","OGKB (OG Kush Breath)"
018NY6XC00VTZ4EHZQ31SSMSE4,"","OG Kush"
018NY6XC00VTW807ZEVF90HEGR,"","OG Kush Autoflowering"
018NY6XC00VTME86X6MSNZCCQX,"","OG Kush CBD"
018NY6XC00VTM2HE241VVFJ4S1,"","OG Kush Express"
018NY6XC00VTTCMX4EEHKNVHRH,"","OG Kush GAL303"
018NY6XC00VTM67KX1QFM19EDE,"","OG Kush GAL6116"
018NY6XC00VT2SRZW3AT00S6XR,"","OG Kush GAL6123"
018NY6XC00VTP5TRH2EWJP2DMB,"","OG Kush S1"
018NY6XC00VTBJXKT2JEEPKH6D,"","OG LA Affie"
018NY6XC00VTHV9R2VEA7SDT5K,"","OG LA Affie (Afghan Bombay Kush)"
018NY6XC00VTNR65B056FNEZ5A,"","OG Limited"
018NY6XC00VTHXDGRA6R7XS5M1,"","OG Los Angeles Kush"
018NY6XC00VTZWKA3H19H7XJQ6,"","OG Malawi Dawg"
018NY6XC00VTPV7WG5WQMCFXWQ,"","OG Matic"
018NY6XC00VTPWJQDVDA5PHBCE,"","OG Michael Phelps"
018NY6XC00VT8RB6AMNZJGV5DZ,"","OG / Mr. Nice"
018NY6XC00VTH2X7NKM4WY79B4,"","OG OGuana Kush"
018NY6XC00VTGDXYJQKWVQYERE,"","Ogopogo Gold"
018NY6XC00VTEFS33X525WDDMV,"","OG Organa"
018NY6XC00VT5V29PX8HWZ9Q9G,"","OG Palpatine"
018NY6XC00VTZ2C13JFWZ31D2M,"","OG Pie"
018NY6XC00VT9W4N9Y4FAZ0MGQ,"","OG Pie Breath"
018NY6XC00VT5395H4Z73CD2SV,"","OG Pineapple"
018NY6XC00VTJQ3SS9J1ZNKCVT,"","OG Poison"
018NY6XC00VT3SPAD4YDECZ87H,"","Og Presidential Kush"
018NY6XC00VTJSQZ2FWB9KYTCP,"","OG Purple Fire Thai"
018NY6XC00VTNM4DFRQSFVSV28,"","OG Purple Kush"
018NY6XC00VT08WN262KM4ZA70,"","OG Purps"
018NY6XC00VTZGMPK6HDWBAVM0,"","Ogre"
018NY6XC00VTRZ1BVTMPS6QKPJ,"","Ogre '99"
018NY6XC00VTXRQ5AJ61BVY39A,"","Ogre Berry"
018NY6XC00VTQ588QQBF6GS3AQ,"","OG Reekn"
018NY6XC00VT40SCWCZMQF8PV9,"","Ogre Kush"
018NY6XC00VTCV48A7QVXSVMKY,"","Ogre OG"
018NY6XC00VTNQJAVAKMHMXF8X,"","OG Ringo"
018NY6XC00VT70V61VF5GGZ1BY,"","OG Shadow"
018NY6XC00VTMQAZFTTVBRPVM0,"","OG Shark"
018NY6XC00VT4SKJ04HZHCFEYK,"","OG Sin"
018NY6XC00VTY048NEZ47V9361,"","OGSK"
018NY6XC00VTRWQ799BM4P4XC9,"","OG Skunk"
018NY6XC00VTB0D03VYZAPWACR,"","OG Smalls"
018NY6XC00VT8TN8EPA9FFJCK0,"","OG Snow"
018NY6XC00VTHPM89NKNN9FM2A,"","OG Sour"
018NY6XC00VTYD3KK51TSDJZTQ,"","OG Sour Diesel"
018NY6XC00VTYNFM5FZTXCVX7Y,"","OG Sour Durban"
018NY6XC00VTPR7XZFY1Z22BEN,"","OG Space Ghost"
018NY6XC00VT992XWZG6T08S6E,"","OG's Pearl"
018NY6XC00VTQXHWHDDKCE8DP0,"","OG Squared (FooDog)"
018NY6XC00VTJWRR4PXP1KWP24,"","OG Strawberry"
018NY6XC00VTMJG0GG7ZFYJ119,"","OG Tangie"
018NY6XC00VT0KB40A3RNKWQKB,"","OG Tonic"
018NY6XC00VT16PJ23XR5B0MTG,"","OG Tooth"
018NY6XC00VT7B44G36ZNKDAVH,"","OG Tyson"
018NY6XC00VTZ82HTYXPT5WM4H,"","OG Walker"
018NY6XC00VTN3EQ8T8613GTE8,"","OG Wreck"
018NY6XC00VTVSKQSJZ8PY5FFJ,"","OGX"
018NY6XC00VT4B1XKDYZV4DEKG,"","Ohana"
018NY6XC00VTP3J48G6HE570QS,"","O'Haze Red"
018NY6XC00VTV23Y8QMY0HMP65,"Hybrid","Ohbrid"
018NY6XC00VT0505506DKB2K31,"","Ohio Lemon G (Natural Genetics)"
018NY6XC00VTZWGQBAQ1V8WY75,"","Ohio OG"
018NY6XC00VTQC0871ZYHYV0A3,"","Oh Jesus"
018NY6XC00VT36K6CB1FDF6KH7,"","OhmG"
018NY6XC00VT1Q2J2N6GG5V40Z,"","Oh! Zone"
018NY6XC00VTDYDKMSEGWPAH4H,"","Oil Spill"
018NY6XC00VTMRBJDF4HCPX0VV,"","OJ"
018NY6XC00VTJF7AZEG1QD0KGN,"","OJSDKB"
018NY6XC00VTVFJ0QW5Q0922PY,"","Oke 47"
018NY6XC00VT726YN4ZBZD0MP3,"","OK OG"
018NY6XC00VTZRKXG2DWQXHKD5,"","Olaf"
018NY6XC00VT9024QNC1YTADG9,"","Old Florida Orange Skunk"
018NY6XC00VTD5FCWGTHE76H73,"","Old Grandpa Scratch"
018NY6XC00VTSRQV39TVN7E6VT,"","Old Jack"
018NY6XC00VTD7QDW3AG3E2CSN,"","Old Lyme Connecticut OG"
018NY6XC00VTKX4QYSGNAE42P4,"","Old Man OG"
018NY6XC00VTRW8KKW1YYJR2Q8,"","Old Mendo Haze"
018NY6XC00VT6Y5QRC4EJVR342,"","Old Mother Sativa"
018NY6XC00VT8HYX6ADMAQP1YP,"","Old Mountain Man Purps"
018NY6XC00VTKBYMT593WS2FY9,"","Old OG"
018NY6XC00VTB6VSTMHNAYWZHS,"","Old School Blueberry"
018NY6XC00VT87BWVFW1YQFW1Q,"","Old School Haze"
018NY6XC00VTVQ6AM80NZ2K6HK,"","Old School Kush"
018NY6XC00VTPRJ4T5ENDBQ0DD,"","Old School OG"
018NY6XC00VTW6TRHJPX3E7P70,"","Old School Sativa"
018NY6XC00VTH4K106JHMWVDDV,"","Old School Thai"
018NY6XC00VTJ58AM84EEHFQP6,"","Old Scratch"
018NY6XC00VT7T25AGMRREESK7,"","Oldsog's Super Silver Haze"
018NY6XC00VTQZRYGB49JC61BX,"","Old Time Moonshine (OTM)"
018NY6XC00VT3J5VEZ6CG50HBK,"","Old Timer"
018NY6XC00VT5SWWDNYBWD9W83,"","Oldtimer’s Haze"
018NY6XC00VT17H268K430XJBP,"","Oldtimers Haze"
018NY6XC00VTK8P3DQGRYYE8Z3,"","Oldtimes"
018NY6XC00VTPDY5GR2BAYD21N,"","Oldtimes BX"
018NY6XC00VT0E3HSNA4SWYJX9,"","Old Toby"
018NY6XC00VTX84MSGA35BSZ7W,"","Ole 47"
018NY6XC00VTYS6X5GXC6A5936,"Hybrid","Olivine"
018NY6XC00VTZ7DT5247N9FRTB,"","Oltimers Mango Haze"
018NY6XC00VT5SRRPJP9BDR63R,"","Olympic"
018NY6XC00VTQRYDH8ASY10042,"","Olympic Chocolate CHunk"
018NY6XC00VTT28QV42ZE18QWT,"","Olympic Gold"
018NY6XC00VTER78AXH8EQ4DQ3,"","olympic Kush"
018NY6XC00VT34GVJ44ZFPV7HZ,"","Olympic Urkle"
018NY6XC00VT0CFWWHR3DM766V,"","Om"
018NY6XC00VTMB8PQA6XAEW4N6,"","Omega"
018NY6XC00VTC6P6F5WG5QFBBS,"","Omega Dawg"
018NY6XC00VTNES9HKGDWREC86,"","Omega Dawg GAL6076"
018NY6XC00VTDMPK8VVEPFQ7AS,"","Omega Dawg GAL6185"
018NY6XC00VTT1HCATDE8BH9EG,"","Omirita Tonic"
018NY6XC00VTFPAE4X3N9FTEN3,"","Omrita Rx"
018NY6XC00VT8XCGTFT3TEW0MB,"","Omrita RX"
018NY6XC00VT73HNS0JRCH8NWP,"","One Love"
018NY6XC00VTM674NJCAPGV69V,"","One Star"
018NY6XC00VTE18B5KPZTZWH11,"","One to One"
018NY6XC00VTEEZ1ZXWAHRCYTK,"","Ontario Chemo"
018NY6XC00VT43HKJ9KG2S6XY9,"","ONYCD (Original NYC Diesel)"
018NY6XC00VT3PKWQ6TDC68XM8,"Indica","Onyx"
018NY6XC00VTF0N2NNYTAQ5P1Z,"","Opal Avalanche"
018NY6XC00VT1BG4S04MBE9E6Y,"","Opal OG Kush"
018NY6XC00VTSWRBGM63NCZTST,"","Operation Blackbird"
018NY6XC00VT550A9KZ7QFNNP8,"","Opium"
018NY6XC00VTDRC2Z33QR281ZG,"","Optimus Prime"
018NY6XC00VTBD78HGDN0VESE8,"","Optimus Prime (Exotic Genetix)"
018NY6XC00VT32P65AW88HR67Y,"","Or"
018NY6XC00VTSZG8R0325D0A3Z,"Indica","Orabellose"
018NY6XC00VTF2B1MNSHB1YYNF,"","Oracle"
018NY6XC00VT5SH7G7GB94EKEJ,"","Orangatang Cookies"
018NY6XC00VTBAACQE29WMFJWZ,"","Orange"
018NY6XC00VTE8WW52XN189WEY,"","Orange #43"
018NY6XC00VT4P8N9BTPA9ESS5,"","Orange A-Dub"
018NY6XC00VTM89FEZ00GSSP9T,"","Orange Afghani"
018NY6XC00VTMCRVYFHPAWP1SR,"","Orange Apollo"
018NY6XC00VTTT8E2WWH7DXWZW,"","Orange Assassin"
018NY6XC00VT76YHAKB66XDB9S,"","Orange Berry"
018NY6XC00VTSECR948WZB42HX,"","Orange Big-E"
018NY6XC00VT7WEV4R9TNPKHHW,"","Orange Blossom"
018NY6XC00VTE1BG4FP1DDRRSW,"","Orange Blossom Trail"
018NY6XC00VTJFPKWFXEBEC80W,"","Orange Bubba Crush"
018NY6XC00VTMR3Q7K4ZJPPCXH,"","Orange Bud"
018NY6XC00VTCXHJAKYAYCD9M9,"","Orange Candy Floss"
018NY6XC00VTWBAGYN2MEKFQP7,"","Orange Chemo"
018NY6XC00VT59ZT0FJBXB81XR,"","Orange Chicken"
018NY6XC00VTVHGM4YBTX8V0KX,"","Orange Cookies"
018NY6XC00VTZG57PMJYW4V856,"","Orange Cookies (Relentless Genetics)"
018NY6XC00VTXYEYQXF919E4XF,"","Orange Cream"
018NY6XC00VTDFRWCWV29V43GX,"","Orange Cream Cookies"
018NY6XC00VTM96AJS8TBA2SVR,"","Orange Creamsicle"
018NY6XC00VTQ0P1CN0FMDVZ0Y,"","Orange Cream Soda"
018NY6XC00VT4TS63RRY3G7TA7,"","Orange Crush"
018NY6XC00VTT0XKZW2B1B01QN,"","Orange Dawg"
018NY6XC00VT3E0JB80WK8RH9J,"","Orange Diesel"
018NY6XC00VT38HJ00V5BJK24J,"","Orange Diesel (Agent D)"
018NY6XC00VTYM8PVZRNFKCHG6,"","Orange Dogwalker"
018NY6XC00VTGRF28226PE577S,"","Orange Dot"
018NY6XC00VTJ52H1PVSG022C0,"","Orange Dot (Franchise)"
018NY6XC00VTE4VX0EN29M399K,"","Orange Dream"
018NY6XC00VT0XZ794CCGZJZEB,"","Orange Drop Cookies"
018NY6XC00VTFZRY9YV9ZZRG72,"","Orange Durban"
018NY6XC00VT97PHM0TQ72AAPE,"","Orange Euphoria"
018NY6XC00VTFHZ26E7HW10A7E,"","Orange Frost"
018NY6XC00VT8V2WYN65N9X85V,"","Orange Fruity Pebbles"
018NY6XC00VTHSAJNGNW6Y87QB,"","Orange Glue"
018NY6XC00VTGD2Q7GFY30WGN1,"","Orange Glue (Franchise)"
018NY6XC00VTNYGP99EKAYFNN6,"","Orange Goo"
018NY6XC00VTGHTX7SP3Z10GDN,"","Orange Haze"
018NY6XC00VTGNRDV73JF225HK,"","Orange Head"
018NY6XC00VTQDST8FX9SVYNKN,"","Orange Hill Special"
018NY6XC00VTQT6P3ZMP9AWDBR,"","Orange Juice"
018NY6XC00VTFGX9W1YYXA05P8,"","Orange Julius"
018NY6XC00VT4EPWFZ7ZEJ3A1P,"","Orange Kush"
018NY6XC00VTJ9WPKXFZJG9JM7,"","Orange Kush 13"
018NY6XC00VT4DT7DMFY98KR3C,"","Orange Lemonade"
018NY6XC00VTPCV4YKMHKVDF1S,"","Orange Lemons"
018NY6XC00VT00CV9PE6X88DEH,"","Orange Louie OG"
018NY6XC00VT25S84WXA95K1ZY,"","Orange Machine Gun"
018NY6XC00VT8GTRJWQ2FNP8MJ,"","Orange Mints"
018NY6XC00VTSCE6TKPQHYPSSR,"","Orange Monster"
018NY6XC00VTFZM4GVYVGWSBRR,"","Orange Nectar"
018NY6XC00VT1VS412R4HB7BY0,"","Orange OG"
018NY6XC00VTFC81Q5F8BVNF10,"","Orange Peako Cambodian"
018NY6XC00VT7JS1BWBJ1P6MWY,"","Orange Peel"
018NY6XC00VT17PSX3QCCKN3VZ,"","Orange Pie"
018NY6XC00VTWRHETGZXJ8WN09,"","Orange Pineapple"
018NY6XC00VT4J7SHG956PCKY1,"","Orange Pineapple Blast"
018NY6XC00VTQ83Y80YT6AG1RD,"","Orange Poison"
018NY6XC00VTY3H27KMV5YCWSD,"","Orange Romulan"
018NY6XC00VTY3AQZZXK6WPJ2D,"","Orange Sherbet"
018NY6XC00VT7NRAJA6V1WXBPQ,"","Orange Skunk"
018NY6XC00VTJJ4E6C8HJAEGK4,"","Orange Spice"
018NY6XC00VTZ7008P88MCQWV1,"","Orange Sunshine"
018NY6XC00VTVZXA4FPAJ3DRZT,"","Orange Tahoe"
018NY6XC00VTX8JWFS3MP6HBC2,"","Orange Tang"
018NY6XC00VT83P4K90Q05R27H,"","Orange Turbo"
018NY6XC00VTRE7JXE1DKPPDCV,"","Orange Valley OG"
018NY6XC00VTGHMKZ48MYBCFYK,"","Orange Velvet"
018NY6XC00VTMS8QP2CPFSZ0W5,"","Orange Velvet bx"
018NY6XC00VTRP8WGSTP9VMJB0,"","Orange Widow"
018NY6XC00VT77A7T2HYHJP4MN,"","Orange Wreck"
018NY6XC00VTJQM1QCZWN7C1YS,"","Orange Zeta"
018NY6XC00VTSPW5TY5THAJAWE,"","Orangina"
018NY6XC00VTHD0DESBYE1XE48,"","Orangina (Unknown Prophet)"
018NY6XC00VT35NHGEKR2FE9HE,"","Orangutan"
018NY6XC00VTVDJFFVMP7MNJX7,"","Orangutan Pie"
018NY6XC00VTMDX36N0GR4AMC1,"","Oregon Afghani"
018NY6XC00VTW8XVW853G23F05,"","Oregon Big Bud"
018NY6XC00VT6NFD0JNCKEW8XJ,"","Oregon Blueberry"
018NY6XC00VTH49RJ0RECJ3TMF,"","Oregon Danish"
018NY6XC00VT4HWE8XQ3ZMY00N,"","Oregon Diesel"
018NY6XC00VTYM0Q87Z6ZFPTQC,"","Oregon Funk"
018NY6XC00VTV52DSF2FF55ZFZ,"","Oregon Gold"
018NY6XC00VT4B9E1HE6J5QQTB,"","Oregon Grape"
018NY6XC00VTSR35DH9S3FZZS5,"","Oregon Greens"
018NY6XC00VTR72ZNG3QH1FV0M,"","Oregon Grown Fire"
018NY6XC00VT10XMR5QWWGGFKY,"","Oregon Huckleberry"
018NY6XC00VTCA76W8F5WQG86B,"","Oregon Indica"
018NY6XC00VTR9GA05CDWVS8ZX,"","Oregon Jewel"
018NY6XC00VTMHDRQX2ZQMDVT4,"","Oregon Lemons"
018NY6XC00VTHS1RPX54XCY51G,"","Oregon Lumberjack"
018NY6XC00VTAM3B7DWT0ZFB17,"","Oregon Noble"
018NY6XC00VT3QTZW8M2J592FY,"","Oregon OG F1"
018NY6XC00VT5XS2TQJ44G24CJ,"","Oregon Pineapple"
018NY6XC00VTW73DNCR1ZSDCFY,"","Oregon Pineberry"
018NY6XC00VT6SAMC6AFQZNC6M,"","Oregon Pinot Noir"
018NY6XC00VTAEDXXDPPCWD1D3,"","Oregon Purple Danish"
018NY6XC00VT7Q98KV8MQ08G3Y,"","Oregon Purple Thai"
018NY6XC00VT30W9AESAW76QHQ,"","Oregon Rocket"
018NY6XC00VT5HJAB7EBR68RRX,"","Oregon Silver Haze"
018NY6XC00VT5NNKSPAVVMKE2P,"","Oregon Skunk"
018NY6XC00VTD5CD92B4GFNEY0,"","Oregon Sour Diesel"
018NY6XC00VTM223ZE4KX421W5,"","Oregon Yeti"
018NY6XC00VT3MV0FTB2KQWRTF,"","Oreo"
018NY6XC00VTXP3HD2QEW41AK4,"","Oreo Cake"
018NY6XC00VTZ17CGH5W0ME87T,"","Organic Diesel"
018NY6XC00VT7H2428WQA63QPV,"","Organic Purp"
018NY6XC00VTGSRA0W0H95B0AK,"","orgy kush"
018NY6XC00VTGG86A4FD8BWFYF,"","Oriental Express"
018NY6XC00VTSBERCY5F43VV5T,"","Orient Express"
018NY6XC00VT8263Y6APHFF44T,"","Orient Express (ace)"
018NY6XC00VT4NG1RDFQZNMAV4,"","Orient Express (Billygoat)"
018NY6XC00VTR3RK0EMVHG3P0P,"","Original Amnesia"
018NY6XC00VTYPBR8ZYVJT1MAV,"","Original Big Bud Super Skunk"
018NY6XC00VT8RZKBEPWD5S11A,"","Original Blueberry"
018NY6XC00VT0CD0Y4RT5FB4S4,"","Original Californian Orange Skunk"
018NY6XC00VT6W0BRJ2XDRAPYZ,"","Original Cheese"
018NY6XC00VT7763NYH7D1F4MV,"","Original Diesel"
018NY6XC00VTMTSZSHBAF3X8TJ,"","Original Flo"
018NY6XC00VTYRM3EJV6DX2G3Z,"","Original Green"
018NY6XC00VT7XSCHH4191T9RY,"","Original Hawaiian Maui Wowie Skunk"
018NY6XC00VT634KFNC6VVJDWX,"","Original Haze"
018NY6XC00VTJ518W9AMERJYPA,"","Original Highway Delight"
018NY6XC00VTES1XQJ8EJYJYEF,"","Original Loud"
018NY6XC00VTF61YRYJAJFYXMD,"","Original Misty"
018NY6XC00VTRXYVRRKV275VJ4,"","Original Permafrost"
018NY6XC00VT3KBPXD8RKP1SD6,"","Original Skunk"
018NY6XC00VT7MZ76SEXVE35YB,"","Original Snow White"
018NY6XC00VTR59XAEA6NNAEXH,"","Original Sour D"
018NY6XC00VT1S77SWATDC9B5T,"","Original Strawberry Diesel"
018NY6XC00VTZWNJPY86AHT9GB,"","Original Swiss Stawberry"
018NY6XC00VTYW5Z8BXC8Y14S5,"","Original UK Cheese"
018NY6XC00VTWWGNFSEFGFJHHP,"","Orion's Belt"
01E7BX8TQ356A5XNRSSQKG8DDR,"","Orka"
018NY6XC00VTE87603Z3JSYP12,"","Oro OG"
018NY6XC00VTTW312E0QWJR2WV,"","Orphan OG"
018NY6XC00VTFK1YSMZW0DNR4R,"","Ortega"
018NY6XC00VTMB66GFEXW49GT4,"","Ortega C99"
018NY6XC00VT9F1Q1NDT4Q4W1N,"Indica","Osanalix"
018NY6XC00VTBX6XRYY0NJZVS8,"","OT 2"
018NY6XC00VT0YY4R2EVFJBVYH,"","Oteil's Egyptian Kush"
018NY6XC00VTYJJQ4J2PZXR3QY,"Sativa","Otroven"
018NY6XC00VTPXN3B0H9HVSJBH,"","Otto"
018NY6XC00VTJXMNX592K3V65V,"","Otto #1"
018NY6XC00VTBTSYJV2A5A1JRJ,"","Otto II"
018NY6XC00VTMJ0VYF4YESKAVG,"","Outdoor Green"
018NY6XC00VTX53PQQWRP1GYND,"","Outdoor Shrek"
018NY6XC00VTQD2S44HNGR6DPB,"","Outdoor Snow Cap"
018NY6XC00VTASMS8QVGC6DSG1,"","Outer Space"
018NY6XC00VTK6Q852J59P3PAF,"","Outlaw"
018NY6XC00VTDJ9EAR5JBYEQN1,"","Outlaw OG"
018NY6XC00VTQPBWKCH33JM1TC,"","Outlaw Orange"
018NY6XC00VTDP94NA8HBXXT19,"","Out of the Box"
018NY6XC00VTJC4QZ3W2K9WEX4,"","Outsider"
018NY6XC00VT8M8BCRSG7PQMQ2,"","Oval Office"
018NY6XC00VT8AZ5F8VHDGY6VT,"","OverFLO"
018NY6XC00VTKK9T9QB53CYHBT,"","Overlord OG"
018NY6XC00VTM5V9V0WCS89VT4,"","Ovf"
018NY6XC00VTEDNPGR3KA87326,"","Owsley's Kush"
018NY6XC00VTRAYEAY7P1SRXX2,"","Oxtail"
018NY6XC00VTTGH2A2FY8Y007N,"","Ozghani"
018NY6XC00VTVVQXKYZB02E5Z7,"","OzGum"
018NY6XC00VTEAZJW7YM04JT2X,"","O.Z. Kush"
018NY6XC00VTC7KWW4SN9Z11P8,"","ozma"
018NY6XC00VTG7X4Z9QX6QCDTV,"","OZ OG"
018NY6XC00VTF4S319VZ5DQ4MM,"","OZone"
018NY6XC00VTD496TG8XCPXT5T,"","Ozzy"
018NY6XC00VTWVV6WBT5P67MVH,"","P-51"
018NY6XC00VTWV813GVT9PQ5GC,"","P-91"
018NY6XC00VT6SXGC5CZ8FX1TJ,"","P-91 GAL6038"
018NY6XC00VTZ2XYX61JFDXM9B,"","P-91 GAL6387"
018NY6XC00VT1K8P98Q60GNRYC,"","P-91 (Poway)"
018NY6XC00VT8Y7NXNA6ZZHN4T,"","Paars Purple"
018NY6XC00VTNC25M17V87RVEG,"","Pablo Escobar"
018NY6XC00VT6KY7TEEDKN71MY,"","Pablo-Escobar_SBG"
018NY6XC00VTM180NXDYBZMZAX,"","Pablos Cheese"
018NY6XC00VTT799A7KHQG3VXZ,"","Pablo's Gold"
018NY6XC00VT967EHW2TYK1FNY,"","Pablos Gold"
018NY6XC00VTMCRQGR8S0S7CW2,"Indica","Pacifican"
018NY6XC00VT60H5W3JTPCSQ3K,"","Pacific Blue"
018NY6XC00VT608M5TQV4NRB5J,"","Pacific G13"
018NY6XC00VTPJSRMTHWFN8163,"","Pacific OG"
018NY6XC00VTWGPTMJ7TBS1N97,"","Pacific Pineapple"
018NY6XC00VT1K1A2T8D955P80,"","Packalolo"
018NY6XC00VTMCY8FPE4GPVG2P,"","Pagoda"
018NY6XC00VT81GCY9M7HSGZQY,"Hybrid","Pagoti"
018NY6XC00VTBD5B469RDXWMFD,"","Pahari Farmhouse"
018NY6XC00VTCPYCSVQTVP7JPF,"","Paia Hawaiiana"
018NY6XC00VT1PSYS0RC5QEM5K,"","Painkiller"
018NY6XC00VTJ8MP3JK30K4PDQ,"","Painkiller #3"
018NY6XC00VTQ7JVBF9S48AMZ2,"","Painkiller XL"
018NY6XC00VT124GB7CHMQTRGA,"","Paint"
018NY6XC00VTPST1YWWCHJNSWE,"","Paint Haze"
018NY6XC00VTMHC6K0NFQ68JND,"","Pakalolo"
018NY6XC00VT596N4YQXHRWH40,"","Paki"
018NY6XC00VT2XH1MB5RA4B4G2,"","Pakistan Chitral"
018NY6XC00VTCTZ8ZCP8T14KT8,"","Pakistan Chitral Kush"
018NY6XC00VT4K8QCQXH22NKWP,"","Pakistan GAL6292"
018NY6XC00VTYZ8RKK8BYY358X,"","Pakistan GAL6300"
018NY6XC00VTR4ET0GGEY6N7E2,"","Pakistan GAL6316"
018NY6XC00VT3H79AM88DG8R1G,"","Pakistani 47"
018NY6XC00VT7HZ87NQV1BG1Q4,"","Pakistani Chitral Kush"
018NY6XC00VTG26JG2S006MTEZ,"","Pakistani Landrace"
018NY6XC00VTP6NC9HN30RPNT4,"","Pakistan Valley"
018NY6XC00VT5RHDKDYCGZ28VX,"","Pakistan Valley Kush"
018NY6XC00VT9DN2D70KAXGD82,"","Paki X-18"
018NY6XC00VT7X31ZSS6TYER8C,"","Paledog"
018NY6XC00VT7STDY1EPWY0TBS,"","Palliative OG"
018NY6XC00VTPW4XJJFPF0GSRH,"","Palouse Peach"
018NY6XC00VTT0QXZKF6A5QVQZ,"","Palpatine"
018NY6XC00VT25JVX0BY9ME1C0,"","Pamelina"
018NY6XC00VTMGD4HNZF0F993M,"","Panama"
018NY6XC00VTSHNY7ME9GVADF1,"","Panama Cookies"
018NY6XC00VTSC8FK0492KF3FA,"","Panama GAL6245"
018NY6XC00VTKDQASHEX5VWP04,"","Panama GAL6296"
018NY6XC00VTM8X1CG3M975GKQ,"","Panama GAL6614"
018NY6XC00VTM8GPD7FSJ8440V,"","Panama Green"
018NY6XC00VTW15XKQZT4MKNAR,"","Panama Jack"
018NY6XC00VTHT8PF96E9PS56D,"","Panama Kush"
018NY6XC00VTCHZ2DZ93N31CDN,"","Panama Landrace"
018NY6XC00VTPP8R4SKXDB6RNY,"","Panama Pakistani"
018NY6XC00VTB0SRDJFXRPH66Y,"","Panama Powerhouse"
018NY6XC00VT9JVRJNY1QD27PR,"","Panama Punch"
018NY6XC00VTEAJ68NYSAK172N,"","Panama Rebirth"
018NY6XC00VT0J9XMN9AHYBPEP,"","Panama Red"
018NY6XC00VT3DFQC8NN7D40SN,"","Panama Red GAL19813"
018NY6XC00VTNDRHQEX026C2K0,"","Panama Red GAL19814"
018NY6XC00VTR0MFX7QJA1Q0R9,"","Panama Red GAL19815"
018NY6XC00VT43AFZJ527TE2T3,"","Panama Red / Oaxacan"
018NY6XC00VTQKZ0TN0BQ2BJD6,"","Panama Standard"
018NY6XC00VT1VEGSAVMCBA87Z,"","Panda Cookies"
018NY6XC00VTQ3H9BEE1AYVAPY,"","Panda Glue"
018NY6XC00VTFFKTG4HT1QZGZE,"","Panda Kush Royale"
018NY6XC00VTFZ9YC3DVAGAM75,"","Panda OG"
018NY6XC00VT4XWJ9FYTSV93ZH,"","Panda Pebbles"
018NY6XC00VT6NDSDSPJWTWVTV,"Hybrid","Pandibrid"
018NY6XC00VTCNJS144P5ED4DQ,"","Pandora"
018NY6XC00VTKEF5KR585JGZA6,"","Pandora's Box"
018NY6XC00VTHSEZZ5BFJDRAZK,"","Panorama Purple"
018NY6XC00VT3C12QQPWNKG04F,"","Panoramix"
018NY6XC00VT5MAJ65A430W9EK,"","Papa's OG"
018NY6XC00VTQ9EZSRHREJVF4Y,"","Papaya"
018NY6XC00VTT2M5BHBXT02WCV,"","Papaya Dream"
018NY6XC00VTNP8HT4CQVP8DEA,"","Papaya Rose"
018NY6XC00VT7BJRQ6VBR8B119,"","Papua New Guinea GAL6246"
018NY6XC00VTMNWVYYS4K2AS1P,"","Papua New Guinea GAL6247"
018NY6XC00VTTGY5B4HA2GBEQK,"","Papua New Guinea GAL6319"
018NY6XC00VT96PRM23EWZPXZ5,"","Parabola"
018NY6XC00VTG7ASQ5KFKGZVR0,"","Paradise OG"
018NY6XC00VT0066J64S7Q8SFB,"","Paraguay 1"
018NY6XC00VTDDWPV3J5693K1Q,"","Paraguay 2"
018NY6XC00VTFB05VAHCCS5CY7,"","Paraguay 3 1996"
018NY6XC00VTEGWHZSWZGKKB3D,"","Paraguayan Landrace"
018NY6XC00VTWN16Z2QB6ACAY6,"","Parcore OG"
018NY6XC00VTFZY7M1YHSRB2Q4,"","Paris OG"
018NY6XC00VTWZT761F4KEQJ66,"","Paris Valley Kush"
018NY6XC00VTVRTXERBVHWFKRZ,"","Paris XXX"
018NY6XC00VT7T1ZZTC188P23E,"","Parvati"
018NY6XC00VT3DW90EF68Y76SK,"","Parvatie"
018NY6XC00VTAV2X5S5G5TZ4FX,"","Pascha"
018NY6XC00VTS5FPFZPAJEVWX4,"","Passion #1 (Purple Passion, Amstel Gold)"
018NY6XC00VTBZ9BTPCW7ZNAX6,"","Passionfruit"
018NY6XC00VTESHGJ2F0QNVQKC,"","Passion Fruit"
018NY6XC00VT5ZG3QC0FA0NSWP,"","Passion Fruit Pancakes"
018NY6XC00VTSCY6S1PX00873K,"","Passion Queen"
018NY6XC00VT7NZNPEMY308X16,"","Patience CBD"
018NY6XC00VTQKQPX7WAGKWGAD,"","Patti Cake"
018NY6XC00VTB0YASVMTA47ZB1,"","PB and Grape Jilly"
018NY6XC00VT5KJSQRP4VRZZMT,"","PB&J"
018NY6XC00VT9Y3KAAD4BJ3XAQ,"CBD","PCBD"
018NY6XC00VTN7ERN9RA69ZHNC,"","P.C.K."
018NY6XC00VTFYPT4NSBK58E9Z,"","PCT (Purple Crack Trainwreck)"
018NY6XC00VTJJCNTQF3C3A2ZC,"","P Dawg"
018NY6XC00VTNHYA26CQFW7W1H,"","PDPD"
018NY6XC00VTW6JP1WW77Q7H7K,"","Peacemaker"
018NY6XC00VT4R3W75B8E4N3J4,"","Peace Maker"
018NY6XC00VT29NMY79FW7CVYM,"","Peach Dream"
018NY6XC00VTHC4AGJTTHMZ8Q0,"","Peaches"
018NY6XC00VTV7ZHQSFFPP4JJ1,"","Peaches and Cream"
018NY6XC00VTW6ZDH06TAJZ8MX,"","Peaches And Diesel"
018NY6XC00VTZ7GARKV3FEX40M,"","Peaches & Cream"
018NY6XC00VT24QW6NRTGYKK6S,"","Peaches n' Cream"
018NY6XC00VTQHAQAY7Q14FGZ4,"","Peaches Trainwreck"
018NY6XC00VT9Y7WC8SWA40RTC,"","Peach Kush"
018NY6XC00VTZP0J2TK483A3A8,"","Peach OG"
018NY6XC00VTPAAJW98929RH39,"","Peach Tea"
018NY6XC00VTT1185F2K70XE2C,"","Peak 19"
018NY6XC00VTWESAQ4KVG5Z5PM,"","Peak 19 F2"
018NY6XC00VT7AC7JVV8KR1QRQ,"","Peanut Butter"
018NY6XC00VT0ZMPFRVKFGS3D7,"","Peanutbutter Breath"
018NY6XC00VTS1RCNV3JMQV1NY,"","Peanut Butter Cookies"
018NY6XC00VT6FAXXNG6MXDPVX,"","Peanut Butter + Jelly"
018NY6XC00VTPRW9ZQ4CMAP4KC,"","Peanut Butter Kush"
018NY6XC00VTW8SSK1F4W296N0,"","Pearl Harbor"
018NY6XC00VTDYDSY84AN9BG0C,"","Pearl Scout Cookie"
018NY6XC00VT51G9XK9V19E0QV,"","Pearl Scout Cookies"
018NY6XC00VTDYKR5X2THAN0M4,"","Pearly Gates"
018NY6XC00VTKPPFDB39PTHB2B,"","Peas And Carrots"
018NY6XC00VTHFXHY4MWZC7FER,"","Pechycovka"
018NY6XC00VTWTQTV4KBHYC4JC,"","Pele's Fire OG"
018NY6XC00VT97BJBDDH86YCR3,"","Pennywise"
018NY6XC00VTKCQTDVW1R9MMXH,"","Pennywiser"
018NY6XC00VTT2WV6C9588E68H,"","Pensacola Punch"
018NY6XC00VT81JFAB73GZ9GYA,"","Pepe"
018NY6XC00VTNMM3JHG39K4XF1,"","Pepe Le Chem"
018NY6XC00VT7VPWR2G5D132EA,"","Pepe Le Dank"
018NY6XC00VTV1HMKC3WV0XJ5F,"","Pepiberry"
018NY6XC00VTPNNXH38QJJSZT5,"","Peppermint Cookies"
018NY6XC00VT04XN4ZW26DRAGM,"","Permafrost"
018NY6XC00VTA20XY6PX3EPJV7,"","Perma Hash"
018NY6XC00VT5HCR0ZPFQFZ9JP,"","Perplex"
018NY6XC00VT5JGTK22CPBNYNY,"","Persian Lime"
018NY6XC00VTSNC801N5TN7W8X,"","Peruvian Skunk"
018NY6XC00VT4Z42V8JEG493RA,"","Pestilence"
018NY6XC00VTT1Q6AXXKRF0CTK,"","Pestilence S1"
018NY6XC00VTD6X7KCQWQFX5KV,"","Petrol"
018NY6XC00VTBJJV0C8Y12VBCD,"","Petrol Daydream"
018NY6XC00VT8DG435CDJQ97PD,"","Petroleum Nightmare"
018NY6XC00VTVNCDMK0RDHZ34H,"","Petrolia Headstash"
018NY6XC00VT4NEMPF45GAN89R,"","Petrolia Headstash 2"
018NY6XC00VTABQY3A2CTF74SH,"","Petrol OG"
018NY6XC00VTBE1DQTV4EWQ6CB,"","Peyote Cookies"
018NY6XC00VTCQWE8TSQCQV6TG,"","Peyote Purple"
018NY6XC00VTSA7ZQA1TKQE43X,"","Peyton Manning"
018NY6XC00VTP54XS5DRP94J8J,"","Pez"
018NY6XC00VT09TCVANYHHW8V7,"","Pezz"
018NY6XC00VTGJ6AJ568NCNHJF,"","PG-13"
018NY6XC00VT9R2CDBC70A41BD,"","Phantom Arrow"
018NY6XC00VT4E6B9FBSBHJ7S4,"","Phantom Cherry Pie"
018NY6XC00VT893WH1SWKDXB1M,"","Phantom Cookies"
018NY6XC00VT3F0SQZM4HHB2QH,"","Phantom Cookies (Pink Champagne)"
018NY6XC00VT8EQ86G0W7MEQ0D,"","Phantom Glue"
018NY6XC00VTC9NKW5GK5EAPQD,"","Phantom Hulk"
018NY6XC00VT4312BKTN4Q9EGJ,"","Phantom Jack"
018NY6XC00VT2JAQQD011DQMDF,"","Phantom Land"
018NY6XC00VTW8TJ9NEW01WJGG,"","Phantom of the Cookies"
018NY6XC00VT9RA3BRAXVW9D9P,"","Phantom OG"
018NY6XC00VTNXB7PH7ZM4DG3C,"","Phantom OG Kush"
018NY6XC00VTX42YFSCY9KMJQ9,"","Phatt Fruity"
018NY6XC00VTXWHJFR0YJ80FG1,"","Phatt Frutty"
018NY6XC00VTK5A1CYGMP1EC6J,"","Phaze99"
018NY6XC00VTSE3QGMBNB9EF4A,"","Phaze BX1"
018NY6XC00VTHDNGRJXVMKW7HV,"","PHD"
018NY6XC00VT04N89G8G5MJ1GN,"","Phillip's delight"
018NY6XC00VT3C90533RRYAJ9Z,"","Phishead Kush"
018NY6XC00VTQXV9AFHH5QK443,"","Phishhead Kush"
018NY6XC00VTQC09DW6XQRWJ8C,"","Phishhead OG"
018NY6XC00VTFS64EYHKHPXRKM,"","Phnom Phen"
018NY6XC00VTBTARANTRCBWS9C,"","Phoenix Fire"
018NY6XC00VTS701VXF475HDN9,"","Phoenix OG"
018NY6XC00VT8ATX3H728Q0S5E,"","Phoenix Sun"
018NY6XC00VTDQ0EDB5SWNEQYV,"","Pickle"
018NY6XC00VTHK160158KE2T6J,"","Pickled Diesel"
018NY6XC00VT7041D7918ZXXEG,"","Picnic Basket OG"
018NY6XC00VTKJH257XXRASVTZ,"","Pie Face"
018NY6XC00VTY4EZYX1S1TT7PM,"","Pie Face OG"
018NY6XC00VT6PGZRM0R1JA5CY,"","Piezel"
018NY6XC00VTDKT2HA33P8CDMG,"","Pikes Purple"
018NY6XC00VT44Y9Z6ZGPSXKC8,"","Pilot Talk OG"
018NY6XC00VTKRRPCGFZ7BJJY4,"","Pina Colada"
018NY6XC00VT6VV0MW95JE5AQ9,"","Pina Collision (Piña Collision)"
018NY6XC00VTP3T0SE504WAJ3X,"Hybrid","Pinaden"
018NY6XC00VTAN3YSQK3FWXGQ8,"","Pincher's Creek"
018NY6XC00VT1GMKEKGRK14MP5,"","Pineapple"
018NY6XC00VT5HXDTXKX4FJ2SX,"","Pineapple Bubba Fruit"
018NY6XC00VTC0PHMF39PBKKT8,"","Pineapple Buddha"
018NY6XC00VT18WCXDR8ESDDFT,"","Pineapple C99"
018NY6XC00VTNY2Q42PQAQQGG6,"","Pineapple C99 F5"
018NY6XC00VT8HF9FSPAHSE0EJ,"","Pineapple Cheese"
018NY6XC00VTFECC654FMR9VQC,"","Pineapple Chem"
018NY6XC00VTMT9E2EC6Z6RNWR,"","Pineapple Chiesel"
018NY6XC00VTTJ9WNJF46KK9SM,"","Pineapple Chunk"
018NY6XC00VTV7KNTNFN7B5GAB,"","Pineapple Cookies"
018NY6XC00VTQ129YDDYP4W53T,"","Pineapple Crush"
018NY6XC00VT07A38CEQA7M7G2,"","Pineapple Diesel"
018NY6XC00VTVT9XYATBB54BH0,"","Pineapple D'Lights"
018NY6XC00VTNW7GTFD9BDGN3T,"","Pineapple Dog Shit"
018NY6XC00VTEY2S0396W95DD7,"","Pineapple Dream"
018NY6XC00VT48AAPP5FGPKA65,"","Pineapplee Kush"
018NY6XC00VTY4CY242C3H7BPK,"","Pineapple Espresso"
018NY6XC00VTCAF584BYQ839ZH,"","Pineapple Euphoria"
018NY6XC00VTQNJR7Z4SN0JKJ4,"","Pineapple Express"
018NY6XC00VTQ5A4HCPZG0TMDQ,"","Pineapple Fields"
018NY6XC00VTTMW2XKAWCPDXKC,"","Pineapple Funk"
018NY6XC00VTM47ZZECEAQXZKS,"","Pineapple G-13"
018NY6XC00VTD93M1THBFJ5K49,"","Pineapple Godbud"
018NY6XC00VTWANH1BS9MK9X30,"","Pineapple Gold"
018NY6XC00VT9W6F4SAD9XAKSH,"","Pineapple Goo"
018NY6XC00VTN8KAJJDMWE7H29,"","Pineapple Hashplant"
018NY6XC00VTKMESV7PZYJSTRX,"","Pineapple Hash Plant (Rare Dankness)"
018NY6XC00VTJ48VCR3CWZQ3Z2,"","Pineapple Haze"
018NY6XC00VTVJTHRJW7P0S8DW,"","Pineapple Headband"
018NY6XC00VTMHRNFBAJPPX3C4,"","Pineapple Headwreck"
018NY6XC00VT6D36D26N83W03E,"","Pineapple Hogsbreath"
018NY6XC00VTYGK72QV5RKQ9T6,"","Pineapple Jack"
018NY6XC00VTYW6TEHXCCXKNNM,"","Pineapple Kush"
018NY6XC00VTT41W42W75H981V,"","Pineapple Legend"
018NY6XC00VTPN2STZXY0Q9536,"","Pineapple Master"
018NY6XC00VT1VNTKMEVC1E3GJ,"","Pineapple Mist"
018NY6XC00VTRMWHMHRGYBS3FF,"","Pineapple OG"
018NY6XC00VT1MK8R90BMV5KGR,"","Pineapple Paradise"
018NY6XC00VTBTM9D5VTTDMNDW,"","Pineapple Pie"
018NY6XC00VTKT2GVENANKFSV6,"","Pineapple Punch"
018NY6XC00VTZB8V4JSPA4055R,"","Pineapple Purple Berry"
018NY6XC00VT786AMTQVJBW712,"","Pineapple Purple Skunk"
018NY6XC00VT20098BYEK597VD,"","Pineapple Purps"
018NY6XC00VT6767V7DADWTMAC,"","Pineapple Raspberry"
018NY6XC00VT2WGVV9QYQP16YB,"","Pineapple Romulan"
018NY6XC00VTA03ZZCWGBC16T7,"","Pineapple Sage"
018NY6XC00VTTXRYTV6778CZYM,"","Pineapple Sherbert"
018NY6XC00VTGJ2V4E384664F2,"","Pineapple Silver Haze"
018NY6XC00VTNVHM56NVVR740X,"","Pineapple Skunk"
018NY6XC00VTVP1TPCX7VTN0WH,"","Pineapple Smoothie"
018NY6XC00VTBW575KAKHA3DC1,"","Pineapple Snow"
018NY6XC00VT1ZH021QW3Z4RWA,"","Pineapple Sour Punch"
018NY6XC00VT6QNXHBXED0T7V6,"","Pineapple Super Silver Haze"
018NY6XC00VTHAHMJMHSSDTPNH,"","Pineapple Sutra"
018NY6XC00VTVKVZK0MPH2E37N,"","Pineapple Tahoe"
018NY6XC00VTCFHBDGCMSXPW2K,"","Pineapple Thai"
018NY6XC00VT0KCX2F3T6R5WQS,"","Pineapple Trainwreck"
018NY6XC00VTN5JKH82XGTVK98,"","PINEAPPLE TSU"
01E7C1MQEHNW6XQXKNHQAG8TE4,"-unknown-","Pineapple x Chernobyl"
018NY6XC00VTPWTPK6015MQWRJ,"","Pineberry"
018NY6XC00VT961KHZ52S1RRZP,"","Pine Bud"
018NY6XC00VT4NMCJP4E4VNQW2,"","Pine Cone"
018NY6XC00VT8N9VXVST3DTYGK,"","Pine Kush"
018NY6XC00VT9NFWMM7YGR0P6G,"","Pine OG"
018NY6XC00VTS1TN5S3YYE9C1F,"","Pine Queen"
018NY6XC00VT48APTB51PBCVBD,"","Pine Queen Dream"
018NY6XC00VT3PXXWHKSF5WXNJ,"","Pine Skunk"
018NY6XC00VTGV5R4RJE4G7TBH,"","Pine Slap"
018NY6XC00VTX3SZVHQ2RS2WKE,"","Pinesoul OG"
018NY6XC00VT66MCEXMP26AD4M,"","Pine Tar Kush"
018NY6XC00VTXKNCY65JF8K23Z,"","Pinetrak"
018NY6XC00VTQ4JRXCGEMNFM6P,"","Pine-Tsu"
018NY6XC00VTT6CV4Z7PY3B3A2,"","Pink 2.0"
018NY6XC00VTZBF5N2F7KESBGR,"","Pink Afgooey"
018NY6XC00VTGS51QMGXWCMK4V,"","Pink Alien"
018NY6XC00VT9YEPZ2GG842Q7A,"","Pink Berry"
018NY6XC00VTM3XAA15W9W62VF,"","Pink Bubba"
018NY6XC00VT1BBF0YF6FJG0T8,"","Pink Bubble"
018NY6XC00VTN9QKK9X3HA0W6A,"","Pink Buffalo Cookies"
018NY6XC00VTKXM7H5RM0EBXCW,"","Pink Cadillac"
018NY6XC00VTAP18XYP813VMS7,"","Pink Candy"
018NY6XC00VT1XQB3RSPC28NN6,"","Pink Candy (Dungeons Vault Genetics)"
018NY6XC00VTD455WBYS6BBK29,"","Pink Champagne "
018NY6XC00VT7TPAJV7BY7S14V,"","Pink Chem 91"
018NY6XC00VTTNVV3HPNKXAG8W,"","Pink Cloud"
018NY6XC00VTP8AJWH7ZFQ2G87,"","Pink Cookies"
018NY6XC00VTA1F3SGFMPZ1TFE,"","Pink Crack"
018NY6XC00VTFVD18J4F82WE1W,"","Pink Death Star"
018NY6XC00VTR6KT1FPXESZ4DP,"","Pink Death Star "
018NY6XC00VTMMY7YPXX2VFYRN,"","Pink Flamingo"
018NY6XC00VT3A3SJNXK33004M,"","Pink Frost"
018NY6XC00VTB9DKTRTS809S1A,"","Pinkfruit Diesel"
018NY6XC00VTFY3NQYMAX5CV86,"","Pinkfruit OG"
018NY6XC00VTATTWFND5FNGXNA,"","Pink Goo"
018NY6XC00VTBFW8J773R50EYA,"","Pink Grapefruit Cocktail"
018NY6XC00VTZ0FKD0N1D53Z1H,"","Pink Hashplant"
018NY6XC00VTYXBNQX5T47C3RK,"","Pink Hawaiian"
018NY6XC00VT3M293BG0MCZ8QJ,"","Pink Haze"
018NY6XC00VTPBNXFWP5JB4G4V,"","Pink Kush"
018NY6XC00VTEC8GEB42R71Z05,"","Pink Lady"
018NY6XC00VT4S5GVK36EKBXNZ,"","Pinkleberry"
018NY6XC00VTQ5VX9BZ6E9Z70S,"","Pinkleberry Kush #18"
018NY6XC00VTVDYCS9FCD3XWP9,"","Pink Lemonade"
018NY6XC00VTJK7AT1VDK8DWFK,"","Pink Lemon Cookies"
018NY6XC00VT8EEYP3PD9G5W7K,"","Pink Lotus"
018NY6XC00VT7NMQP3Y3EXQNY6,"","Pink Louie 13th OG"
018NY6XC00VTR145SRC9KYGCWV,"","Pink Mango"
018NY6XC00VTJ446S72W18YGJF,"","Pink Mars OG"
018NY6XC00VTMJ32A33K44RS9Z,"","Pink Panther"
018NY6XC00VT2E0CQCTTSZMY9S,"","Pink Panties"
018NY6XC00VT4XHM25JQYWJC4X,"","Pink Panties (Pussy Kush)"
018NY6XC00VTF2K08E4YS91PMF,"","Pink Pez"
018NY6XC00VT5DZEXDF3DPZHRD,"","Pink Plant (Pink Panther)"
018NY6XC00VT5NZ2212D4T6HR2,"","Pink Snowball"
018NY6XC00VT1YW1NG2FDE4DE0,"","Pink Starburst"
018NY6XC00VT16YRKR6273X99K,"","pink sunset"
018NY6XC00VTSJEMB5DBZTMB34,"","Pink Taco"
018NY6XC00VT91A8HKVVEXHEZ6,"","Pink Triangle Kush"
018NY6XC00VT52JKJ7Z07W7KN2,"","Pink Warhead"
018NY6XC00VTZZKP07NHYVD8QR,"","Pink Widow"
018NY6XC00VT7GWFZX7GQDDT4A,"","Pinky Dinky"
018NY6XC00VTPFRYZ7P8R1R3J6,"","Pinnacle Black Water"
018NY6XC00VTBA7Y1T6KBCZXG8,"","Pinnacle OG"
018NY6XC00VT8738DC8X2Z98SM,"","Pinot Green"
018NY6XC00VTJQ41X8074RXY7Y,"","Pinot Noir"
018NY6XC00VT929WCDVXCZK4WK,"","Pipe Dream"
018NY6XC00VTS3SC1N5Z9SNDD1,"","Pitbull"
018NY6XC00VTGVFYJMEQHQ4WC8,"","Pit Bull"
018NY6XC00VTFZ13MBNN36VJ6E,"","P.K. Bomber"
018NY6XC00VT9211GR35Y22S83,"","PKR"
018NY6XC00VT8CC389VD279JN6,"","PK Starship"
018NY6XC00VTPEP30S95FQMNXS,"","PK White Widow"
018NY6XC00VTYBJAJ3E9CA619C,"","Planet Punch"
018NY6XC00VT3Y30XMWMB6D5YF,"","Plane Wreck"
018NY6XC00VTB6R4A0YC9H4W31,"","Platinum"
018NY6XC00VTNMKN4XYN1MRAY0,"","Platinum 44"
018NY6XC00VTBGYK3SPVVA3R75,"","Platinum Alien OG"
018NY6XC00VT7WV54R759KSW26,"","Platinum Banana Cookies"
018NY6XC00VTYXJQTR7TM066M4,"","Platinum Banana Crack"
018NY6XC00VTQAD7AHZ8K2T7ZY,"","Platinum Banana OG"
018NY6XC00VTP35Z83YQW2P8XN,"","Platinum Banana OG Kush"
018NY6XC00VTRZ6AQ0K0JXNS84,"","Platinum Banana OG Kush S1"
018NY6XC00VTMKEQ86BDHBCH17,"","Platinum Berry 99 F1"
018NY6XC00VTSVCYSTRSZVE854,"","Platinum Blackberry"
018NY6XC00VTP5YR24NYCK0T6Q,"","Platinum Blueberry"
018NY6XC00VT4S9TA4D15CD3CW,"","Platinum Blueberry Kush"
018NY6XC00VT0QM1XR2GPTYN3P,"","Platinum Blue Lean"
018NY6XC00VT58XVTQ4E18B4R2,"","Platinum Bubba"
018NY6XC00VTWCHBPTKAHF26FG,"","Platinum Bubba Kush"
018NY6XC00VT2H8Y2KMZ7JZP0S,"","Platinum Bubba Larry"
018NY6XC00VT0TQJCPZ8DK8Z6S,"","Platinum Bub-Booyah"
018NY6XC00VTSP3NRRV6Z32TVX,"","Platinum Champagne"
018NY6XC00VT8R9KJMRJBGGW9W,"","Platinum Cindy F1"
018NY6XC00VTGEGZ1VMMAJ8H5F,"","Platinum Cookies"
018NY6XC00VTWQ6MK0K7PHECE9,"","Platinum Dawg"
018NY6XC00VTR3BR7TBDKECZ9S,"","Platinum Delights"
018NY6XC00VTVXG4807W678W3C,"","Platinum Diesel"
018NY6XC00VTMKTRZ4HMQF3S7Y,"","Platinum Dojo"
018NY6XC00VTFM0ZSC9BBQW91R,"","Platinum Fire OG"
018NY6XC00VTZJPXDC26Z25NQD,"","Platinum Flo F1"
018NY6XC00VTNYNMNKVMJ9HA84,"","Platinum GDP"
018NY6XC00VT52XDKWSY49R888,"","Platinum Ghost"
018NY6XC00VTCRAW0PWV2DMDZ3,"","Platinum Girl Scout Candy"
018NY6XC00VTBYHCE4CN9VFJJ7,"","Platinum Girl Scout Cookies"
018NY6XC00VT15JFP3Q4D42MCF,"","Platinum Godberry"
018NY6XC00VT4TB3QAZ7CNWV1R,"","Platinum Green Crack"
018NY6XC00VTEBH7Y3414E953A,"","Platinum Haze"
018NY6XC00VT0TTEBRRS8D8CBK,"","Platinum Headband"
018NY6XC00VT919AFT0X1ADJW9,"","Platinum Huckleberry Cookies"
018NY6XC00VTX118FHRBWAM99H,"","Platinum Jack"
018NY6XC00VT9J96SV0CJA0NQD,"","Platinum Jack Cookies"
018NY6XC00VTGXHMT59Z63RZVT,"","Platinum King Kush"
018NY6XC00VTH82W75QQWK38WX,"","Platinum Kush"
018NY6XC00VT7TJTT0F5HF2SMW,"","Platinum Limón"
018NY6XC00VTBDQEV6HCWXAXW5,"","Platinum Moonshine Haze"
018NY6XC00VT2XR042VDAPY6M1,"","Platinum NASA"
018NY6XC00VTVSQHC345N9JQ6J,"","Platinum OG"
018NY6XC00VT7K31YX8Z92073X,"","Platinum OG Kush"
018NY6XC00VTMZ4366B2D2CY2D,"","Platinum Phaze F1 (Iron Phaze)"
018NY6XC00VTM6NBZVR0P4PXW9,"","Platinum Pink Cream Soda"
018NY6XC00VTW8X3YYSTD3Y61R,"","Platinum Pink Poison"
018NY6XC00VTWTR9YV47B80B7W,"","Platinum Purple Kush"
018NY6XC00VTCJBK14KTJ43AC7,"","Platinum Ribbon"
018NY6XC00VTEGX2XAEEB8SR04,"","Platinum Romulan"
018NY6XC00VT4P68RBB9B7ASD4,"","Platinum Secret"
018NY6XC00VTEDHYNB85G985YF,"","Platinum Secret BX"
018NY6XC00VTQ64SA964GDQJ9F,"","Platinum Tangy"
018NY6XC00VT2SN34ZR0MYGMWD,"","Platinum Trainwreck"
018NY6XC00VTGVCN88FM2WZVG6,"","Platinum White"
018NY6XC00VT6DXN3Q8YQEXMWY,"","Platinum Widow"
018NY6XC00VT2AN6J52MHTNRYF,"","Platinum Wreck"
018NY6XC00VTSXK8YE1BS72V73,"","Pliny Purple"
018NY6XC00VTCGK7S503K5EDKR,"","Plum"
018NY6XC00VTP99GM07D4SGGQ6,"","Plumberry Hash Plant"
018NY6XC00VT1NQ2WE6GY4V3PN,"","Plum Crazy"
018NY6XC00VTP0KC9ZV7RS5JCG,"","Plum Crazy Purps"
018NY6XC00VTDXW6X68DFFBZ6R,"","Plushberry"
018NY6XC00VTDSZQ8X3J4ECBN4,"","Plushy Pinez #2"
018NY6XC00VTN91CE2VVG17JZE,"","Pluto Kush"
018NY6XC00VTTKP8K0D30CE6KW,"","Pluton 2"
018NY6XC00VTG2642QQKNP47A0,"","Plutonium OG"
018NY6XC00VTND0MAT8456TWFF,"","Pluto OG"
018NY6XC00VTW0G088VJJHQ1JN,"","PM Dawn"
018NY6XC00VT6GM5484H5EXPN7,"","PMP Haze"
018NY6XC00VTR9BGGA2WD0ACN2,"","PMS"
018NY6XC00VTKQM42E3NNDW499,"","PN Columbia Pelo Naranja"
018NY6XC00VTJ34KKM41YJR4TY,"","P.O. #2"
018NY6XC00VT8EBB0ZBHDYV7F4,"","P.O. #3 (Earthshaker OG)"
018NY6XC00VTSG94NX95MQDZ8W,"","P.O. #5 (California Love)"
018NY6XC00VTXR1VZFNE8RS4TE,"","P.O. #6 (Petrol OG)"
018NY6XC00VTVNREP3S49VZ08H,"","P.O. #7 (XXX)"
018NY6XC00VT6GM00WVV3QFN1Y,"","Poco Loco"
018NY6XC00VT7KZTGR8AN2AT99,"","Pod"
018NY6XC00VTTSE4KRRSHQV0BE,"","Point Break"
018NY6XC00VTQE6BG6BC85FKSM,"","Point of No Return"
018NY6XC00VTNZZX6RT18SZFJN,"","Poisionberry"
018NY6XC00VT342Y0CNZP17X5V,"","Poison Haze"
018NY6XC00VTDWRAJ8M945D124,"","Poison OG"
018NY6XC00VTMKSP49PZTM69T4,"","Pokhara Nepalese"
018NY6XC00VTMX1EH0FZQFK21C,"","Pokie"
018NY6XC00VTHWGPWRC4Q6TYQW,"","Polar Bear"
018NY6XC00VT681VT2JXYP0BB9,"","Polar Dawg"
018NY6XC00VT5VZ536BHHH5TVK,"","Polar dog"
018NY6XC00VTMGZSEP37NN5374,"","Polar Express"
018NY6XC00VTG31KVGHSPZKQS3,"","Polaris"
018NY6XC00VTTKYEA69K47EEC1,"","PolarLight"
018NY6XC00VT3DZ3816PEW6Z5V,"","Pole Cat"
018NY6XC00VTEBBHPXGQYQKSQA,"","Polish Hemp"
018NY6XC00VT9PPP7AWX4E59SN,"","Pollyana"
018NY6XC00VTC7N3ZG2HM8795B,"","Pollypak"
018NY6XC00VTNQM51F76MCSK7V,"","Polm Gold"
018NY6XC00VTYN6X76CS0T0HKS,"","Polynesian Cookie Haze"
018NY6XC00VTKF7M2PKNA2JS1T,"","Polynesian Thin Mints"
018NY6XC00VTDERTHVFWE1G2WQ,"","PolywOG"
018NY6XC00VT42NEGKP2R9MCQ3,"","Pommelo"
018NY6XC00VTAFKPR40N0C6ZEV,"","Ponyboy"
018NY6XC00VTPGK5GRZKCJRKP7,"","poochie love"
018NY6XC00VTNBZ1W1F01RXWRM,"","Poochie Love"
018NY6XC00VT80QJ1JDB62AWF1,"","Pootie Tang"
018NY6XC00VT9AQAK93K9NEK70,"","Popcorn Kush"
018NY6XC00VTV9EGRWP3FN4GJB,"","Pope Von Alien"
018NY6XC00VT296ZC2E38RVWS5,"","P.O.P. F2 (Pacific Ocean Platinum)"
018NY6XC00VTKZEQR8GS8G8T67,"","Poppa Cherry"
018NY6XC00VTTNEQ94M5JTM783,"","Pop Rox"
018NY6XC00VTBS8QCCYFQP6VY4,"","Pop's Wreck"
018NY6XC00VTWTZFNKDS62BAED,"","Pornage Star"
018NY6XC00VTR028VAGZ81EGTJ,"","Portuguese Hemp"
018NY6XC00VTDARJVC79ZW9RDK,"","Posh"
018NY6XC00VTHAQKKXGTBA512E,"","Potent Purple"
018NY6XC00VTG2BMK1PJNA1FFS,"","Potlatch Cerimonial"
018NY6XC00VTC6K9TRPJVKSQA0,"","Pot of Gold"
018NY6XC00VT09SFN7W4ZSCTWR,"","P.O.W."
018NY6XC00VT9NQP9D7WWN1HEZ,"","Powdered Peak"
018NY6XC00VTVXPRXGR97246SH,"","Powder Hound"
018NY6XC00VTE8H0XVRDY8YB5V,"","Powder Keg"
018NY6XC00VTGVEP4FWJWGPWTQ,"","Power Africa"
018NY6XC00VTB8C2ECJ2P6PY5Y,"","Power Bud"
018NY6XC00VT26VAQDE5WJS6WW,"","Power Cheese"
018NY6XC00VT4Q0HQMKMQ9PKH2,"","Power Diesel"
018NY6XC00VTRNZ4XR6ACXDGMH,"","Power Flower"
018NY6XC00VTFDVK2GDCMFCTKZ,"","Power House"
018NY6XC00VT705NVF4M3ERR07,"","Power Kush"
018NY6XC00VTA9Z6594CNCS1YD,"","Powerline"
018NY6XC00VT9SSB0GKBHZ5KWE,"","Power Malawi"
018NY6XC00VTPD1H9YBHR6Z0K4,"","PowerNap"
018NY6XC00VTZ5TJW4ZQ63MCFP,"","Power Plant"
018NY6XC00VTW2RY30W4Q798PH,"","Power Purps"
018NY6XC00VTQ26SN8NKBKCXHC,"","Power (Riddler OG)"
018NY6XC00VT67NXZEPCGXN8RY,"","Power Skunk"
018NY6XC00VT81TSWCHYSTSH7H,"","Power Stout"
018NY6XC00VT64PA6YH6H9444D,"","Power Train"
018NY6XC00VTSRCDYN3CVPP3HJ,"","Power-Up_SBG"
018NY6XC00VTFCKV2G21T4X6S7,"","Power Wreck"
018NY6XC00VTHXM6REMJZ6PG3P,"","Powwow"
018NY6XC00VTDWBQAGXHWYYYEK,"","P-Phunk #5 (Tierra Rojo)"
018NY6XC00VTS42GC6WPN362BX,"","Ppp"
018NY6XC00VTEDP3RSW40RGN5X,"","PR-80 (Dr. Greenthumb's OG Kush)"
018NY6XC00VT0GCWDX76JVZFV1,"","Prayer Tower"
018NY6XC00VTAC3VBXK435Q540,"","Pre '91 Chem"
018NY6XC00VT5NQ7ACMXRSEQPW,"","Pre-98 Bubba Bx2"
018NY6XC00VTF8416M2FDH7TGR,"","Pre 98 Bubba Kush"
018NY6XC00VTAP478WFYKRYRWB,"","Pre-98 Bubba Kush"
018NY6XC00VTYPG9H6FH5ZG6TT,"","Pre 98 Bubba Kush BX2"
018NY6XC00VTKBA0KBAPZKASRV,"","Pre 98 Bubba Kush S1"
018NY6XC00VT8JH6FYXKTBBA1S,"","Pre 98 Cookies"
018NY6XC00VT0N2NK2YVXG4D89,"","Precious Child"
018NY6XC00VTMJ3VD6HG6ZQA6Q,"","Predator OG"
018NY6XC00VTYTEJRB0X9V3FBQ,"","Predator Pink"
018NY6XC00VTQKK0PQAPZEHVR9,"","Premium Jack"
018NY6XC00VTMQ8NJR6GGJR8FS,"","Premium KB Killer"
018NY6XC00VT6XWWYAAZR97J0V,"","Presidential Bubba"
018NY6XC00VTZ2XXVX1K63BFQ5,"","Presidential Cookies"
018NY6XC00VTK43H5QG9S0SZF2,"","Presidential Kush"
018NY6XC00VTF0KP2QTMS5ZGPC,"","Presidential Kush #1"
018NY6XC00VT7JY76983A67GW0,"","Presidential OG"
018NY6XC00VT6SJGW4981863GN,"","Presidential Purple"
018NY6XC00VTM27K3EC4KJEY9N,"","Presidential Sour"
018NY6XC00VTGEHDJN28NN677F,"","President OG"
018NY6XC00VTXSC440GV7QG5YF,"","Presidents Choice"
018NY6XC00VTC85428KAXWBA9D,"","Pretty Wicked"
018NY6XC00VT7GCJ99WJQXTA8V,"","Prezidential Kush"
018NY6XC00VT2FHPPNNRJCZJ6M,"","Prezidential Kush 1.2"
018NY6XC00VTH8RZYRD1G6628Q,"","Primera Dama"
018NY6XC00VTDCB75574XPQH5J,"","Primetime Purple"
018NY6XC00VTFWMAQ54XT3K9JD,"","Primo Hollanditis"
018NY6XC00VTTTG1F0KFD5HB0F,"","Primus"
018NY6XC00VTMDF8TYK23CDS5T,"","Primus OG"
018NY6XC00VT809CP8S1XW5DQN,"","Prince"
018NY6XC00VTMPJGMJ708AYNCR,"","Prince Maharaj"
018NY6XC00VT13NA59QYG0H2JH,"","Princess"
018NY6XC00VTKSQ4P5YBRT49TP,"","Princess 50"
018NY6XC00VTBZTPZNEG043KGE,"","Princess 75"
018NY6XC00VTA4EWD7E5S808EN,"","Princess Bob"
018NY6XC00VT4KX48CNPXPR8S6,"","Princess Diesel"
018NY6XC00VTW6N3V89BS048RQ,"","Princess Leia"
018NY6XC00VT2Y5Q1KJ8Y9EAPC,"","Princess Leia (Red Bee)"
018NY6XC00VT7WJS0Y6107PZWR,"","Princess Mist"
018NY6XC00VT7MA7J9CQJWMD36,"","Princess’s Tiara"
018NY6XC00VT3K7WNT3CH38S4X,"","Private Reserve"
018NY6XC00VT6NDZ2J96604HNM,"","Private Reserve Hyper Blue"
018NY6XC00VTFK5CFXSQQNBTX2,"","Private Reserve OG"
018NY6XC00VTQZJVD48Q247T8R,"","Prize Kush"
018NY6XC00VTYNFKC52T0X8Z1F,"","PR Kush"
018NY6XC00VT90VFVMSF45BJG2,"","Procasta"
018NY6XC00VTPXP9NFE1WJJX2W,"","Product 19"
018NY6XC00VTW74AZ5SQC5S5TV,"","Professional 3-Way"
018NY6XC00VTQC3HHZD93Y0ERT,"","Professional Blueberry"
018NY6XC00VTTJVVFMXVC4MWGT,"","Professor Chaos"
018NY6XC00VTXFGA4J3EWTDJFQ,"","Project 13"
018NY6XC00VTGSKADB5B5SQ51A,"","Project Blue Book"
018NY6XC00VT82P6BRF3PGGG0M,"","Project Mayhem"
018NY6XC00VTGF9TNF85XSVSYG,"","Prolific Kush"
018NY6XC00VTB69FA3A3PG5PQ7,"","Prometheus"
018NY6XC00VT1TASAZWX62C08X,"","Promo Dawg"
018NY6XC00VT6J663T6FXSYF96,"","Proper BHO Shatter"
018NY6XC00VTPSBFXDJRQE0KRD,"","Proper PHO Shatter"
018NY6XC00VTBG4K4PTR8PC0X5,"","PSA"
018NY6XC00VT6W6AB5XCPAPM1Y,"","Psycho Crack"
018NY6XC00VTYZ80HBGDJ812A9,"","PsychOG"
018NY6XC00VTKEGAFEB852F3WT,"","Psycho Killer"
018NY6XC00VT9JRG9PHTJTRNB7,"","Psychopatch"
018NY6XC00VT689YTWSC4GPM9A,"","Psychosis (Exodus Psychosis)"
018NY6XC00VT8P6STVPTKFYDPG,"","Pucker Haze"
018NY6XC00VT4VWZFZG1C29WNQ,"","Puffin Purple"
018NY6XC00VTMSWYZ2NTZFV1QK,"","PugsBreath"
018NY6XC00VTA43YDV1QBFPKY1,"","Pukka Skunk"
018NY6XC00VTDEQQW0XXM97AZH,"","Pulsar"
018NY6XC00VT8CYKGARND42SAW,"","Puna Budda (Budha)"
018NY6XC00VTTTW1F4X3Q1AQ6S,"","Puna Budda Cookies"
018NY6XC00VTQYGVK4Y3KZB2MG,"","Puna Buddaz"
018NY6XC00VTJ4D75YB694HQ97,"","Puna Budder"
018NY6XC00VTASABR05HNCS6NF,"","Punky Lion"
018NY6XC00VT7V4CC0XBW6K0BF,"","Puookie"
018NY6XC00VTG7S11FDHGEEE4M,"","Puppy La Pew"
018NY6XC00VTFH6Z04F45QNBKK,"","Puppy Love"
018NY6XC00VT5SXH0EBRQERTVN,"","Pura Vida"
018NY6XC00VTHCKJJRGGWSMACP,"","Pure Afghan"
018NY6XC00VTT1G5FNQXYK4TNB,"","Pure Gold"
018NY6XC00VTZY76KA16XXM2FB,"","Pure Gooey"
018NY6XC00VT6AV5KDG4P3FZJW,"","Pure Hash Plant"
018NY6XC00VTE1GX1PCQFSRYX6,"","Pure Haze"
018NY6XC00VTBHKN9VM28V5BNB,"","Pure Kush"
018NY6XC00VTCMM01G68DR9Q6X,"","Pure Kush GAL5900"
018NY6XC00VTCKXW2VRJ2ZMYPS,"","Pure Kush GAL6504"
018NY6XC00VTCT2299SP14R6AB,"","Pure Kush (PK)"
018NY6XC00VTR1JKSE600DFBXV,"","Pure Light"
018NY6XC00VTCXYNAHYWYB2XCJ,"","Pure Love"
018NY6XC00VT2DTQKWP2TYX4RE,"","Pure Mighty Mite"
018NY6XC00VTRS30SV1SDBGQC7,"","Pure OG"
018NY6XC00VT7CA16XBXW1P08S,"","Pure Power Plant"
018NY6XC00VTX4JXNV50YJHDYT,"","Pure Purple Afghan"
018NY6XC00VTSVRXF7DG1NJJC5,"","Pure Skank"
018NY6XC00VTGBRB82KJQVQZ4G,"","Pure Skunk"
018NY6XC00VTC7FQXPC7QKGKX6,"","Pure Thai"
018NY6XC00VTZDDHXH9TNYC1T9,"","Pure Truth"
018NY6XC00VTS5N9PZ817V18JK,"","Pure Vida"
018NY6XC00VTGSEA19W2KY9JN2,"","Purfect"
018NY6XC00VTHZ8NKAZJVBE8HT,"","Purification"
018NY6XC00VTXTTWG9WJ7W2JQK,"","Purp Diesel"
018NY6XC00VTRRJQMH1XC1SHCN,"","Purpe Maui"
018NY6XC00VTV959JK6T7B6SMA,"","PURPetrator"
018NY6XC00VT2R2VVW3SKGP8RP,"","Purpit"
018NY6XC00VTDJQ1AW0WXG65GS,"","Purple"
018NY6XC00VT370VMS0TWZNEDV,"","Purple#1"
018NY6XC00VT1HH51W9X8C20TJ,"","Purple Afghani"
018NY6XC00VT18Q966KCZ7JYNF,"","Purple Afghanistan"
018NY6XC00VT20V7B93MZPFV7C,"","Purple Afgoo"
018NY6XC00VT1RCBXTHX171WP5,"","Purple African"
018NY6XC00VT4N6V41SCE8KXSS,"","Purple AK-47"
018NY6XC00VTQD0CMBCT6FQJXP,"","Purple Alien"
018NY6XC00VTXV83C2DAGCRR4A,"","Purple Alien Dawg"
018NY6XC00VT1EM8RPNED6G2R1,"","Purple Alien OG"
018NY6XC00VT6QTE7334XSFJZ3,"","Purple Alien OG Kush"
018NY6XC00VT9MDKWTEYKAMHSN,"","Purple Animal Kush"
018NY6XC00VTSAPKP81K9X1QDJ,"","Purple Apollo-13 (The Void) (Void 2.0)"
018NY6XC00VT6YW0R0YEBG0DE2,"","Purple Armageddon"
018NY6XC00VTFXNKT4299B1PGY,"","Purple Arrow"
018NY6XC00VTA2XP36DB7TD4T7,"","Purple Aurora"
018NY6XC00VTPX7X22TJA3BP3A,"","Purple Barney"
018NY6XC00VTWAP5ZNDX6DJNQN,"","Purple Barney Rockstar"
018NY6XC00VT31QH645G66TE97,"","Purple Bazooka"
018NY6XC00VT18BPF6R6A7VTMQ,"","Purple Berry"
018NY6XC00VTJEEXP3T064C5GD,"","Purple Berry BX"
018NY6XC00VT4EKGQQ3V18JSPP,"","Purple Berry Diesel"
018NY6XC00VTN24XYAX2A9XZQG,"","Purple Big Bud"
018NY6XC00VTSX2F3D07XRSM21,"","Purple Blueberry"
018NY6XC00VTH95C655NC11EHH,"","Purple Bomb"
018NY6XC00VT75TQZ73XY6K6VQ,"","Purple Bomb (Cherry Cola)"
018NY6XC00VT54SY334PT6C958,"","Purple Bubba"
018NY6XC00VTZBGK98AZN2AKYY,"","Purple Bubba Crack"
018NY6XC00VTGTJN1FRXW7NQK2,"","Purple Bubba Kush"
018NY6XC00VTS4SAV6AVDDC1CC,"","Purple Bubblegum"
018NY6XC00VTWEVDHQ6JH7K7MQ,"","Purple Bud"
018NY6XC00VTQM0CV0JY5TQZBB,"","Purple Buddha"
018NY6XC00VTFNV3EB2X2RWS24,"","Purple Buddha Thai"
018NY6XC00VT68T8E2PC5VTJCA,"","Purple Bush"
018NY6XC00VTN9ZZXJ2AYZDYFN,"","Purple Butter"
018NY6XC00VT6FX5YZGGGEQ2V5,"","Purple Cactus #4"
018NY6XC00VT3J6JFBZQAKN6QW,"","Purple Cadillac"
018NY6XC00VTEQ42PTPVHTPN80,"","Purple Candy"
018NY6XC00VTK0TWBTRTNTWQ02,"","Purple Candy Cane"
018NY6XC00VTJ7FWKCSHT4BGSM,"","Purple Caper"
018NY6XC00VTY4ES7GTQ13XPTT,"","Purple Cat Piss"
018NY6XC00VT45FP85M4QFMPJM,"","purple champagne"
018NY6XC00VTNB1XWKG3B8YD5A,"","Purple Champagne"
018NY6XC00VT04FNY366SB32JP,"","Purple Cheddar"
018NY6XC00VTARDXEPSKJNZNW9,"","Purple Cheese"
018NY6XC00VT39G1FDEYXCYV41,"","Purple Chem"
018NY6XC00VT4RNY35P3X0ZWGC,"","Purple Chemdawg"
018NY6XC00VT4W3KY421CAJENR,"","Purple Cherry"
018NY6XC00VTN1AWBCQ49DH4N3,"","Purple Cherry Pie"
018NY6XC00VTAG4NWQVHAK73ZP,"","Purple Chiesel"
018NY6XC00VTP4YSD0RV9XC93F,"","Purple Chocolate"
018NY6XC00VT95B22ETEGS2ZHN,"","Purple Chocolate Kush"
018NY6XC00VTRJWXK7JYZ5T6K5,"","Purple Church"
018NY6XC00VTWSVXS6KMMTKG14,"","Purple Citrus"
018NY6XC00VTVDN8YRDQ7Y9MXM,"","Purple Cookie"
018NY6XC00VT2TWWJMF21TH3RE,"","Purple Cookie All-Star"
018NY6XC00VT9ZMA2DY1QFGZWD,"","Purple Cookies"
018NY6XC00VTA9PVBT607RY40X,"","Purple Cotton Candy"
018NY6XC00VTX6AYTHPJGG9GC4,"","Purple Cotton Haze"
018NY6XC00VTFFDKC7F69Y1DDN,"","Purple Cow"
018NY6XC00VT9722WYJC0A6S9Y,"","Purple Cowboy"
018NY6XC00VTEE795TDJXFT6WH,"","Purple Crack"
018NY6XC00VT7DC4XHEKF0967S,"","Purple Cream"
018NY6XC00VTCQEA3QKYZV7WCE,"","Purple Cream OG"
018NY6XC00VTAR1ES6AV5MWXY9,"","Purple Creeper"
018NY6XC00VTSYW2TY0EM0MH22,"","Purple Czar"
018NY6XC00VTEKT3QMVDA8BF6Y,"","Purple Diamond"
018NY6XC00VT9SFD8FY8XC31QG,"","Purple Diesel"
018NY6XC00VTVQBJ6CQDGF188W,"","Purple Dino"
018NY6XC00VTGMETZBF088CTZ4,"","Purple Dinosaur"
018NY6XC00VTSB8HHRTDKS5X0P,"","Purple Dogg"
018NY6XC00VT0VHW833GVN8TH5,"","Purple Dog Shit"
018NY6XC00VTX4NGAW44DZBMG3,"","Purple Dogwood"
018NY6XC00VTVFKE5WF6SM41D0,"","Purple Dragon"
018NY6XC00VT4FP5E0A2ZYDFW0,"","Purple Dream"
018NY6XC00VTFVX54S53ZB4EJM,"","Purple Durban"
018NY6XC00VTYW2Q4P20JWDSF9,"","Purple Durban Poison"
018NY6XC00VTKM25746RGPQPFT,"","Purple Dynamite"
018NY6XC00VTY7K64TEXX3FDV0,"","Purple Eclipse"
018NY6XC00VTH8TXGAGZC5R814,"","Purple Eclipse (The Vault Genetics)"
018NY6XC00VTAR275MTR7806HX,"","Purple Elephant"
018NY6XC00VTYF72ER2PSENBFH,"","Purple Elvis"
018NY6XC00VTQ3ST9HBNY7A9KX,"","Purple Emergency"
018NY6XC00VTPSNA7KENMG7MB4,"","Purple Evolution"
018NY6XC00VTZPDM47VMNNQGQ6,"","Purple Express"
018NY6XC00VTBJE5RBFCQ6CK23,"","Purple Fanta"
018NY6XC00VTMVX5QZ165VBMAJ,"","Purple Fantasy"
018NY6XC00VTGBM04SA48V53CT,"","Purple Fat Pie"
018NY6XC00VTWS19W28ASDFTJ1,"","Purple Fire"
018NY6XC00VTAPG31WB821MDWZ,"","Purple Flo Berry"
018NY6XC00VTVAHX2BZG7KQZYG,"","Purple Flubba"
018NY6XC00VTXFP29BWKDV0SRX,"","Purple Frog"
018NY6XC00VT72CWDA9757YTXS,"","Purple Frost"
018NY6XC00VT6SM6PHJCB4JJXT,"","Purple Fucker"
018NY6XC00VTDH2Z2V0SQ7W22H,"","Purple Fuck V1"
018NY6XC00VTMX1WS9XRX4Y2VS,"","Purple Fuck V2"
018NY6XC00VTKMNXWEXJAJM3SF,"","Purple FX"
018NY6XC00VTSCZBNG8RBMVV21,"","Purple Glue"
018NY6XC00VTMQY6W4QDK37NAE,"","Purple Goat"
018NY6XC00VT8NG0RKZP9YD8S0,"","Purple Goblin"
018NY6XC00VT4AZDJVJB3BM8PN,"","Purple God Bud"
018NY6XC00VTD3J4FBBAMEKRTK,"","Purple Godzilla"
018NY6XC00VTSCDAAQWKA5JHG7,"","Purple Goji"
018NY6XC00VT1HWHEZATDP5T8X,"","Purple Goo"
018NY6XC00VT8M5WRCPK6V48Z4,"","Purple Gorilla"
018NY6XC00VTSR0HYKT2N8WMNM,"","Purple Gorilla Glue"
018NY6XC00VT9QWY4KN2N21VW9,"","Purple Grapefruit"
018NY6XC00VT3F4FFSV9BQDGJS,"","Purple Grape Kool Aid"
018NY6XC00VTR8S6D975XAV39R,"","Purple GSUS"
018NY6XC00VT1392CPTEPXDYA7,"","Purple HALO"
018NY6XC00VTZ92ZHCEDC9RY59,"","Purple Hashplant"
018NY6XC00VTJ2WTKV4MY1KERR,"","Purple Haze"
018NY6XC00VT2ZAX3PG77RPCK4,"","Purple Haze #1 (Rare Dankness)"
018NY6XC00VTZRTDPCK1Q89T2X,"","Purple Haze #2"
018NY6XC00VT63XN2P3GQM1X51,"","Purple Headband"
018NY6XC00VTNSER2V5J891B3N,"","Purple Head Knocker"
018NY6XC00VT4RKM3SDBR9DS53,"","Purple Heart"
018NY6XC00VTG9RFEQX4Z07SQ3,"","Purple Heart (Alphakronik)"
018NY6XC00VTA415KB1VJCVD7E,"","Purple Heart (Quantitative Genetics)"
018NY6XC00VT0B0TJCXEWM8CVP,"","Purple Heart (Riot)"
018NY6XC00VTXCJTQBR0P2K7VC,"","Purple High"
018NY6XC00VTG3A5YVGZ5YGCF6,"","Purple High F2"
018NY6XC00VTTEJE7FXFD5955H,"","Purple Hindu"
018NY6XC00VT8E9DEXF6VJEAP8,"","Purple Hindu Kush"
018NY6XC00VTP6A621GMHTN3VF,"","Purple Hippo"
018NY6XC00VT6APJHZB35MTSX3,"","Purple Hulk"
018NY6XC00VTSDYCZJ6VQG1AK9,"","Purple Humboldt"
018NY6XC00VTRZKBFRT0J8QAJ2,"","Purple Ice"
018NY6XC00VTMB19QBCNBJ1WEA,"","Purple-icious"
018NY6XC00VTPT9FGB7NGTCVPG,"","Purple Indica"
018NY6XC00VT091BE8EEPTPCKT,"","Purple Jack"
018NY6XC00VTQANVY0VZJ9NW76,"","Purple Jamaican Skunk"
018NY6XC00VTVE475H2VBP3DW2,"","Purple Jazz"
018NY6XC00VTBTW9ZE9W6R51CA,"","Purple Jazz Goo"
018NY6XC00VTWJ6WGG1CG4ADKP,"","Purple Jems"
018NY6XC00VTBYE338B3XZN2SV,"","Purple Jolly Rancher"
018NY6XC00VTPSHKJFDM8Y4CZA,"","Purple JR"
018NY6XC00VTDE6NY4W25398J8,"","Purple Killer"
018NY6XC00VTTAZKCRXYZW4T6A,"","Purple Kool-Aid"
018NY6XC00VTGXT8AHTCQEFRGE,"","Purple Kryptonite"
018NY6XC00VT4KKVXX64ZS9B9E,"","Purple Kush"
018NY6XC00VTV7EN3MYGTJ0T2T,"","Purple Kush (Canadian Genetics)"
018NY6XC00VTEENPZM4W7WNPVD,"","Purple Kush Starship"
018NY6XC00VT32D55292SJS1TX,"","Purple LA"
018NY6XC00VTC644WK2GF5KQ8A,"","Purple Larry OG"
018NY6XC00VTXW7ZAGN4GN45V4,"","Purple lavender"
018NY6XC00VTSP4JXMKQF438R2,"","Purple Legend"
018NY6XC00VT9JTYP8D37RKQWZ,"","Purple Lemon Haze"
018NY6XC00VTWHBAB1PCDRRB91,"","Purple Lemon Larry OG Kush"
018NY6XC00VT57W0GEPVPPV47G,"","Purple Lightning"
018NY6XC00VTQXJ4HE85MYN4N2,"","Purple Linda"
018NY6XC00VTPN9G7J42FD0HQA,"","Purple Lock"
018NY6XC00VT8SVVWYMAERP3NM,"","Purple Lotus"
018NY6XC00VT8WN2M41SHV7BDG,"","Purple Lotus (Bodhi)"
018NY6XC00VT4A6WBBZDPNPT6Q,"","Purple Magic"
018NY6XC00VTRSQXVTWKWHV4ZD,"","Purple Mango"
018NY6XC00VTHCT3Q6HBYGKW69,"","Purple Maroc"
018NY6XC00VT0PWVT223ZE2TMD,"","Purple Martian"
018NY6XC00VTFN1MF5R1W9D924,"","Purple Martian Kush"
018NY6XC00VTKW0ABFKT0CFWC2,"","Purple Master"
018NY6XC00VTBKN1BN6PSEET10,"","Purple Maui"
018NY6XC00VTYNR3XRAQ5A49V4,"","Purple Mayhem"
018NY6XC00VTHXSMS59322304Z,"","Purple Mazar"
018NY6XC00VTTQDW1705RD0XW6,"","Purple Mendocino"
018NY6XC00VTGP33TB30Z5NYZB,"","Purple M&M"
018NY6XC00VTYXYE48YYE9WZST,"","Purple Monkey Balls"
018NY6XC00VTD9F6Q26ADMVE7M,"","Purple Monkey Balls (SnowHigh)"
018NY6XC00VTGYYPH5MZRHE64Z,"","Purple Monster"
018NY6XC00VTRNYZQ5CWAKY9GP,"","Purple Moonshine"
018NY6XC00VTB8TV74W5QZJX6W,"","Purple Mountain Majesty"
018NY6XC00VTDBKNEY2PDWZGQT,"","Purple Mr Nice"
018NY6XC00VTHKG3K3JTBK2SCQ,"","Purple Mr. Nice Guy"
018NY6XC00VTJB9YQQ7MFE781V,"","Purple Myth"
018NY6XC00VTH32FHVYC3CHQBS,"","Purple Nam"
018NY6XC00VTZY7E155RBYRN5F,"","Purple Nebula Tricone"
018NY6XC00VTQKYPACQE2T9X56,"","Purple Nectar"
018NY6XC00VTYSNS5YC9C4QBVS,"","Purple Nepal"
018NY6XC00VTZ9WNVJ4PBKG71C,"","Purple Nepalese"
018NY6XC00VTRDRT9YF8NB8GDE,"","Purple Nerds"
018NY6XC00VT89VXPV7JASBQ2Y,"","purple nice"
018NY6XC00VTGGTGTD1WEAEN64,"","Purple Northern Lights"
018NY6XC00VTHB55YZDBJSDJZ6,"","Purple Nr 1"
018NY6XC00VT8K6573R1VEBGK1,"","Purple Nurds"
018NY6XC00VTYEP1W0C8HJZ3GR,"","Purple NYC"
018NY6XC00VT1MG7MXY7XFY80M,"","Purple Obamba"
018NY6XC00VT0FT9RAGATWAGN6,"","Purple OG #18"
018NY6XC00VTKPJMA2CM5QEH03,"","Purple OG Kush"
018NY6XC00VTABNAYRMY0VXBTK,"","Purple Orange Auto"
018NY6XC00VTRWQJSJF5Y089PY,"","Purple Orangutan"
018NY6XC00VT6XPYVPCZ94HD9G,"","Purple Oregon Sativa"
018NY6XC00VTDFHRP2P2B9NA5N,"","Purple Pain Killer"
018NY6XC00VT36DVDE156CJ1YS,"","Purple Pakiderm"
018NY6XC00VT97QGBG2NQ043BF,"","Purple Panda"
018NY6XC00VTMP8DEJ0GCCRWG5,"","Purple Panorama"
018NY6XC00VTAKZS1163RC1DZG,"","Purple Pantera"
018NY6XC00VTXJ25GRM7G5FDS3,"","Purple Panty Dropper"
018NY6XC00VT52056Q9DS2YNWF,"","Purple Paralysis"
018NY6XC00VTH8RBAW1WS4QSW8,"","Purple Paralyzer"
018NY6XC00VTMZ3V3M0NRBKD7H,"","Purple Passion"
018NY6XC00VTBSJJZ105K5DWWK,"","Purple PC"
018NY6XC00VT1SB016B8WW3692,"","Purple People Eater"
018NY6XC00VTXPJN757C0QNP3J,"","Purple Phantom"
018NY6XC00VTRMESV174TRZQE3,"","Purple Phantom (Red Bee)"
018NY6XC00VTDYSDGE6R65C2FS,"","Purple Pig"
018NY6XC00VTT8GHZ0MN5EF8RT,"","Purple Pine"
018NY6XC00VTT1C14T4KR420GS,"","purple pineapple"
018NY6XC00VTRXQFHW0CZNH7EH,"","Purple Pineapple"
018NY6XC00VTAEG8SS5B69SHPF,"","Purple Pineapple Afghani"
018NY6XC00VTZZ2SZARJCSPJTT,"","Purple Pineapple Mist"
018NY6XC00VT7KW0JXGRW0Y224,"","Purple Pineberry"
018NY6XC00VT9DRH3BTN2P92DZ,"","Purple Pinecone"
018NY6XC00VT0Y2HSTYS0JVQKY,"","Purple Pinocchio"
018NY6XC00VTTMWZ3STY7G4WRB,"","Purple Platinum"
018NY6XC00VT73H2F9PYQ7HXSJ,"","Purple Power"
018NY6XC00VTYJ8HZ9RB21V4R9,"","Purple Princess"
018NY6XC00VTHDMW9WEAK30EQZ,"","Purple Project"
018NY6XC00VTQNGP2QEM1SFSB4,"","Purple Punch"
018NY6XC00VTJN38FWRYNNM8QZ,"","Purple Queen"
018NY6XC00VT341SDMKCEYY0FZ,"","Purple Rain"
018NY6XC00VT5YQWZY1AQCHGC4,"","Purple Rain (BigDogs)"
018NY6XC00VTB36G62TSXCQG1B,"","Purple Raine"
018NY6XC00VTVSCDR0DAK53T9B,"","Purple Razz"
018NY6XC00VT09AA5PPW0RM6W5,"","Purple Rhino"
018NY6XC00VTDV6KDZ8D9184WS,"","Purple Rhodi"
018NY6XC00VTEPJB025GWTAEYD,"","Purple Ribbon"
018NY6XC00VT73XZQ3NGN7776K,"","Purple River"
01E7BYPZPY979EZDF9H5S4JGDJ,"-unknown-","Purple River x Huckleberry OG"
018NY6XC00VTT2K95P0N4CSEVT,"","Purple Rock-Band"
018NY6XC00VTV0GN1VBK8QNAV2,"","Purple Rockstar Kush"
018NY6XC00VT3ZY7D2J493SKPF,"","Purple Romulan"
018NY6XC00VT2KG70JPTRM3GNW,"","Purple Rose"
018NY6XC00VT216VBTP0S177QH,"","Purple Sage "
018NY6XC00VTMKZ30J07TVT4SG,"","Purple Salem Indica"
018NY6XC00VTZXV80H83H8VDEC,"","Purple Sapphire"
018NY6XC00VT5SD2RKS75S3XY1,"","Purple Sauce"
018NY6XC00VTC8M5M00BGGFMQ4,"","Purple Shadow"
018NY6XC00VT8TKWAKJ7AZR4AA,"","Purple Shaman"
018NY6XC00VT1TJ9H49TQ2FZZC,"","Purple Sierra"
018NY6XC00VT3M9Z5GDZEH320J,"","Purple Silver"
018NY6XC00VT6RZBAKHXXQTJHE,"","Purple Skittles"
018NY6XC00VTXRN5Z5YJVMPC2E,"","Purple Skunk"
018NY6XC00VT4C227E58EQCVFD,"","Purple Sky"
018NY6XC00VT1F2J72G49ED47M,"","Purple Skywalker OG"
018NY6XC00VT6FB7MZ7K2XG4XF,"","Purple Snow"
018NY6XC00VTQZDQF06DHBXGA5,"","Purple Snowman"
018NY6XC00VT7C2CA1P13VR7XK,"","Purple Snow White"
018NY6XC00VTTZH3G1X58V6K9G,"","Purple Sour Diesel"
018NY6XC00VTPDCEPPKH43X6D3,"","Purple Star"
018NY6XC00VT75F7D8E4C20SFT,"","Purple StarDawg"
018NY6XC00VT2D1DCD46FNF53B,"","Purple Star Trek"
018NY6XC00VTTV2P4Q68ZQK2NV,"","Purple Stem"
018NY6XC00VTSH3FD0HXW6ND3R,"","Purple Sticky Punch"
018NY6XC00VTQS71699WMDWSKS,"","Purple Strawberrys"
018NY6XC00VT93R4C22JAXACXC,"","Purple Suicide"
018NY6XC00VT48PVRN4VXJRGSM,"","Purple Suicide F1"
018NY6XC00VT8CTSPR0KTBBP3R,"","Purple Swish"
018NY6XC00VTJZAQVBKG5GX6N3,"","Purple Tahoe Alien"
018NY6XC00VT8Y9R6VAYXS1210,"","Purple Tahoe OG"
018NY6XC00VTAPMGX66H2KKP46,"","Purple Tangerine"
018NY6XC00VTZRH5NY09R29HGV,"","Purple Tangie"
018NY6XC00VTXN4D5TXGDSE55W,"","Purple Tears"
018NY6XC00VT95Q278FEYNAEN0,"","Purple Thai"
018NY6XC00VTVRNNHT031G0ZZB,"","Purple Thunder"
018NY6XC00VTN8GJ02V4DWRQ1S,"","Purple Tide"
018NY6XC00VT5YHNHN90D861Z8,"","Purple Tonic"
018NY6XC00VTTTC58WY83RBGGX,"","Purple Tops"
018NY6XC00VTN5S1P3PHYZ48QX,"","Purple Trainwreck"
018NY6XC00VTPPSZ226WJ5WD72,"","Purple Tranquilizer"
018NY6XC00VTHCHDT6FX91RSQA,"","Purple T-Rex"
018NY6XC00VT2RNZRBV52CETCR,"","Purple Unicorn"
018NY6XC00VT35H07GFFABJGMB,"","Purple Urkle"
018NY6XC00VTEXRA1K2MS7D86P,"","Purple Vapor"
018NY6XC00VTRAQ8311JHX8WYQ,"","Purple Voodoo"
018NY6XC00VTFH4S8K6WDQGKR5,"","Purple Voodoo Monster"
018NY6XC00VT6VP5JEWYHH9K3J,"","Purple Warrior"
018NY6XC00VT76Z6XMZ7EAN0VW,"","Purple Widow"
018NY6XC00VT61HVM52B2HRMJV,"","Purple Wifi"
018NY6XC00VT7MD2SXGCK862AX,"","Purple Wonder"
018NY6XC00VTNBYAKE32B816X8,"","Purple Wreck"
018NY6XC00VT00ZHCTRGPHQZGW,"","Purple Yoda"
018NY6XC00VTES2WER91ETX2J8,"","Purps"
018NY6XC00VT9SM1102FB8QPJS,"","Purpsnterps"
018NY6XC00VTP3FF7AKDJSHTT4,"","Purpurea Ticinensis"
018NY6XC00VTFGW7VD75STMKQ7,"","PurPur TI"
018NY6XC00VTJN46S2H5EV190T,"","Pursang Haze"
018NY6XC00VTE7KHDJ1AARQ2RW,"","Pursang Haze (Sonic Seeds)"
018NY6XC00VTP8TH0K0Q4A9A23,"","Pussy Kush"
018NY6XC00VTK3MZGD59MRNK32,"","PVC OG"
018NY6XC00VTEDS892SXD9WABX,"","PyDog"
018NY6XC00VTHVQ0VK32W34B1E,"","Pygmy Pot"
018NY6XC00VTM3M132T3KSV9EX,"","Pyramid"
018NY6XC00VTRZSYBSSBH1ZP45,"","Q3"
018NY6XC00VTCZX9D37GS39F9C,"","Qleaner"
018NY6XC00VTRPEH9FYZ64R7EF,"","Qrazy Glue"
018NY6XC00VTRETEKGPT3ZJTDK,"","Qrazy Train"
018NY6XC00VT5CGG3EG08NTHV6,"","QuadJacks"
018NY6XC00VTT0DSNASCV9558N,"","Quantum Hammer"
018NY6XC00VT24YYXKYB2FXM3A,"","Quantum Kush"
018NY6XC00VTDD0AQWBMHVYJSV,"","Quantum Kush #5"
018NY6XC00VTNBCT02ZQA4QVYY,"","Quasar"
018NY6XC00VT7YCS5005JYM4QH,"","Quaze"
018NY6XC00VT922Q474C1Z2HSE,"","Quebec Gold"
018NY6XC00VTTS0VJQQG54T0TT,"","Queen"
018NY6XC00VTXSNMPC090V10FT,"","Queen Annes Revenge"
018NY6XC00VTXRACD5MZQ6X31N,"","Queen Bee"
018NY6XC00VTM97VT8PTC5MQ73,"","Queen Frostine"
018NY6XC00VTQK6YGX1J0KFF34,"","Queen Green"
018NY6XC00VTMJ8MMCF53Q1DRY,"","Queen Mother (Reina Madre)"
018NY6XC00VT2A1HA6VJ6DA4SV,"","Queen of Hearts"
018NY6XC00VTGRFG4J39EBM939,"","Queen Of Hearts (AlphaKronik)"
018NY6XC00VTB2TP0S9D5ACT2N,"","Queen's Panties"
018NY6XC00VTPH0TEP0HFZE6E0,"","Que Hash Plant"
018NY6XC00VTQ8S838GKJ4RVGM,"","Querkle"
018NY6XC00VTGXY4SFKY5CF49Y,"","Queso"
018NY6XC00VT3VH8R6PZZ19SC8,"","Queso Blanco"
018NY6XC00VTZ55J0THV2JHCET,"","Queso Fresco"
018NY6XC00VTJSXAZ3R62GGRNS,"","Queso Viejo"
018NY6XC00VT4EKTNCX3F88E79,"","Quetiva"
018NY6XC00VTCKY0SH190REWRT,"","Quick Bud"
018NY6XC00VTEB1MA7G6QWRG8C,"","Quick Draw McGraw"
018NY6XC00VTYVKJD2DZ93Y4FJ,"","Quick Freeze"
018NY6XC00VTB7FVC5JRSQ043Y,"","Quick Mist Diesel"
018NY6XC00VT0R1QQAXBNR1DHB,"","Quick One"
018NY6XC00VTBPQNNMS3N973VM,"","Quick Silver"
018NY6XC00VTPSBFKZ9YPTSK5Q,"","QuickSilver"
018NY6XC00VTJTB86S9WW4NR0V,"","Quimby"
018NY6XC00VTYB7CYKNKCK3XVY,"","Quimiotipo CBD"
018NY6XC00VT807WFJ73H7QZM8,"","Quin N Tonic"
018NY6XC00VTDMEKRDHEWSWB6S,"","Quin-N-Tonic"
018NY6XC00VTQ04244F3AD5REF,"Indica","Quintica"
018NY6XC00VTBF49Q4D7HR8AT1,"","Qush"
018NY6XC00VTVXN4QQPYV35B6A,"","R1 Bubba Kush"
018NY6XC00VTXHNEMYYXW3ZHHX,"","R2-D2"
018NY6XC00VTBZXF0QMEGKGJ10,"","R-4"
018NY6XC00VTNHH4PFE2N31QBM,"","R6"
018NY6XC00VTP5S8QAAXGM8YZW,"","Raccoon (Rocky)"
018NY6XC00VT65J6ZYGGZ5MSBP,"","Race Fuel"
018NY6XC00VTT5GQVZDX1ZRXQB,"","Race Fuel OG"
018NY6XC00VTQ8N7GYGJTWEKHB,"","Radioactive Kush"
018NY6XC00VT71TJ2YA8ZKRBNH,"","Radioactive Man"
018NY6XC00VTHP9CP2EEYBYJK9,"Indica","Raekacet"
018NY6XC00VTAHPS22Y42815GE,"","Rafael"
018NY6XC00VT5HY8SHECHEQ9HD,"","Rainbow"
018NY6XC00VT71K8B77WYB958T,"","Rainbow #4"
018NY6XC00VT23412NXA1J325D,"","Rainbow Cookies"
018NY6XC00VTFH7E6J0PHBNCVM,"","Rainbow Haze"
018NY6XC00VTTG04R2A8D97YHS,"","Rainbow Jack"
018NY6XC00VT1NPQ92C7BNFRH4,"","Rainbow Jones"
018NY6XC00VT9P98PAKVD942QZ,"","Rainbow Kush"
018NY6XC00VTBWRVPC61NVPXAM,"","Rainbow Multi Purple"
018NY6XC00VT9WH93V7BYMR9FK,"","Rainbow Sherbert"
018NY6XC00VTENTED7C1YVJR6D,"","Raindance"
018NY6XC00VTZD8GKYRPQ3TNSY,"","Raindrop Kush"
018NY6XC00VTE5AYNG3Y44XEP9,"","Rainier"
018NY6XC00VTNTVQV76NN2E952,"","Randy Savage"
018NY6XC00VT0CT2SQ4VTETV84,"","Rapid Fire"
018NY6XC00VTF96PEZHMQMR80A,"","Rapper's Delight"
018NY6XC00VTVS4WPY446RQZ1Z,"","Rare Bubba"
018NY6XC00VTQW0ZNT8JGF3999,"","Rare Dankness"
018NY6XC00VTRM70EV17XP2D4Y,"","Rare Dankness #1"
018NY6XC00VTE23XN28YQHEYQK,"","Rare Dankness #2"
018NY6XC00VTQGQZSVFQWDPNNH,"","Rare Darkness"
018NY6XC00VT7CT3CJV0WN0G69,"","Rascal Wreck"
018NY6XC00VTRQQZSHY8GFR7HP,"","Raskal OG"
018NY6XC00VTMYYXCXXNKZ0N2K,"","Raskal's OG Kush"
018NY6XC00VTNP1MGDG0P835E6,"","Raskal White Fire OG"
018NY6XC00VTWCQSA9YM95MV00,"","Raspberry"
018NY6XC00VT4VV0589WC2Y5V9,"","Raspberry Bubba"
018NY6XC00VTDJ8DX0PEBAHXP7,"","Raspberry Cookies"
018NY6XC00VTBK6W8PW98VRWN5,"","Raspberry Cough"
018NY6XC00VTY6X06XCPCENETF,"","Raspberry Diesel"
018NY6XC00VTT3EYVDMX8WRJ4H,"","Raspberry Kush"
018NY6XC00VT06RAQA62CX5F37,"","Raspberry Kush BX1"
01E7C2Z29CY3E6ZNZRAZ876ZC6,"-unknown-","Raspberry Kush x Northern Lights"
018NY6XC00VTV1WZQW57942WT7,"","Raspberry Montage"
018NY6XC00VTK33BW27WXEA6ZP,"","Raspberry OG"
018NY6XC00VTTS1PHW0VAH88XB,"","Raspberry Smash"
018NY6XC00VTRG28ZHQYRD9K46,"","Raspberry Sour Diesel"
018NY6XC00VTV163KPNJVB6TMH,"","Rasputin IBL"
018NY6XC00VT1ZS5JDSDK05EA4,"","Rasta Berry"
018NY6XC00VTYFZ095QYG99XNR,"","Rasta Killer"
018NY6XC00VTRZD8W370M9AYR1,"Indica","Ratindica"
018NY6XC00VT3FPEA1TNSSJSK6,"","Rattlesnake Diesel"
018NY6XC00VT7YXCT9M3ACGEEB,"","Raw Cookies"
018NY6XC00VTAHEFQKJSR1M5S2,"","Raw Dawg"
018NY6XC00VTTJJFF52EGF33JS,"","Raw Diesel"
018NY6XC00VT3RT8JVSEAACJPF,"","Raw Glue"
018NY6XC00VT75BFZ0V6WM3JFY,"","Ray Charles"
018NY6XC00VTREFF422VSH59K4,"","Ray Davies C99"
018NY6XC00VTBZ5NHRMM3EWJWA,"","Ray's Choice"
018NY6XC00VTGC9QBJMHVEK6QG,"","Razberry Kush"
018NY6XC00VTHCH6S7TVDND5QE,"","Raziel"
018NY6XC00VTWTZH4S8MS3Q365,"","Razzberry Kush"
018NY6XC00VTT85XMQD9MX4F5B,"","Razzleberry"
018NY6XC00VT17NVTNGWDHYESK,"","Razzleberry Dream"
018NY6XC00VT86K4EGFX11F7TK,"","Razzleberry Kush"
018NY6XC00VT7MBT1K7M814TJS,"","Razzle Dazzle"
018NY6XC00VTA5XGPGW5YGQ8YK,"","Razzmatazz (Purple Razz)"
018NY6XC00VTAZRGN7PZEWAPZ4,"","RD-12"
018NY6XC00VTBCZNHP7K76J3BA,"","Real Grande"
018NY6XC00VT4SNR76Y81H4ZB8,"","Real Sour"
018NY6XC00VTCR47R902PJYN43,"","Rebel Berry OG"
018NY6XC00VTWCDT4RRR3XFDZ1,"","Rebel God Smoke"
018NY6XC00VTGJY90192SFNBZ8,"","Rebel Haze"
018NY6XC00VT0SCTYYRDMWJ4E3,"","Rebel Sour"
018NY6XC00VT4CM5X2EAHMB6AK,"","Rebel Sour 2.0"
018NY6XC00VT56S10WJKSGZWQF,"Hybrid","Recidra"
018NY6XC00VTMGMR8SPJ7F8HY6,"","Reckless Rainbow"
018NY6XC00VTW29Z3P03BJD6R4,"","Reclining Buddha"
018NY6XC00VTKSNY2M343DSN0N,"","Reclining Buddha (Soma Skunk V)"
018NY6XC00VT4W6A9VP7AQ5BW5,"","Recon"
018NY6XC00VTVSF95B08PBYYCF,"","Recovery Haze"
018NY6XC00VTN8ATSYBJDFJZ1S,"","Rectangle"
018NY6XC00VTJ3BTZQMEYJZ4V9,"","Red Afghani"
018NY6XC00VTPJ3WDBPQHX7BHV,"","Red Alien"
018NY6XC00VTR4N80TKV6ESW8N,"","Red Apollo 710"
018NY6XC00VTWKNXZ642C19VX4,"","Red Beard"
018NY6XC00VTQBNJKV0MZPF9AQ,"","Red-bec"
018NY6XC00VT1ACD6W722F6RTP,"","redberry"
018NY6XC00VTHXZDNSQCB0TQKC,"","Red Berry Diesel"
018NY6XC00VTDZ2ZWTD4RP23J0,"","Red Bull"
018NY6XC00VT3FJQGEPQQ9VJ8P,"","Red Cherry Berry"
018NY6XC00VTHZYMJH0BHDK76Z,"","Red Colombian Haze"
018NY6XC00VTJ7Z1KVHB81GV30,"","Red Congolese"
018NY6XC00VT3JW60EJYR82S40,"","Red Congolese (Gold Crown Seeds)"
018NY6XC00VTCVXKET69TVXM3Q,"","Red Corrento"
018NY6XC00VTGZ7XKPGWB0XCMQ,"","Red Cross Kush"
018NY6XC00VT1VFX72CDZV5RWM,"","Red Dawg"
018NY6XC00VTSYPEM3DB03XCAF,"","Red Dawn"
018NY6XC00VT4586JVB3AXGSNT,"","Redd Cross"
018NY6XC00VT4VRNV9TD1W622H,"","Red Devil"
018NY6XC00VTAZJSJ77H3XDQ9Y,"","Red Diesel"
018NY6XC00VTXHFCZWRG1TYVQH,"","Redding OG"
018NY6XC00VTY4B2E7KEHW8CPJ,"","Red Dragon"
018NY6XC00VT6TASXASV5W7QRH,"","Red Dwarf"
018NY6XC00VT5X9CXESRZX0R7M,"","Red Eye Jedi"
018NY6XC00VTGZQMKE2WAS8BXS,"","Red Eye OG"
018NY6XC00VTQ3AJKFZ0JCM0QA,"","Red Fruity"
018NY6XC00VT99X5RYR7K8FSZV,"","Red Goji OG"
018NY6XC00VTMMF8QCGX5DC8KQ,"","Redhaired Sonja"
018NY6XC00VT8TET8FNA9QVH27,"","Red Haze"
018NY6XC00VTZHBKNNDJFCA9QG,"","Redhead 18"
018NY6XC00VTVWTFG01Q4M53SD,"","Red Headed Stranger"
018NY6XC00VT41HTA4RGRJP2E6,"","Red Hindu Kush"
018NY6XC00VT65ENCF7ZWJSZKT,"","Red Horse"
018NY6XC00VT3VSYWT8R3W07DA,"","Red Lemon"
018NY6XC00VTKWQDG6VV31B441,"","Red Lion"
018NY6XC00VTS929W1WAAGQPRN,"","Red Lion Keif"
018NY6XC00VTERGJHTP92NQQMX,"","Redonda Red Hair"
018NY6XC00VTHJCXRV3GBWZS50,"","Red Poison"
018NY6XC00VTASWCTFX338HFR9,"","Red Raspberry Cough"
018NY6XC00VTC7FVKFB64JZW4R,"","Red Raspberry Kush"
018NY6XC00VTNHVKP3PS61AE4T,"","Red Ribbon"
018NY6XC00VT36A3MV4H6WXNFX,"","Red Ribbon OG"
018NY6XC00VTNG9XVK3TKMNPKG,"","Red Rocket"
018NY6XC00VTKQ5HY0Y2349783,"","Red Roses"
018NY6XC00VTWC5S5VCVE2Z1RV,"","Redrum"
018NY6XC00VTPYX88A7SFCJ7DF,"","Red Sativa"
018NY6XC00VT87GK6ZM5YMCPZC,"","Red Tangie"
018NY6XC00VT53T9VMH65MQS2Y,"","Red Tide"
018NY6XC00VTC78XEQJ23A9SFS,"","Red Valais"
018NY6XC00VTW6Y308F23CPGMA,"","Red Velvet"
018NY6XC00VTT9QH1370733Y2R,"","Redway Redeye"
018NY6XC00VTHXB1XZ2GH6J319,"","Red Widow"
018NY6XC00VTQEFCY88H02MZJ7,"","Red Widow 13"
018NY6XC00VTZWGJ66WHZ2K3X9,"","Redwood Kush"
018NY6XC00VTVPHD1X36CHB6QQ,"","Redwood OG"
018NY6XC00VTWDRYZB0G73QG7Q,"","Reefer Madness"
018NY6XC00VT490WGXQ1C5YNA3,"","Reeferman's Cambodian"
018NY6XC00VT87SAJEAXNRXGA9,"","Reeferman's G"
018NY6XC00VTPT1KKTHJKPTYDD,"","Reeferman's Grapefruit"
018NY6XC00VTBMACYYAP7S6TWN,"","Reeferman's Hashplant #1 - Lebanese"
018NY6XC00VTNKX57NR0BJZC6Q,"","Reeferman's Hashplant #2 - Turkish"
018NY6XC00VT6FP2DREEW9JR9N,"","Reeferman's Hashplant #3 - North Indian"
018NY6XC00VTC9K75ACT5EY5GS,"","Reeferman's Hashplant #4 - Tajikistani"
018NY6XC00VTN4WFM8WNJPY1E3,"","Reeferman's Heavy Duty Fruit"
018NY6XC00VT6SG49SZBYM370X,"","Reeferman's Herijuana"
018NY6XC00VTYEBCQ7KYW61A3N,"","Reeferman's Northern Light"
018NY6XC00VT62E7R7NCX3CJTV,"","Reeferman's Romulan"
018NY6XC00VTPPY6TTS18QK9N8,"","Reeferman's Sour Diesel"
018NY6XC00VT9BMQ6M1EPQB1J5,"","Reeferman's Space Queen"
018NY6XC00VTA3915GAT3GD5MN,"","Reggie"
018NY6XC00VTAWDRBA4YWNXF4V,"","Relentless Wifi V2"
018NY6XC00VTRB7R8C5HFB1DTY,"","Remedy"
018NY6XC00VTY7626DWKPP0Z8G,"","Remedy 29 19-2"
018NY6XC00VT8P634G31405F7Q,"","Remo Chemo"
018NY6XC00VT2QJJM9PVNVJG82,"","Remus"
018NY6XC00VTG1AQZY3F22HC9N,"","Renatta"
018NY6XC00VTS3CNWYHR401CTG,"","Rene"
018NY6XC00VT1C7JZN1ZA041RQ,"","Rene Mist"
018NY6XC00VT2RVS8YNEZPT58J,"","Reptilian Elite"
018NY6XC00VTC7EE40HPYXJEN3,"","Resinous Maximus"
018NY6XC00VTG8R6KVJ9TG942C,"","Respect"
018NY6XC00VTZSFSH0SANS3E3C,"","Return of the Cheese"
018NY6XC00VT4XCEYQKS83XCQP,"","Revolution"
018NY6XC00VTMGCQ2GTBGYZD7C,"","Revolution Kush One"
018NY6XC00VTRDWC4X4XDR4PHA,"Hybrid","Rexibrid"
018NY6XC00VTAGCB5696X1GS1E,"","Rfk"
018NY6XC00VT6CKMCQ147TFEH2,"","RGB"
018NY6XC00VT5R2YSTMR78WJ6S,"","RGD (Really Good Dope)"
018NY6XC00VTZ3N8Q9ZDEWR1WE,"","Rg-sus"
018NY6XC00VTZPJ9NNRC6P2XK9,"","Rhapsody In Blue"
018NY6XC00VTHZTG6QCYBYRR8B,"","Rheingold"
018NY6XC00VTN0GGXT4RV9K2B9,"","Rhino"
018NY6XC00VTYQM4ZZRG685P8K,"","Rhino Diesel"
018NY6XC00VTAXFJ35HRXFGN82,"","Rhino Hash F1"
018NY6XC00VTX0F9M0DX9DWWX1,"","Rhino Wreck"
018NY6XC00VT2KYH2VWE4830FB,"","Ric Flair '93"
018NY6XC00VTEGD5MF6EMGV8B0,"","Richard VI"
018NY6XC00VTK16Z407C3ZQ2AJ,"","Richie Rich"
018NY6XC00VTB4RG004C3M793M,"","Rick Steve's OG"
018NY6XC00VTH2GCZYSHFW6A1T,"","RIDDLER OG"
018NY6XC00VTRAA5JMF8VZFVHF,"","Ridge Berry"
018NY6XC00VT540KNSZZWN0A55,"","Rigger Kush"
018NY6XC00VTKGAH3JSMBS6SKW,"","Ringo"
018NY6XC00VTH9846EMTMFR5CH,"","Ringo 2012"
018NY6XC00VTPWVR348TMA7K5H,"","Ringo's Gift"
018NY6XC00VT2FDKH2304HP56P,"","Ringo's Joy"
018NY6XC00VT4T1DM3CN617B5A,"","RiNo’s Royal Kush"
018NY6XC00VTXKSXAPF31W3ZK8,"","Riotberry OG Kush"
018NY6XC00VT1H1J6GT5QMVPY4,"","Riot's Blackberry Kush"
018NY6XC00VT848Q3H0FDVRJES,"","Riot's Mango Storm"
018NY6XC00VTCDY6AKS0QAK2M8,"","Riot's OG Kush"
018NY6XC00VTCAJNVMGKANFJF4,"","Riot's Sweet OG Kush (OG Purple Chem)"
018NY6XC00VTYFAPATFQMX7EWD,"","Rip Cindy"
018NY6XC00VTAYRBFYS5KZK0DW,"","Ripcity Purps"
018NY6XC00VTB14TYWHBC5MR89,"","Rip City Purps"
018NY6XC00VTGNR0H229JK0GHW,"","Rip n' Wreck"
018NY6XC00VT77PWWD6C89PNBC,"","Ripped Bubba"
018NY6XC00VT8FAMDAVX8KY735,"","Ripped Bubba GAL19818"
018NY6XC00VTT9D17D2CW7R6X2,"","Ripped Bubba GAL6172"
018NY6XC00VT515XQZN3HGGYBF,"","Ripper"
018NY6XC00VT9ESZZF3JK8MT1K,"","Ripper Haze"
018NY6XC00VT4BBQFXNN1WTQ2C,"","RIPS Cookies"
018NY6XC00VTT7V403RSPRRBN1,"","Rishi Kush"
018NY6XC00VT1CW95NFYGFPGKJ,"Hybrid","Rivalex"
018NY6XC00VTS2QB68VR9EZ8J9,"","River"
018NY6XC00VTYQ3ND7BD37J6VR,"","RK8"
018NY6XC00VT6SC91WV0MDNYB4,"","R.K.S. (Road Kill Skunk)"
018NY6XC00VT0BE7MD7EJMGPVS,"","Roadkill Skunk"
018NY6XC00VTV62CMDZWGDM2CY,"","Road Kill Skunk (CannaVenture)"
018NY6XC00VTV12F4DRGNN9751,"","Road Kill Unicorn"
018NY6XC00VTJ4GDFV46VY0XEQ,"","Road Runner Automatic"
018NY6XC00VT539WK2DCXSSJKH,"","Roadside Bomb"
018NY6XC00VTYS9Z00BKN071NZ,"","rOarGe"
018NY6XC00VT4HZTHE5J0KWYW3,"","Robert Plant"
018NY6XC00VT78NK3CR2553N53,"","Roberts Creek Congo (LMN)"
018NY6XC00VT045CAMN4QZ99W5,"","Rob Ford Kush"
018NY6XC00VTK4YFWRJVS19HBQ,"","Robin's Revenge"
018NY6XC00VTZKN2CCNM4MVFHD,"","ROC"
018NY6XC00VTSNWV1A2KEZDDBD,"","Rockaberry"
018NY6XC00VTYZJJC46NME6YYK,"","Rockbud"
018NY6XC00VTWBC1RF0Y4ZPKY9,"","Rock Bud"
018NY6XC00VTMTRJ80W2EHWK16,"","Rock Bud (Soma A+)"
018NY6XC00VTPSRNAGW3AK01A6,"","Rock Candy"
018NY6XC00VT708KB9E2EXE4MR,"","Rock Candy Kush"
018NY6XC00VTPA84JYTAYZ34XW,"","Rock Corn"
018NY6XC00VT8DWD8M53S3JZ4M,"","Rocket Man"
018NY6XC00VTYA7WD2E4SCGBKB,"","Rocket Science"
018NY6XC00VT8BXDKDF87KY4VG,"","Rocklock"
018NY6XC00VTA0W50X2NQSG4R3,"","Rockstar"
018NY6XC00VT1Z7T7SFH1YHN2H,"","Rock Star"
018NY6XC00VTXTW9JRJ5QREZ70,"","Rockstar Kush"
018NY6XC00VTBF5FM6XXJ459XG,"","Rock-Star Kush BX1"
018NY6XC00VTR167H9QBVR45PR,"","Rock-Star Kush (Maple Ridge Rockstar Kush)"
018NY6XC00VTMV6WMSJ1XQ2JCF,"","Rockstar Master Kush"
018NY6XC00VT3YKMT6RDKEA0ZT,"","Rocky Dennis"
018NY6XC00VTZ0NC9MSWZKGA71,"","Rocky Mountain Blueberry"
018NY6XC00VT9RKV2ZB8S98PRH,"","Rocky Mountain Fire"
018NY6XC00VTV2RMPAZS98VTW6,"","Rocky Mountain High"
018NY6XC00VT59BV5Q9J3BNVQ5,"","Rocky Mountain High (Hazeman)"
018NY6XC00VTDQ9M4PEF58JS28,"","Rocky Mountain Tangerine"
018NY6XC00VT4GP4H890K4WN13,"","Rogue Thunder"
018NY6XC00VTMZBC31DSVTT013,"","Rogue Valley Wreck"
018NY6XC00VTJSXFFWY1PARXTM,"","Rollex OG Kush"
018NY6XC00VT2TQWHDSH5D4RMC,"","Rolls Choice"
018NY6XC00VTS51JCC643ZACM4,"","Romanian Hemp"
018NY6XC00VT5N469M224GYP4R,"","Romberry"
018NY6XC00VTFVV3G06TK6QZ5N,"Indica","Romblica"
018NY6XC00VTH6X8GH92S77BNJ,"","Romboldt"
018NY6XC00VT1T7HJ9Y127NZEJ,"","Romeo"
018NY6XC00VT8P40SBQ0RPGVHT,"","Romping Goddess"
018NY6XC00VTVY2D4GEF9RE68C,"","Romulan"
018NY6XC00VT2AD4GRNEW6YRQA,"","Romulan Blue Kush"
018NY6XC00VT4S1EP8T13JYY1T,"","Romulan Cookies"
018NY6XC00VTNJYP8HY87XYEYD,"","Romulan Cotton Candy"
018NY6XC00VTD7NMR3D6AQ896V,"","Romulan Diesel"
018NY6XC00VT46ZT1PHRVRMZQM,"","Romulan Grapefruit"
018NY6XC00VT9X1JXESWH3JR45,"","Romulan Hashplant"
018NY6XC00VTRQP48RQ52KAHS4,"","Romulan Haze"
018NY6XC00VTE3SQG8NSCT8KB3,"","Romulan PC"
018NY6XC00VT2R0HXNEXPHH1PD,"","Romulans Gift"
018NY6XC00VTBG83HRG9AR0QJV,"","Romulawi"
018NY6XC00VTNPG6X1AH19SVS2,"","Romulox"
018NY6XC00VTEV1X8VJJCK0NFE,"","Ron Burgundy"
018NY6XC00VT96WFAQR30WSBZS,"","Rooi Bart"
018NY6XC00VTCAP77RBYXWT23J,"","Rooster"
018NY6XC00VTEF6GJRG4K8346G,"","Root Beer Float"
018NY6XC00VT1X06G4XCRFP2NG,"","Root Beer Float 1"
018NY6XC00VTP9AR4BWTQABW9C,"","Root Beer Float 2"
018NY6XC00VT8MJV9AZ14Z8Q0B,"","Root Beer Float 3"
018NY6XC00VTV7AQ92A20S91WW,"","Root Beer Float 4"
018NY6XC00VTVJ0R0RFZ14MKSM,"","Root Beer Float 5"
018NY6XC00VTE1D4SBA5374GYW,"","Root Beer Float 6"
018NY6XC00VT6D8FQPH2PZSQS1,"","Root Beer Kush"
018NY6XC00VT5PFM2JVDX45Z4M,"","Roots"
018NY6XC00VT3SECZCY3Y2MGSZ,"","Rosé"
018NY6XC00VTAXS5Y9C5QBDJZS,"","Rosebud"
018NY6XC00VTM1N1DB1W80XN5B,"","Rose Bud"
018NY6XC00VT3M530KD1BEEYV9,"","Rose Kush"
018NY6XC00VTP3VFPNQ68FKX2Y,"","Rosemary"
018NY6XC00VT5877N5CMAB9JN6,"","Rosetta Stone"
018NY6XC00VTZ0SGFFBCMT2NS9,"","Rosetta Stone F2"
018NY6XC00VTBNEWE0TDDVGNSQ,"","Rotten Milk"
018NY6XC00VTCSGDTCWY2E1A6M,"","Roughneck"
018NY6XC00VTM0RMDQJBC5CV6A,"","Rough Wreck"
018NY6XC00VT1SSCBXH5VF92GK,"","Route 66"
018NY6XC00VTR9PTFXCNQQR9BT,"","Rox"
018NY6XC00VTG97HJ7FH23T0XZ,"","Royal AK"
018NY6XC00VTXKFNNEM9KN4V6N,"","Royal BA"
018NY6XC00VT364G5FV4E31D8S,"","Royal Bluematic"
018NY6XC00VT752T4R5B9JQRQ7,"","Royal Caramel"
018NY6XC00VTMHE7J0715ZGQCD,"","Royal Cheese"
018NY6XC00VT7P8HYT9YX59CFX,"","Royal Chemdawg"
018NY6XC00VT834JKMX5E294N5,"","Royal Cookies"
018NY6XC00VTH2V2755FR9S3T4,"","Royal Creamatic"
018NY6XC00VTN51F208QSAZYS0,"","Royal Dane"
018NY6XC00VTYHZV6G7JCF6J4V,"","Royal Dream"
018NY6XC00VT36N6BNGJYX2YHF,"","Royal Dutch"
018NY6XC00VT59BN91HVP0G1C5,"","Royal Dutch Skunk"
018NY6XC00VTREJKPQP4NTDXVZ,"","Royal Dwarf"
018NY6XC00VT65DFSNSDW8S0PK,"","Royal Empress"
018NY6XC00VTSS0Y7XVKJADY69,"","Royal Flush"
018NY6XC00VTSQY7XZSCFFZ45G,"","Royal Flush (GGG)"
018NY6XC00VT62C4E0PFWXRK3N,"","Royal Frisian"
018NY6XC00VTBEJNTZQHNAKEMK,"","Royal Hawaiian"
018NY6XC00VTJB7FEHYR65Z11B,"","Royal Haze"
018NY6XC00VTH6G08ZABT6KPR6,"","Royal Haze Auto"
018NY6XC00VT0NYX3B3JEXM9EQ,"","Royal Highness"
018NY6XC00VTYVCRTAMAS1PAVX,"","Royal Highness #18"
018NY6XC00VTPMBM5EX6X5TA7M,"","Royal Humboldt"
018NY6XC00VTKYRRVF9XP6Q1J8,"","Royal Jack (Auto)"
018NY6XC00VTV6H7MND4KQSZ9F,"","Royal Kush"
018NY6XC00VTNK67NG1W3E0REH,"","Royal Kush #47"
018NY6XC00VT7XQ9CNQQ2EQM9H,"","Royal Kush 8th generation"
018NY6XC00VT05NQC9MJHZQ18M,"","Royal Kush Automatic"
018NY6XC00VT2PMA272XWPRDW8,"","Royal Luma"
018NY6XC00VTKQXJQBDJSRCFEX,"","Royal Madre"
018NY6XC00VTX1QHXSYR27343N,"","Royal Medic"
018NY6XC00VT1VP78E83G8EBGV,"","Royal Mix"
018NY6XC00VTBYQ7KYGGH5C4Q5,"","Royal Miyagi"
018NY6XC00VTJHCPM1ETNM451M,"","Royal Moby"
018NY6XC00VT949C6Z2XHH03X0,"","Royal Nepal"
018NY6XC00VT00MPGQB4WKJ35M,"","Royal OG"
018NY6XC00VT4JACZMS0TYKQ1H,"","Royal Ogre Kush"
018NY6XC00VTFHCDAQAVBNQ45Q,"","Royal Phoenix"
018NY6XC00VT4ZK4189P9T6MRC,"","Royal Plaque"
018NY6XC00VTMSY99E4VFV4Q9R,"","Royal Purple"
018NY6XC00VTSWGK3BJZVZWR46,"","Royal Purple Kush"
018NY6XC00VTANH7R3JDFSB08A,"","Royal Queen"
018NY6XC00VTB03RX965N76X40,"","Royal Raspberry"
018NY6XC00VT9RDPK4CEBNGCFG,"","Royal Rose Kush"
018NY6XC00VTFST4QZS0QJSX7W,"","Royal Salute"
018NY6XC00VTYK1BWTVHYGG8TK,"","Royal Scout"
018NY6XC00VT4DDWZ2EM0R2JRR,"","Royal Sour"
018NY6XC00VTNVVEKXSTHFSDJ3,"","Royal's Revenge"
018NY6XC00VT3CKHT09TZ8K5TM,"","Royce’s Raskal OG"
018NY6XC00VT7CBB24EBKMM1NE,"","RS2"
018NY6XC00VTMSRERDYTPP1HP4,"","RTD"
018NY6XC00VTMV8GTJ6EKHFQG5,"","Rubicon"
018NY6XC00VTDQ2CW3WDSXKV6B,"","Ruby"
018NY6XC00VTKV5F0PCG8A2KGM,"","Ruby Red Slippers"
018NY6XC00VT4WMECH7K6TTJWE,"","Ruby Slipper"
018NY6XC00VTRBEB2S368T2S4P,"","Rude Boi"
018NY6XC00VTSX4BHJP7AT6E0W,"","RudeBoi OG"
018NY6XC00VTNEPM93FPJNXDW1,"","Ruderalis"
018NY6XC00VTRWF2E930NBEBAW,"","Ruderalis (Hungarian)"
018NY6XC00VT4S7Q5AXH545KWR,"","Ruderalis Indica"
018NY6XC00VTD6CJ21JW8AHA1W,"","Ruderalis Sativa"
018NY6XC00VT9NTH6BQGB1HXGM,"","Ruderalis Skunk"
018NY6XC00VT7P5TW9HQ1GDA14,"","Ruderalis Skunk (Sensi Seeds)"
018NY6XC00VTNVXZAX8QY6K5MQ,"","Rude Widow"
018NY6XC00VTG2324YVZWSAXHB,"","Rug Burn"
018NY6XC00VT33ZT5X2SF8DPY7,"","Rugburn OG"
018NY6XC00VTCX29DZ4HH1Y3KH,"","Rug Burn OG"
018NY6XC00VTVC8HBYF6VEW3WH,"","Rump Jack"
018NY6XC00VTZHAEYM6ARP3VDQ,"","Rump Wreck"
018NY6XC00VTCK51AJMP3PXX17,"","Run The Jewels"
018NY6XC00VTV1E33R66JF6PSX,"","Runuponyah"
018NY6XC00VTZHGYJPPHYYQRNG,"","Ru-pa"
018NY6XC00VT2SBWKE8W9EPVTA,"","Russian Assassin"
018NY6XC00VT8AH2DC3HQS4ZZ3,"","Russian Blue (Oceanside Purple Paki)"
018NY6XC00VTBF0C9CD65DMHGK,"","Russian Dream"
018NY6XC00VT835J0EWN0GHQEG,"","Russian Haze"
018NY6XC00VT7C67KEQDQR7VWQ,"","Russian Landrace"
018NY6XC00VTXAKE64B00DAWF0,"","Russian Rocket Fuel"
018NY6XC00VTV1T66EK2DQVXP3,"","Russian Roulette"
018NY6XC00VTXXGJ9YC6RQ0VW0,"","Russian Rudaralis"
018NY6XC00VTYK2SNTNDDT3YG8,"","Russian Skywalker"
018NY6XC00VTM9VPKS92QXHYD4,"","Rusty Haze F1"
018NY6XC00VT19EATPAACM9524,"","Rx"
018NY6XC00VTE2NNZSJYMEFBGB,"","Ryan's Revenge"
018NY6XC00VTCP04395FJ8ZT32,"","S 1 5"
018NY6XC00VTHEKJBX4DMA9P14,"","S6 (Sage)"
018NY6XC00VTBGJ66H8S212JRT,"","SabreTooth"
018NY6XC00VTPG9KCCJ0W1ZNB5,"","Sacra Frasca"
018NY6XC00VT645XZS85PTEMYP,"","Sacred Dream"
018NY6XC00VTHTWXJCP1MTF4N6,"","Sacrificial Lamb"
018NY6XC00VT1AWEY6DRZB7WSH,"","S.A.D. Auto"
018NY6XC00VTAW908M5Q30M5KC,"","Sadhu"
018NY6XC00VTEPYX51STJPWCBC,"","Sagamatha Blueberry"
018NY6XC00VTJAW6AYD8ATACVV,"","Sagans Star"
018NY6XC00VT82FRBR10MBS6N9,"","S.A.G.E."
018NY6XC00VT8XG4M1J4H5PXVV,"","SAGE"
018NY6XC00VTFV124Q0ZM677FR,"","Sage and Sour"
018NY6XC00VTFPBYMPWMV29VT4,"","S.A.G.E. & Lemon"
018NY6XC00VTRZ0D8PGZT6ZYY4,"","Sage 'n Sour"
018NY6XC00VTXWN9HER67CZTXE,"","Sage N Sour"
018NY6XC00VTSY3EP0CP46G8SF,"","Sage 'N' Sour OG"
018NY6XC00VT3715M4CDJ236NT,"","Sage OG"
018NY6XC00VTWND106J3MJYGBE,"","S.A.G.E. (Sativa Afghani Genetic Equilibrium)"
018NY6XC00VTB0NBRFFNH8C6Y9,"","Sailor's Spice"
018NY6XC00VTQP5J0DETB0EBFM,"","Salish Silver Haze"
018NY6XC00VTZJTANH8HXRDXF2,"","Salmonberry"
018NY6XC00VTQ4HDE80QVB93PP,"","Salmon Berry"
018NY6XC00VTDY7ZW6FX7SF5DF,"","Salmon Creek"
018NY6XC00VTYTJBFQ6Y2VWMBD,"","Salmon Creek Big Bud"
018NY6XC00VTRQ0BFVVYHDPZFV,"","Salmon Creek OG"
018NY6XC00VTDY5VMC216MGQ92,"","Salmon River"
018NY6XC00VTTKBCKW5TSGKH35,"","Salmon River OG"
018NY6XC00VTRZWFT80H0NEVWY,"","Salmon Sinker Kush"
018NY6XC00VTN6PDT3Y3KTQDX9,"","Salted Caramel Kush"
018NY6XC00VT9MDB6SDEKGE8NB,"","Salvador"
018NY6XC00VT7K5XC3KCJA84VP,"","Salvation"
018NY6XC00VTJYPWM34GDAHAWJ,"","samoa"
018NY6XC00VTTZ5AFKG9A2PR66,"","Samoas"
018NY6XC00VT6Q646BQFD0CT6M,"","Samurai Jack"
018NY6XC00VTN4RG67KHDBS3CV,"","Samurai OG"
018NY6XC00VTK59QXKTN8XBF86,"","San Andreas OG"
018NY6XC00VTJRVCYRNS4W1VMA,"","Sanctuary"
018NY6XC00VT2C5B22HFTYPSR1,"","S and E OG"
018NY6XC00VTFP53F83MB3DHP3,"","San Diego Cat Piss"
018NY6XC00VTKSRJAV0ZMFJHJM,"","Sand King"
018NY6XC00VTCJ2AF34YFZQ111,"","Sandman"
018NY6XC00VT58G9YNWG3VG9T7,"","Sand Storm"
018NY6XC00VT7TQA1KYTSFAW5M,"","SandStorm"
018NY6XC00VT7MKB0MK79TDJ4H,"","San Fernando Diesel"
018NY6XC00VTJQ3YWSERR0CJH1,"","San Fernando Valley OG (SFV OG)"
018NY6XC00VTMG2GKTVZCGEAX1,"","San Francisco Sourdough"
018NY6XC00VTH0EQ1F5VGGE9CT,"","San Fran Cookies"
018NY6XC00VTFFTZC6PNRXW85B,"","Sangoma"
018NY6XC00VTH5RYJNVJZFJP34,"","Sangria"
018NY6XC00VTBMNJ5ZF8MHBPTX,"","San Luis Valley OG Kush"
018NY6XC00VT1SWEC5S3FCM81V,"","Sannies' Jack"
018NY6XC00VTMGJPQMPMW16J2A,"","Sanoma Coma"
018NY6XC00VT609ZXAT08M9P7C,"","Santa Cruz Blue"
018NY6XC00VT6VN603TBTWBRBW,"","Santa Cruz OG"
018NY6XC00VTVZ0DDMMS2TWEX3,"","Santa Cruz Strawberry Cheesecake"
018NY6XC00VTPSWWBMTMTR0NKD,"","Santa Cruz Tsunami"
018NY6XC00VTG4QJH9RJX7J6VY,"","Santa Dawg"
018NY6XC00VTDWESJ1W9M81ZVC,"","Santa Maria"
018NY6XC00VT34QJKMDRPG6RPJ,"","Santa Marta Colombian Gold"
018NY6XC00VT5BXH6E1S6VBCAN,"","Santa Marta Purple"
018NY6XC00VTJ6RGPCN1RM0ZFY,"","Santa Muerte"
018NY6XC00VTHF5DPMRPW9FDN4,"","Santa Muerte (Illuminati)"
018NY6XC00VTCY4XZ2EGWMGT6E,"","Santa Rosa Kush"
018NY6XC00VTSNNBPSDPNYSHC2,"","Santa Sativa"
018NY6XC00VT2HE629VFQQMGWM,"","Santa's Cookies"
018NY6XC00VTMJKQNW4F983C9R,"","Santa's Stash"
018NY6XC00VTV9SAD5NZWFP836,"","Santhica27"
018NY6XC00VTZG07AE9CMGTFRG,"Sativa","Santogen"
018NY6XC00VTPRF1WHRGCTEBCB,"","Sanug"
018NY6XC00VTQCY1XTGWV294AN,"Sativa","Sanva"
018NY6XC00VT418PGKEKGW36BC,"","Sapphire"
018NY6XC00VTJZJTXESZ67YZEX,"","Sapphire Kush"
018NY6XC00VTKE1XFGHZCRD7ZM,"","Sapphire OG"
018NY6XC00VTDKYVPVYY7SP7Z2,"","Sapphire Scout"
018NY6XC00VTQ025KRVP68WVTC,"","Sapphire Star"
018NY6XC00VTQNKB7BVKA98SJ8,"","Saroel"
018NY6XC00VT9DSG9BX7BXV6JA,"","Sasquatch"
018NY6XC00VTPGQXTF27E6YPW9,"","Sasquatch Sap"
018NY6XC00VTW5HCK55FEGP1H7,"Hybrid","Satavem"
018NY6XC00VTZVNSW0F55WGWQ7,"","Satellite Cindy"
018NY6XC00VTG7KE3KB2DKSPCW,"","Satellite OG"
018NY6XC00VTXG3ZXQMRSNWK7J,"","Satin"
018NY6XC00VTSNE69SEZP6BQ72,"Indica","Satineral"
018NY6XC00VT0SCW3AFJVV0Y1Y,"","Sativa"
018NY6XC00VTHDH1JH10KT6WTX,"","sativa bliss"
018NY6XC00VTV7B2RAA39ZS37P,"","Sativa Mexicana"
018NY6XC00VTZGRQYDA0ZBWGSV,"Sativa","Sativarin A"
018NY6XC00VTG6ATBH63Q73D3N,"Sativa","Sativarin B"
018NY6XC00VT235QTT6RAGB9V5,"Sativa","Sativarin C"
018NY6XC00VT435RRTVMW9MZGK,"Sativa","Sativarin D "
018NY6XC00VTET67DA2QGZ2E5B,"Sativa","Sativarin E "
018NY6XC00VTD2ZHRH7SD5865B,"Sativa","Sativarin F"
018NY6XC00VT5K4T9M19JZ0G5H,"Sativa","Sativarin G"
018NY6XC00VTDP1H6375DSKCRD,"Sativa","Sativarin H"
018NY6XC00VTG9N5RAB376NKHE,"Sativa","Sativarin I"
018NY6XC00VT22B3K982BCG58M,"Sativa","Sativarin J"
018NY6XC00VTMFYEWQEQHNPXRB,"Sativa","Sativarin K"
018NY6XC00VTCKR3H8C9KNWS8M,"Sativa","Sativarin L"
018NY6XC00VTC15TNQV6NQH8QF,"Sativa","Sativarin M"
018NY6XC00VTP4PB9143M0D0G8,"Sativa","Sativarin P"
018NY6XC00VTBZ7QSFCBJE7HDR,"Sativa","Sativarin T"
018NY6XC00VTM187R8Z0R09MH2,"Sativa","Sativarin W"
018NY6XC00VTD3PZHVGY7A66EX,"Sativa","Sativarin Z"
018NY6XC00VTF6RV6BKBN2XZ3G,"","Sativa Spirit"
018NY6XC00VT9NKWAQX670YKN8,"","Satori"
018NY6XC00VTP25NTE0JHHZQYB,"","Satori Haze"
018NY6XC00VTGTQ50FB6HN4SYZ,"","Satsop Nuclear"
018NY6XC00VTKRP2JX32MZ0NTG,"","satsop squatch"
018NY6XC00VTH6CBDVVHF52RGT,"","Satstop Nuclear"
018NY6XC00VTFA3GX68S5GRX7M,"","Satsuma"
018NY6XC00VTA27VF304NF6YGK,"","Saturna Sativa"
018NY6XC00VTP1KPPTEY34ZTAE,"","Saturn OG"
018NY6XC00VT27PFG2PV4BAHZD,"","Savage Citrus Sunshine"
018NY6XC00VT5D5XK6P5QTEX2D,"","Savant's Grail"
018NY6XC00VTDA47J11K4Z0M8C,"","Sbuds Mackenzie"
018NY6XC00VTQGB3G1CBXQDK9X,"","Scarface OG"
018NY6XC00VTXWBBJKZT6YQSBM,"","Scarlet Fire"
018NY6XC00VTQF8KWA11K2NVD1,"","Scarlet Kush"
018NY6XC00VTHZ2Z0QPNJT1B5Z,"","Scarlet Queen"
018NY6XC00VT37APPC1M67ZEK0,"Sativa","Scarlett"
018NY6XC00VTJ6DED4MEPH15RR,"","Schamell #9"
018NY6XC00VTVNGSBF5YC2ZVK9,"","Schlemons"
018NY6XC00VTX4DNNG7054DT49,"","Schnazzleberry"
018NY6XC00VT4W51FDPH601H5W,"","Schnazzleberry #2"
018NY6XC00VTQZGDZD5RAJR9XR,"","Schrom"
01E7C1WVP7YRH5G1AJDY2393BP,"-unknown-","Schrom x Memory Loss"
018NY6XC00VT1JJD4BVH8HRHHD,"","Schwartz"
018NY6XC00VTSQ9JD389DW1ZK1,"","Scooby-Doo"
018NY6XC00VTR1SQ4RQ4E4HSBT,"","Scooby Snack"
018NY6XC00VTS3A6AW12RYZGP3,"","Scooby Snacks"
018NY6XC00VTN6W17E57AQSF1S,"","Scott's OG"
018NY6XC00VT0DF36QFQQPE2XW,"","Scotts OG"
018NY6XC00VTMR5JFCFVQR7SD7,"","Scout Master"
018NY6XC00VTX015W6HZNWFWTD,"","Scout's Honor"
018NY6XC00VTT65C5PCHAKYDNY,"","Scouts Honor"
018NY6XC00VTS3XJG54ECMTRTZ,"","Screamin OG"
018NY6XC00VT76W3P7Z62P8V42,"","Screamin' OG #1"
018NY6XC00VT22ANAD1WZRMNE5,"","Screme'n Bubba"
018NY6XC00VTH3E29CFG18W49W,"","Scremen’ Deez"
018NY6XC00VT3WP0EV8V39FW3N,"","Scrumdiddlyumtious"
018NY6XC00VTRJTZSVBWVEK2CS,"","Scrumpy"
018NY6XC00VTSGJ1SR33WXH08R,"","Scud"
018NY6XC00VT3MKEYE51JM86YQ,"","Sea of Green"
018NY6XC00VTB1HGM4EBFCM5AT,"","Seatlle Super Chronic"
018NY6XC00VTDRRKXGD3AFSHAZ,"","Seatown Lemon Haze"
018NY6XC00VTKNDM6VEG4K4FGJ,"","SeaTrain"
018NY6XC00VT8MDXPXQH5QGWE4,"","Seattle Blue"
018NY6XC00VTM72TSB86PSKG7G,"","Seattle Cough"
018NY6XC00VTNZ175T3VP2TP3H,"","Seattle Haze"
018NY6XC00VT2FPHX29PB7WRDY,"","Seaweed"
018NY6XC00VT65R78B7VQV4HFK,"","Secret Agent 007"
018NY6XC00VTZ9GGS5WED1PTCC,"","Secret Agent 008"
018NY6XC00VTQ946QJ189801W3,"","Secret Garden"
018NY6XC00VTCANFCTAZE88YB7,"","Secret Garden OG"
018NY6XC00VT619KFFKJ3NWBJ3,"","Secret OG"
018NY6XC00VT94R6HDY02KEYKP,"","Secret Project Number 1"
018NY6XC00VTHBQP3GMFGKJYP4,"","Secret Recipe"
018NY6XC00VTPPKGKVTJZ6KZHX,"","Secret Weapon"
018NY6XC00VTW1506H35YN10YJ,"Indica","Sejican"
018NY6XC00VT8BPRCKTAXJ23WA,"","Selene"
018NY6XC00VTME1TDKR7GSY9S3,"","Senegal"
018NY6XC00VT5N2X4J3T7G0Q47,"","Senegal Haze F1"
018NY6XC00VT8RV3024GMHSTQ8,"","Senor Garcia"
018NY6XC00VT7VTKB7Z0KG6DKE,"","Señor Jack"
018NY6XC00VTSC1SNEWTT319M4,"","Sensativa"
018NY6XC00VTMDV6ZY6CVCHFM0,"","Senseless Star"
018NY6XC00VT4EKSSX18XMPEYT,"","Sensi Skunk"
018NY6XC00VT9DXNDHZJQCMZMW,"","Sensi Skunk/Trainwreck"
018NY6XC00VTG9C988B4736TJM,"","Sensi Star"
018NY6XC00VTMKGVEP0N71Q2MZ,"","Sensi Star Dawg"
018NY6XC00VTYH2DFNQBHQPSC1,"","Sensi St@r"
018NY6XC00VT893T450ACPG38T,"","Sensitron"
018NY6XC00VT4H55FCMEK0FF8D,"","Sequoia Cheese"
018NY6XC00VT0QF1W1PM62YDNM,"","Sequoia Cookies"
018NY6XC00VTT2CJ9RWYJ7RT6V,"","Sequoia OG"
018NY6XC00VTQECYQ97GX9ABDH,"","Sequoia Strawberry"
018NY6XC00VTBEWFJPTH1EN2Y9,"Indica","Seraden"
018NY6XC00VT3YCT4GA08S1X4X,"","Seraphina"
018NY6XC00VTZH762BVGCARVSZ,"","Serious 6"
018NY6XC00VT138STJ95124XGX,"","Serious Happiness"
018NY6XC00VT2KAMQT6C4FM207,"","Session"
018NY6XC00VTZPZQBXJK0M524D,"","Sex"
018NY6XC00VTP0EVCEMDNQ4Q2D,"","Sex Pistol"
018NY6XC00VTATB4KZT9K6CAHJ,"","Sexxpot"
018NY6XC00VTYD4KZWRQV7QWNZ,"","Sexy Ape"
018NY6XC00VT5WWT1CPVN9DJHN,"","Sexy Mexy"
018NY6XC00VTE027SJXK6H9C6Z,"","sfc cookies"
018NY6XC00VTXQJMKHHSF23B50,"","SFG OG Kush '98"
018NY6XC00VT8V3FSTRXRHX965,"","SF OG Kush"
018NY6XC00VTY23FMH632HZ8Y1,"","SFU OG Kush"
018NY6XC00VTJFJASBTCY3E2SF,"","SFV"
018NY6XC00VTFC725PGKFZBSDX,"","SFV #2"
018NY6XC00VT4NNJZBKEB2JBTM,"","SFV Cookies"
018NY6XC00VTV6SR4NKQJJP3W5,"","SFV Dog"
018NY6XC00VTJSRW6549KHPJQ0,"","SFV Fire Cookies"
018NY6XC00VT4NANH94FJVB3PK,"","SFV Jack"
018NY6XC00VTT1Y5F5073WZDK5,"","SFV OG"
018NY6XC00VTRNGYJW33RQZHDZ,"","SFV OG / Banana"
018NY6XC00VT0NJDD1BPQ5GYX1,"","SFV OG Kush"
01E7C0SJG9EF32TJGD44FDWWGS,"-unknown-","SFV OG x Blue Dream"
01E7C21KT0Z89BRN0E59JPZ9R2,"-unknown-","SFV OG x Screamin' OG #1"
018NY6XC00VTWZ432AYZF905N4,"","SFXJ"
018NY6XC00VTBM3R0TS12A9QR2,"","SGT. Pepper"
018NY6XC00VTJ9K8ZQ0FG9X9XY,"","Shabba Haze"
018NY6XC00VTSXRNQ7ZYDTZ1PK,"","Shack"
018NY6XC00VTFBC8G7J8XBN5RJ,"","Shadowdancer"
018NY6XC00VTAQA9NSRQRBS6Z4,"","Shady Lady-Ruderalis"
018NY6XC00VTKKBNBN8PYA413M,"","Shagadelic"
018NY6XC00VTHAVRXT4Z2NAJ55,"","Shakti"
018NY6XC00VTSZKGDNAAZBSZMZ,"","Shaman"
018NY6XC00VTC3Y9G7EHMVF6BR,"","Shaman OG"
018NY6XC00VTZWDS7MVVBCTT2Y,"","Shaman Wreck"
018NY6XC00VTBPS62QWZDGV4SP,"","Shangrila"
018NY6XC00VTV648BZ6MXBYPG5,"","Shangri-La"
018NY6XC00VTTXNWP6PDW545X6,"","Shangri LA OG"
018NY6XC00VT28WRRCCGJTSS2Q,"Indica","Shanibrid"
018NY6XC00VTT7T82QDYX8ZKEB,"","Shanti Devi"
018NY6XC00VTESW8PSSYHV0JZQ,"","Shaqzilla"
018NY6XC00VTSQFSZ3EVNNW8TZ,"","Shark Attack"
018NY6XC00VT3179WH9YGHTE0P,"","Sharkberry Cream"
018NY6XC00VT0JWVTBYFKSC2YM,"","Shark Bite"
018NY6XC00VTNGW7XQ10F345YP,"","Shark Bite (Archive)"
018NY6XC00VTZ334YMT46BXYY8,"","Shark OG"
018NY6XC00VT3ZNR8KBMFVGT0C,"","Sharksbreath"
018NY6XC00VT4CMCHZQ5GAAQPX,"","Sharks Breath"
018NY6XC00VTQ1C9TJEJM56NM1,"","Shark Shock"
018NY6XC00VT5R4BN30W44327X,"","Shark Shock CBD"
018NY6XC00VT8W3AYKTF8RC72K,"","Shark Shock GAL6362"
018NY6XC00VT0NC8JX8XHYPKMD,"","Shark Shock GAL6370"
018NY6XC00VTVQBB6YJYK95JWT,"","Sharks Tooth"
018NY6XC00VTWQCK60EA5KRX9J,"","Shark Wreck"
018NY6XC00VT7BDP1N3R5RZKWV,"","Sharon Stone Chem King"
018NY6XC00VTZSMGCXM3E0BCSY,"","Sheherazade"
018NY6XC00VTRBF8CD4D6EQSDF,"","Sheherezade"
018NY6XC00VTKZRAYY27NP5QFC,"","Shelton Sasquatch"
018NY6XC00VTJM21CVV07CBFN9,"","Shenzhou"
018NY6XC00VTPWWCH4NZ2K3MTC,"","Sherbert"
018NY6XC00VT0WQNAH08WP80N8,"","Sherbert Berry"
018NY6XC00VTQMGQDXGSAE2AX8,"","Sherbert Cookies"
018NY6XC00VTKYMG7WKPCBQN33,"","Sherbert Glue"
018NY6XC00VT1A7HB22R1Y7JSG,"","Sherbet"
018NY6XC00VT7SGEP0A61Y6YTV,"","Sherbet Cookies"
018NY6XC00VTF9X4QVABM7HDFS,"","Sherblato"
018NY6XC00VTDZEK3RH4Q55A6B,"","Sherpa Berry"
018NY6XC00VTS4SCYP3ABWCBXJ,"","Sherpa Diesel"
018NY6XC00VT029QB85PT4W5B7,"","Sherpa Peach Diesel"
018NY6XC00VTGP1FDZD32V3PQJ,"","Shiatsu"
018NY6XC00VT4X46ECR60AMCHT,"","Shiatsu Kush"
018NY6XC00VT5HBWGCMY4AF6YY,"","Shiesel"
018NY6XC00VTP4W6HAJA2NXX47,"","Shimla"
018NY6XC00VT6Z23RX7P4J2JS9,"","Shimla Haze"
018NY6XC00VTY4BWA1V8D30PRB,"","Shine N' Sour"
018NY6XC00VTD9DWBZV2ZHQ92N,"","Shining Silver Haze"
018NY6XC00VTBA4ZC7993YAR0H,"","Ship Ballast 1879 GAL6449"
018NY6XC00VT0D8FWRMRVZWJ6Z,"","Ship Ballast 1879 GAL6450"
018NY6XC00VTP6E371C0N0MJK9,"","Shipwreck"
018NY6XC00VT6ZE1406PXFQ4B3,"","Shire"
018NY6XC00VT4BFHR4NT07ZV2M,"","Shirin Gol"
018NY6XC00VTQQTDWEMK67SPEQ,"","Shirin Mango"
018NY6XC00VTQGG8W0YNMENCR0,"","Shirley Temple"
018NY6XC00VTVHEMR6ATVC6Z2R,"","Shish99"
018NY6XC00VTNAF7DYTHH50JGF,"","Shish99 F2"
018NY6XC00VTB1S75QRC93YBV9,"","Shishkabarrel OG"
018NY6XC00VTBMQBX09QC4Q987,"","Shishkaberry"
018NY6XC00VT38269JZMA264VM,"","ShishKaCrack F1"
018NY6XC00VTANEQREAHY8P5A5,"","ShishKaTonic F1"
018NY6XC00VTNC62Z0F32J6QMA,"","Shishkeberry #3"
018NY6XC00VTMB70ZD6YRW8BSM,"","Shiska Berry"
018NY6XC00VTC9K9EAE7PE33XB,"","Shiska GDP"
018NY6XC00VTK8NH214B4BCR3Y,"","Shiskaine"
018NY6XC00VTVEE1ECXKPEPHNX,"","Shiskaquine"
018NY6XC00VTJS5XVM0W6HW1YT,"","Shiskeberry (Shiskaberry)"
018NY6XC00VTPWV8Y5SKQZFDRW,"","Shit"
018NY6XC00VT0289586YD1CR8Z,"","Shiva"
018NY6XC00VTFPVYQFEA8D92C9,"","Shiva Afghani"
018NY6XC00VTA3GQVRYM2YAH57,"","Shiva (Atomic Shiva)"
018NY6XC00VTDH2DNVKPPZ0ZY0,"","Shiva Haze"
018NY6XC00VTFBHPDBER1B1HG6,"","Shiva's Cheeba"
018NY6XC00VTDDM30FNY0VCZGG,"","Shiva Shanti"
018NY6XC00VT0M4A8CGNFTYNG4,"","Shiva Shanti II"
018NY6XC00VT4SADNV6TA7A6VE,"","Shiva Skunk"
018NY6XC00VT8V76CWPY4V7E2P,"","Shiva X"
018NY6XC00VT3RQND9F8K95JZG,"","Shock"
018NY6XC00VTHVHK0Y811J61HK,"","Shock Tart"
018NY6XC00VTGSWFNF5XXM0MY5,"","Shoji OG F1"
018NY6XC00VT9CXGWATTZHQV3Z,"","Shooting Star"
018NY6XC00VTVPSQ3RSNA8QKR8,"","Shoreline"
018NY6XC00VT6SB4SQK62Q0DTQ,"","Short Term Amnesia"
018NY6XC00VTJAPRNBF0EQ8W6E,"","Shot Adrenaline"
018NY6XC00VTW8MFB6XNPF00PT,"","Shrom"
018NY6XC00VTVW2AVTRD4GE5CM,"","Shulam"
018NY6XC00VT0YS70ZETR4RSP7,"","Shurman #7"
018NY6XC00VT41710F9XRE2DB0,"","Shwreck"
018NY6XC00VTGFTTNWNXJVDGFY,"","Siberian Ruderalis"
018NY6XC00VT6VMAP0K13FPR5H,"","SicBerry"
018NY6XC00VTNFECZ9ST2NWWC6,"","Sic Sister"
018NY6XC00VTK4S0PHAN4HKNAS,"","Sid Vicious (Sour Purple Bubblegum)"
018NY6XC00VTV35A49GXANR0GV,"","Sierra CBD"
018NY6XC00VT21NR5NP8EGT1DJ,"","Sierra Gold"
018NY6XC00VT78MSGP05XYXHF5,"","SIERRA GOLD"
018NY6XC00VTQ9M5QQW76V9JKJ,"","Sierra Mist"
018NY6XC00VTFFZ32VKRDM6DFQ,"","Sierra Purps"
018NY6XC00VTJGW34AFP1YBPRX,"","SilentBiter"
018NY6XC00VT2X4JKZWWKZEKEY,"Hybrid","Silver"
018NY6XC00VTEN8RNJN37XYVMM,"","Silverado"
018NY6XC00VTMGWTA756ZQZ91J,"","Silver Afghani"
018NY6XC00VTFRVGPMGRYJ42AS,"","Silver Back"
018NY6XC00VTY2KQEHC3PJADKQ,"","Silverback Gorilla"
018NY6XC00VTEWR3QE7V3WT794,"","Silver Back \"Gorilla\""
018NY6XC00VT7AW70EWWW56N6N,"","Silverback Loco Motive"
018NY6XC00VT2CGXHD09FZ40JH,"","Silverberry"
018NY6XC00VTZT4E9ETV4C4F59,"","Silver Blue"
018NY6XC00VTD9N2Y25P4KTFNX,"","Silver Bubble"
018NY6XC00VT2W17YWV7WVYPYZ,"","Silver Bubster F3"
018NY6XC00VT2TV5XN5AN1V0Q8,"","Silver Cheese"
018NY6XC00VT1CMWAJC2Z2GHDA,"","Silver Chemdog"
018NY6XC00VTTXCE3XA87F884A,"","Silver Cherry"
018NY6XC00VTEBSY2AVB39BNQS,"","Silver Chocoberry"
018NY6XC00VT8G7WZ0V1A5K17A,"","Silver Cindy"
018NY6XC00VTPW5BHYWDPCMB5A,"","Silver Dragon"
018NY6XC00VTZ23SK493KRXGR7,"","Silver Dream"
018NY6XC00VTHNH12E1VTAGJX1,"","Silverfalls Kush"
018NY6XC00VT5H1YK6DVJQ3PBD,"","Silverfuck"
018NY6XC00VTEE4PXZZQ4ZXB93,"","Silver Goo (Third Eye)"
018NY6XC00VT4BP9K5ESX33F12,"","Silver Hammer"
018NY6XC00VTCAHET28FCSK4VV,"","Silver Hawk"
018NY6XC00VT0G53SYYRVYD1GY,"","Silverhawks OG"
018NY6XC00VTJ271MJQ7QCVMM6,"","Silver Haze"
018NY6XC00VTTY9VYZCWYQBB55,"","Silver Haze #9"
018NY6XC00VTFJZE0KC9MPWJ4S,"","Silver Headband"
018NY6XC00VTERENG0KYWEV6CX,"","Silver Jack"
018NY6XC00VTF9SF4CZS1RAQV3,"","Silver-Jelly_SBG"
018NY6XC00VT5K74TJ15D2WWBT,"","Silver Kush"
018NY6XC00VT2G84RF4QZMD3FJ,"","Silver LA"
018NY6XC00VTPM53PY6T90B0NF,"","Silver Lemon Haze"
018NY6XC00VT0ZDD5A6SQBZF4H,"","Silver Lightning"
018NY6XC00VTB1KVXRH3WHHK05,"","Silver Lights"
018NY6XC00VTNAHTAPBSPPDZ6Y,"","Silver Lotus"
018NY6XC00VTSHP93N2YNKGZMK,"","Silver Moon"
018NY6XC00VT043HMMQ99H1R54,"","Silver Mountain"
018NY6XC00VTJJ9W5SN6YKE1R2,"","Silver n Gold"
018NY6XC00VT5JRDME3T45KSCM,"","Silver Nina"
018NY6XC00VTP79887NJ29876D,"","Silver Pearl"
018NY6XC00VT8YEQ1KF4QNC4GC,"","Silver Pucker"
018NY6XC00VTBJ9MD8JQPEWXMF,"","Silver Queen"
018NY6XC00VTNWTG79T4C08289,"","Silver Rocket"
018NY6XC00VT22TZTAYDVV8ZDE,"","Silver Shadow"
018NY6XC00VTE10XMFT2MT53AH,"","Silver Skunk"
018NY6XC00VT9P1SEYARFEVZ8S,"","Silver Spice"
018NY6XC00VTA4MV47CAEE00WT,"","Silver Strawberry"
018NY6XC00VT5R43J8QXSF2XP0,"","Silver Streak"
018NY6XC00VTN4FB73BK8A615A,"","Silver Surfer"
018NY6XC00VTC43D9AT0F76SY4,"","Silversurfer Haze"
018NY6XC00VTP8RSKH3JFE6TQA,"","Silvertip"
018NY6XC00VTKW6EEBDK8A3E8A,"","Silver Tip"
018NY6XC00VTNX7VPTRKTTZCWV,"","Silver Train"
018NY6XC00VTQ49XVTTR06TVJN,"","Silver Tusk Haze F1"
018NY6XC00VTTHJZDFM1Z59N6E,"","Silver Velvet"
018NY6XC00VTXCMD3D9BTTXNRS,"","Silver Velvet Kush"
018NY6XC00VT2J53X9R3X474CV,"","Silver Widow"
018NY6XC00VTPB8E4Z60CB6YXJ,"","Simple Jack"
018NY6XC00VTVA9M8K11GYYNEC,"","Simply Swiss"
018NY6XC00VTKDY5WJR7XKCKG4,"","Simpson Kush (Rick Simpson)"
018NY6XC00VTY0HHQ30G72Q6F4,"","Sin"
018NY6XC00VTRG7JTACA2M1N3M,"","Sinai"
018NY6XC00VT36NBD662SHYJGC,"","Sin City"
018NY6XC00VTHJC9TN41PEKD2A,"","SinCity Bubba"
018NY6XC00VTZFD0YJ163P1DBW,"","Sin City Diesel"
018NY6XC00VTFS7EANSK0J5A0C,"","Sin City Kush"
018NY6XC00VTRGRZR2ND5CKJG1,"","Sin Diesel"
018NY6XC00VT2QB3K34958PNN8,"","Sinfully Sour"
018NY6XC00VTV8A9RH72VFXKKV,"","Sinister Doja"
018NY6XC00VT5D3JQ9ZKMAEQBA,"","Sinister Kush"
018NY6XC00VT2GASBVF41YD4D0,"","Sinister OG"
018NY6XC00VT07ZFBC4MQGT65C,"","SinMint"
018NY6XC00VTS8X20XMRGE48TP,"","SinMint Cookies"
018NY6XC00VTKQ0EYJQ8S8DKBC,"","Sinmints"
018NY6XC00VTW1CDAVHJ364G24,"","Sin's OG (Sin City's OG)"
018NY6XC00VT1EBPFP90D6AJAD,"","Sin Valley OG"
018NY6XC00VTXF1VZXM1B5Q4AM,"Indica","Sipsica"
018NY6XC00VTR7RYAQB5XD8VE4,"","S.i.r."
018NY6XC00VTDQ2A1TF7MHVFW1,"","Sirius"
018NY6XC00VTB79YH9JVN9YS92,"","Sirius Black"
018NY6XC00VTTEMTSEXBEEE8RF,"","Sirius Black F1"
018NY6XC00VTA2W4NRJ5X2HF58,"","Sirius Business"
018NY6XC00VTWHS8A7WQ70EC14,"","Sirius City Diesel"
018NY6XC00VTZ114WHM5DCHJ7W,"","Sirius Daydream"
018NY6XC00VTYNS8NM23PR1N8W,"","Sirius Kush"
018NY6XC00VTE9DPWPAMJV4Q5R,"","Sirius Skunk"
018NY6XC00VTB720K9E6H5PCNG,"","Six Shooter"
018NY6XC00VT7KG1CK76788CZT,"","Skerry"
018NY6XC00VTF4KG0QP7K2MFAY,"","Skins Skunk"
018NY6XC00VTZ7KWP0X8R8CKEV,"","Ski Patrol"
018NY6XC00VTNK1AASHJPCATMT,"","Ski Train"
018NY6XC00VT8M5CR9Y40QGJTN,"","Skittlz"
018NY6XC00VTPPV86BKE2F1D4Y,"","Skookum Skunk"
018NY6XC00VTKK6E1Z9T1MDDM1,"","Skubba"
018NY6XC00VTZD39WPFQQVAJ4F,"","Skunk"
018NY6XC00VTSYPTB68W56R141,"","Skunk #1"
018NY6XC00VTG7RTQ2TP3QZCQT,"","Skunk #11"
018NY6XC00VT2AP923BP0T26JF,"","Skunk 1 Pheno"
018NY6XC00VT449Z37JRFFDWME,"","Skunk #1 Pheno 2 1979"
018NY6XC00VT2Z0671DJS0ETM4,"","Skunk #2"
018NY6XC00VTQ50SH7ZR5TF8NW,"","Skunk #3"
018NY6XC00VTHQKSWG9ZWHTCR7,"","Skunk 47"
018NY6XC00VTS47G4S06WPQ8CY,"","Skunk #5"
018NY6XC00VT9BSEBZ6ZVQ8NDJ,"","Skunk 89"
018NY6XC00VTW5S65MWEVJ55XT,"","Skunk #9"
018NY6XC00VT2W9SPYGQFWTDS6,"","Skunkaberry"
018NY6XC00VTTNYJB653RFYNJK,"","Skunk Afgoo"
018NY6XC00VT63JSK8054ZF3ES,"","Skunkberry"
018NY6XC00VT4YXWY56SDH229R,"","Skunk Berry"
018NY6XC00VT3Y57PAD1909SBW,"","Skunk Classic"
018NY6XC00VTD8ET3DWF90EDQN,"","skunk dawg"
018NY6XC00VTVKC62JN7C3B0NM,"","Skunk Dawg"
018NY6XC00VTZCMTBXFG5MMD1S,"","Skunk Diesel"
018NY6XC00VTA9YV94F8FVCBR7,"","Skunk Haze"
018NY6XC00VTPWHB50MRXP579E,"","Skunk Haze (Headstash Seeds)"
018NY6XC00VTPYRH7MB7V9GTBH,"","Skunk Indica"
018NY6XC00VT5BG62VKEN3SJJW,"","Skunk Jack"
018NY6XC00VT155ZF9YMTMWKQA,"","Skunk Kush"
018NY6XC00VTVYJP7B7MN095ZQ,"","Skunk Mango (Mango Skunk)"
018NY6XC00VTNK6YMPV71VYPQ3,"","Skunk Master"
018NY6XC00VT9WPZ10ACEJ7T6S,"","Skunk Mix"
018NY6XC00VTTY1AQ3RM052FC2,"","Skunk NL"
018NY6XC00VT1R7PDQ7AXN3PPV,"","Skunk No. 1"
018NY6XC00VT89GZTNN1V3P0S0,"","Skunk No. 2"
018NY6XC00VT15ZMHYTJYTD04Q,"","Skunk Passion"
018NY6XC00VTTSH243ERTR9S4N,"","Skunk Passion Four Way Skunk"
018NY6XC00VTY3ENVS9RZ7WAWR,"","Skunk Power"
018NY6XC00VTNX1MNWANR4CEXF,"","Skunk Red Hair"
018NY6XC00VT81VS61CSPVPHNP,"","Skunk Special"
018NY6XC00VTB1G2MDFG1WMB57,"","Skunkstack (Aficionado)"
018NY6XC00VT8ZEH7KYDWJJHPF,"","Skunk Star"
018NY6XC00VTHJDTSBRC218Y1Z,"","Skunk Tangerine"
018NY6XC00VTC3FT3057FW0CMR,"","Skunk Train"
018NY6XC00VTVFYYDTJECGNMRR,"","Skunk USA"
018NY6XC00VTP4WBVPSPXY75NN,"","Skunk XL"
018NY6XC00VTN59EG382GN99FE,"","Skunk XXX"
018NY6XC00VT5W0PE5J223W46F,"","Skunky Diesel"
018NY6XC00VT6BW8NXM9MKCFA2,"","Skushy Spider"
018NY6XC00VTW04Q14A506FKN9,"","Sky Blackberry"
018NY6XC00VTM6SMQKV6MYRRS0,"","Skydog"
018NY6XC00VT4NN76FSHFWT61Q,"","Sky Dog"
018NY6XC00VTHWFF9Q8JPV1E37,"","Sky Dragon"
018NY6XC00VTWP1CR9SB0JZG1R,"","Skyfire OG"
018NY6XC00VT83XDPBPVNV48JC,"","Sky Hash"
018NY6XC00VTRXADXKAR0ZPR58,"","Sky Kush"
018NY6XC00VT6V9B8Y1JDJZ1FF,"Indica","Skyleve"
018NY6XC00VTHMR3YYZMZDD5V5,"","Sky Lotus v2"
018NY6XC00VTWEWSFZ56016122,"","Sky OG"
018NY6XC00VTTRTMRT7HRDG8M5,"","Skyscraper Kush"
018NY6XC00VTK9DATDJJ0JW3DS,"","Skywalker"
018NY6XC00VT1MAGSTSK99VTAK,"","Skywalker Alien"
018NY6XC00VTV6N4ZNAWWZYMQ1,"","Skywalker Diesel"
018NY6XC00VT8Q7XAFKZ3YCX7K,"","Skywalker Haze"
018NY6XC00VTYQGQ9RQKTYW1BC,"","Skywalker Kush"
018NY6XC00VTAQKWN54CBSM1YZ,"","Skywalker OG"
018NY6XC00VT96PCNQ6KT0Q958,"","Skywalker OG Kush"
018NY6XC00VT3WGM4QK7TCW17K,"","Skywalker Skunk"
018NY6XC00VTTYFS90W3WS7Q21,"","Slaughtering Betsy"
018NY6XC00VTF2KG7ABDMH0MK7,"","Slazerbeam"
018NY6XC00VTGRT59J75X9NHBH,"","SleeSkunk"
018NY6XC00VTD38E39S5SMGCG3,"","SleeStack"
018NY6XC00VTPQ1VSMF4AQRZ3P,"","Slick Rick"
018NY6XC00VT2Y4T3237G2XFKG,"","Slimer (Lost River Seeds)"
018NY6XC00VTFSKDN4CYJB6R3H,"","Slimer OG"
018NY6XC00VTV1711JW2ARFQGF,"","Sloppy Bowl"
018NY6XC00VTQ7WM9A095YFR8F,"","Slurpee"
018NY6XC00VTZQ0M8587F9Y7T4,"","S.L.V.B.K."
018NY6XC00VT4VSVJQPVTKYSFX,"","Slyder"
018NY6XC00VTGCJEXWS8H3JRWQ,"","Slymer"
018NY6XC00VTEN7YQTECXNDS2N,"","Slymer Cheez"
018NY6XC00VTCS4XSA1E02R5AQ,"","Smart Alex"
018NY6XC00VTXEWWYY5JDKSXA7,"","Smarties"
018NY6XC00VTMA33K22AZA2VVM,"","Smashberry"
018NY6XC00VTF15DTGP480H7RR,"","Smash Hole Punch"
018NY6XC00VTDWABBSJQ6VCB5Q,"","Smelliot"
018NY6XC00VT3Z8KDH664XNV7W,"","SmellyBerry"
018NY6XC00VT1BHDJG6B5CYQ17,"","Smelly Cherry"
018NY6XC00VT7W2ZH518HTK37T,"","Smelly Guy"
018NY6XC00VT90TXBZFVE7JKB1,"","Smile"
018NY6XC00VTKQTJY9SGH8M19Z,"","Smoka Cola"
018NY6XC00VTEPKBRYA8WKJYYB,"","Smokework Orange"
018NY6XC00VT5RFE8KDV8262A2,"","Smokey Bear"
018NY6XC00VTRX31XVM3DV6JZS,"","Smoke Your Cookie (S.Y.C.)"
018NY6XC00VT235KRMHGMBR5HK,"","Smooth Dream"
018NY6XC00VT3XJWSJPNFXE1T3,"","Smoothie"
018NY6XC00VTS5QTA9CG99WBW3,"","Smooth OG"
018NY6XC00VT68C8WGA3F12MF7,"","Smooth Operator"
018NY6XC00VTAYREKDCV3B19QF,"","Smurf"
018NY6XC00VTV2Q5TNKWHMFGE3,"","Smurf Berry"
018NY6XC00VTZY2M706R4GT3C7,"","Smurfzilla"
018NY6XC00VTSM9KBZ8JNPMFMS,"","Smut"
018NY6XC00VT5AMJ48H4XDH2PQ,"","Snakebite"
018NY6XC00VT27RY99438MWS90,"","Snake Venom"
018NY6XC00VT6ZZY23XBS4NKCF,"","Snazzleberry"
018NY6XC00VTFD0CZ92RTETHTQ,"Hybrid","Sneebrid"
018NY6XC00VTG58PKTG7ANJM4F,"","Snerval"
018NY6XC00VT31JD1SYX4VD7BV,"","Snoop"
018NY6XC00VTV5XX0HXR9N87P9,"","Snoop Dogg OG"
018NY6XC00VT451W1D1NX3JYM7,"","Snoop Master"
018NY6XC00VT5MST06PG72X2Y9,"","Snoop's Dream"
018NY6XC00VT33RPSFEHZGZ2RN,"","Snoop's Master Kush"
018NY6XC00VT09HJ1ARAR4G805,"","Snow"
018NY6XC00VTZWVQDWJ6BV4R8T,"","Snowbud"
018NY6XC00VTN8X085GX2XXMBV,"","Snow Bud"
018NY6XC00VTFTH03WTY454F8F,"","Snow Buffalo"
018NY6XC00VT4DCKJB716X1TYD,"","Snowcap"
018NY6XC00VTPVK3T4YJATJA7C,"","Snowcap (Grand Daddy Purp's)"
018NY6XC00VTMZ0KGCYG3TSR78,"","Snow Cookies"
018NY6XC00VTPTC81RE091WG27,"","Snowdawg"
018NY6XC00VTFBY4VMMNX2AVF0,"","Snow Dawg"
018NY6XC00VT6F1DMNJSYFBFD5,"","Snowdawg BX"
018NY6XC00VT0E6HRG8SAD33XN,"","Snowdawg II"
018NY6XC00VTBG22HRERH4F6W6,"","Snow Diesel"
018NY6XC00VTKF14X1Q48NV5MH,"","Snowdizzle"
018NY6XC00VTJVJPC20CA7XQRT,"","Snow Dream"
018NY6XC00VTNYS1YEAPY5EFZ1,"","Snow Fire OG"
018NY6XC00VTC2SVXV2WZHMKKD,"","Snow Goddess"
018NY6XC00VTPQQMEHVM1SSDDC,"","Snow Jack"
018NY6XC00VTDEEH7ZS9JFQR63,"","SnowLand"
018NY6XC00VTQJX4W6HCDSSXA7,"","SnowLAnd"
018NY6XC00VT8Q8TE1ZRVVCZJ1,"","Snowland (A)"
018NY6XC00VT4P7MTWD3DW2EQT,"","Snow Leopard"
018NY6XC00VTYDBMXMQX7D4439,"","Snow Lotus"
018NY6XC00VT8EE0H56JVM2VHC,"","Snowmonster"
018NY6XC00VTYFW0Y955PY8BY2,"","Snow Monster"
018NY6XC00VT7RJ784GZ4375MH,"","Snow Mountain"
018NY6XC00VT8XMYAZ6X0W7GCR,"","Snow OG"
018NY6XC00VTQ0VT55SJF9282A,"","Snowpack"
018NY6XC00VTJCBP9QGSNWPPTE,"","Snow Ripper"
018NY6XC00VT1HJDMJ0YYFG4WY,"","Snowryder"
018NY6XC00VTTSJ7F8P1AB0W87,"","Snow Ryder"
018NY6XC00VTN4QHMP4HA81HBD,"","Snow Slyder"
018NY6XC00VT73CMNPDNFE89J4,"","Snow Temple"
018NY6XC00VTABJVVP577ATTQX,"","Snowtracks"
018NY6XC00VTXXM0TT0MF3JMPF,"","Snow White"
018NY6XC00VTTR7DYMC8FWXWCZ,"","Snow Wookie"
018NY6XC00VT0EWE14XZ3QMVMB,"","Snow Wreck"
018NY6XC00VT0FG6S93ENF12Y2,"","Snozzberry"
018NY6XC00VT7WQ2TC4BWPMBW6,"","Snozzwanger"
018NY6XC00VT6Z7THEPDNYQ7ZE,"","Snurkulan"
018NY6XC00VTE583SHP4PJ4KXR,"","SoCal Cat Piss"
018NY6XC00VTW0NE6F0N6WSHYG,"","SoCal Dawg"
018NY6XC00VTF6BFB4QY3J2KXF,"","SoCal Giesel"
018NY6XC00VTQMGABWFRDWD28R,"","SoCal Kerosene"
018NY6XC00VTC5Y62JF3XS7S1B,"","SoCal Lemon Diesel"
018NY6XC00VTYSV80Y15CRT9QQ,"","Socal Master Kush"
018NY6XC00VTXKD2AXDXH4RC1B,"","SoCo Berry"
018NY6XC00VTBR31Y90GZ0EJ66,"","Soda Berriez Jazz"
018NY6XC00VT24FFY68WRRFCS4,"","So Gouda"
018NY6XC00VTNZBDH4G1CR3W5Q,"","SoGouda"
018NY6XC00VTBJDVZWTXX1K4GE,"","Sojay Haze"
018NY6XC00VTYKYQ7SX8GBEH7H,"","Solace"
018NY6XC00VTV3K5N3CFW585FX,"Sativa","Solanaca"
018NY6XC00VT0A0Y3XM9JW98ZH,"","Solarium"
018NY6XC00VTBV1BRPC5CAZ5WF,"","Soldier 2005"
018NY6XC00VTE1VEE2ZZJNE0W0,"","Sol Dog"
018NY6XC00VT186RTNS7G50JN1,"","Soliloqueen"
018NY6XC00VT2P8TDT1345K4V3,"","Solo's Stash"
018NY6XC00VT3M3TNMQQKSBZ4Y,"","Soma A+"
018NY6XC00VT922RNMSQFGNYMG,"","Somalicious"
018NY6XC00VTVQYWJ40MSCHCE8,"","Somali Taxi Ride"
018NY6XC00VTA7QA33PZ7RVSEA,"","Somango"
018NY6XC00VTH81SFH6WKRXBST,"","Somango (Soma #5)"
018NY6XC00VT5MM05JA1G8GNP3,"","Somango Widow"
018NY6XC00VT2X5EC65097YMYY,"","Somango XL"
018NY6XC00VTCRN4KY15832FCS,"","Somanna (Soma Wide+)"
018NY6XC00VTGQ4XKGT06P70PE,"","Somantra"
018NY6XC00VTT4F5BN9P6S2307,"","Somari"
018NY6XC00VTN8Z8SMTGH7KC07,"","SomaRi"
018NY6XC00VT2W2KGDER1DT9JN,"","Somativa"
018NY6XC00VTPNQ9VTG4QJH6WT,"","Somatooth #1"
018NY6XC00VTHY6ZYTPCXSHAMF,"","Somatooth #2"
018NY6XC00VT6T4FH6BHKGDJS0,"","Somaui"
018NY6XC00VT4S48C3J39KRM17,"","Something Special"
018NY6XC00VTMFCJ7E5E26B21W,"","Somini"
018NY6XC00VTJ9NW11ZSEGHAE8,"Sativa","Sonder"
018NY6XC00VTS16QFQFCCWFQ45,"Sativa","Songrica"
018NY6XC00VT4ZX55K34BQBWVM,"","Sonic"
018NY6XC00VTKYAK1TTNVSDJ81,"","Sonic Bloom"
018NY6XC00VT3BM8ESBQ9SDKJW,"","Sonic Fly"
018NY6XC00VTMNYK5E0Q9MRD3V,"","Sonic Screwdriver"
018NY6XC00VT2JTTT5NZVF8JNT,"","Sonoma Coma"
018NY6XC00VTP0SD2HZKE1Y9D3,"","Sonoma OG Kush"
018NY6XC00VT3FKR7CJAXADDSG,"","Sonoma Valley Grape"
018NY6XC00VTRNH6CWBDQAXQR3,"","Sonora Super Sativa"
018NY6XC00VT7Y842BN74YK58V,"","Sophie OG"
018NY6XC00VT1KF51AW6S6KH4B,"","Sophisticated Lady"
018NY6XC00VT2Z1HKJ0PN08V5P,"","Sorcerer’s Apprentice"
018NY6XC00VT73AYHRGMGWX4K5,"","Sorcerers Apprentice"
018NY6XC00VT6N5EJCJSAB8EKG,"","Sorry Sucker"
018NY6XC00VTHS6WRP0HNDDQW9,"","Soul Assassin #3 (Purple OG Kush/Santa BarbaraOG)"
018NY6XC00VTF1J4JM6Y16S62E,"","Soul Assassin OG"
018NY6XC00VTF4Q6YYT2FH3KWZ,"","SoulFruit"
018NY6XC00VTPQ00EZDZNXV3JN,"","Soulshine"
018NY6XC00VTHBSMMYF10TZ2R7,"","Soul Shine"
018NY6XC00VT3BTX7XM4T53AR1,"","Soulshine Aloha"
018NY6XC00VT3G96DYF8NGVF8J,"","Soul Train"
018NY6XC00VTG8S4MWAAGWC11B,"","Sour 13"
018NY6XC00VTH9RPZGCVZHWHVZ,"","Sour 60"
018NY6XC00VTMMGHRXTPW317RA,"","Sour Afghan Haze"
018NY6XC00VTTF1T4C76QHEZ1Y,"","Sour AK"
018NY6XC00VTASN65PJ9Q1C5KA,"","Sour Alien"
018NY6XC00VTFHWVKKD9JZSYGD,"","Sour Amnesia"
018NY6XC00VTNJQFD0NQ0RSNPK,"","Sour Ape"
018NY6XC00VTRKNZ6KSXN2HWHH,"","Sour Apple"
018NY6XC00VTPS2XQTYTT5DHVY,"","Sour Apple Haze"
018NY6XC00VT7N236HE78ZQMYB,"","Sour Banana"
018NY6XC00VTZTKTYAC0HW7428,"","Sour Banana Larry"
018NY6XC00VT8XZBC2BRTX6TT3,"","Sour Banana Punch"
018NY6XC00VTBMHW0SQ41963WK,"","Sour Banana Sherbet"
018NY6XC00VT7DS279ACG8ENXM,"","Sour Bananas OG"
018NY6XC00VTJ5W5E9V3GXX10X,"","Sour Band"
018NY6XC00VT2JEPW92HPXH3EY,"","Sour Berry"
018NY6XC00VTDK67A0QTEDSZED,"","Sour Blackberry Diesel"
018NY6XC00VTF2847D98VRQ0RG,"","sour blueberry"
018NY6XC00VTKF4ZN59RV03B80,"","Sour Blueberry"
018NY6XC00VTRP4EKE6FA6C3DH,"","Sour Blue Cheese"
018NY6XC00VT2PF66825AYFBGK,"","Sour Blue Thai"
018NY6XC00VTDFDK5R6E1SMAT3,"","Sour Boggle"
018NY6XC00VTBZ6SQD0RX1QQE4,"","Sour Bomb"
018NY6XC00VTZPHF62FYFVNM83,"","Sour Breath"
018NY6XC00VTAHJE56TTV1EE0A,"","Sour Bubba"
018NY6XC00VT3X6YGC574DKXFG,"","Sour Bubble"
018NY6XC00VTRQG478HXT05YF3,"","Sour Bubble 4"
018NY6XC00VTSC13PHD9YNTPK0,"","Sour Bubbleberry"
018NY6XC00VTBFDX1WCFSTRXZ6,"","Sour Bubble BX3"
018NY6XC00VT8YRPK9T066P23G,"","Sour Bubble DMT"
018NY6XC00VT18KXA4VJYK1G7M,"","Sour Bubble Gum"
018NY6XC00VTKN3XWKTHSNPYZ9,"","Sour Bubblin' Crack"
018NY6XC00VTKH5WGTA11NE2S1,"","Sour Bubbly"
018NY6XC00VT7JHD1NGVZ3C7H5,"","Sour Cali"
018NY6XC00VTP972RKGNE9VT3R,"","Sour Candy"
018NY6XC00VT1VDMCV7BVTKDJN,"","Sour Cat"
018NY6XC00VT412HQCSJV6NXWV,"","Sour Cheese"
018NY6XC00VTNJPEKB2FBZCTK0,"","Sour Chelumbian"
018NY6XC00VT3ETQFZ3X3JQS8Z,"","Sour Chem"
018NY6XC00VTWK29N5K7WZVJST,"","Sour Chem OG"
018NY6XC00VT0837ZKTTEVQA0E,"","Sour Chem Scout"
018NY6XC00VTGK9NDA3VSZSP9B,"","Sour Cherries"
018NY6XC00VTNHSN1NKS341W7Y,"","Sour Cherry"
018NY6XC00VT68MFT9H1GGQ97Q,"","Sour Cherry Kush"
018NY6XC00VTKSVEMPCTTHE10N,"","Sour Chiesel"
018NY6XC00VTTPBH0W14AWWXRA,"","Sour Chocolate"
018NY6XC00VTZS9B8N2VGSEXCH,"","Sour Chunk"
018NY6XC00VTEDT6832CNRRF36,"","Sour Cider"
018NY6XC00VT2PVZYCBW7D7Z5R,"","Sour Clementine"
018NY6XC00VT71ZF237X5AXD0D,"","Sour Cookies"
018NY6XC00VTNQ4YKTSWY144G1,"","Sour Crack"
018NY6XC00VTTVH783B0N5C06G,"","Sour Cream"
018NY6XC00VTRWHDK0X2ERBQXY,"","Sour Daddy Biofuel"
018NY6XC00VTQ4PMNW645SQ8WK,"","Sour Dawg"
018NY6XC00VTEGMQQKSQT2FYKS,"","Sour Dead"
018NY6XC00VTVJ2QPCQZ2M9TDX,"","Sour Deazy"
018NY6XC00VT5ZH3YVM60E8XQB,"","Sour Diesel"
018NY6XC00VTRJJRPDS9E9SZG1,"","Sour Diesel #2"
018NY6XC00VT1PTEBZN751SFC5,"","Sour Diesel #4"
018NY6XC00VTHV57FP8GP4SYX5,"","Sour Diesel Bx 1.5"
018NY6XC00VTQX5VXJTAHHY81X,"","Sour Diesel Caviar"
018NY6XC00VTF82HF8HSHH3TSP,"","Sour Diesel / Critical Mass"
018NY6XC00VT2TEMD7Y7KJ0S2Q,"","Sour Diesel GAL306"
018NY6XC00VT5DGD358QJ9YA46,"","Sour Diesel GAL6280"
018NY6XC00VT9DM2EGV76Q324J,"","Sour Diesel GAL6394"
018NY6XC00VTXZSK9897JFYTJE,"","Sour Diesel GAL6395"
018NY6XC00VTRGE46RYXTGS9WJ,"","Sour Diesel Haze"
018NY6XC00VTNGCEYS1R4YMQR2,"","Sour Diesel (THC Seeds)"
018NY6XC00VTMNXM2G3AHTJWME,"","Sour Diesel V3"
01E7C1WTV3G9EYHXE9FKSE6MM1,"-unknown-","Sour Diesel x Memory Loss"
018NY6XC00VT5FDP2CN62BW5NS,"","Sour Diesel (Zayante Cut)"
018NY6XC00VTKQ15ADXVBMM5YC,"","Sour D*og"
018NY6XC00VTFT53B0H2H8ZKY5,"","Sour Dog Biofuel BX2"
018NY6XC00VTWA7S9498Y7Z50M,"","Sour Double Kush"
018NY6XC00VTVD7T52MK4H6EAA,"","Sour Dream"
018NY6XC00VTD75G1TR321R7PF,"","SourDub"
018NY6XC00VT7KARWK94W7D7RE,"","Sour Dubble"
018NY6XC00VTVDDKGJRZFB6MBS,"","Sour Dutch"
018NY6XC00VTCN3ZWDTFSSV9WH,"","Sour Fire"
018NY6XC00VTFWV822EAY1P2XQ,"","Sour Fireweed (Sour AK)"
018NY6XC00VT24S59T1YZ2BS70,"","Sour Flame"
018NY6XC00VT4Q6Z7V9DQ6AV0E,"","Sour Flame OG"
018NY6XC00VTYZFHDQRSR7QGPM,"","Sour Flower"
018NY6XC00VTXDTXKANEA64KCD,"","Sour Freeway"
018NY6XC00VT9X9ZE83C61DAZ2,"","Sour GDP"
018NY6XC00VT4YHT8SGE9ZV3J5,"","Sour Ghani"
018NY6XC00VTT2GEAD8X0DCF8N,"","Sour Glue"
018NY6XC00VTSMA2THBX19R6MX,"","Sour Goji"
018NY6XC00VTMX5D2WPRS3Z5GJ,"","Sour Goo"
018NY6XC00VT7VJZSY050WVTAV,"","Sour Grape"
018NY6XC00VTFYRX4V7WS007C7,"","Sour Grape Diesel"
018NY6XC00VTFBYTGGX9J8TPPR,"","Sour Grapes"
018NY6XC00VTRP9JR1QN2Y8F89,"","Sour Grape Skunk"
018NY6XC00VTDT448GSXH2PZBH,"","Sour Harley"
018NY6XC00VTFXKHW39R5A1C34,"","Sour Haze"
018NY6XC00VT70TE57GBDGA4ED,"","sour headband"
018NY6XC00VTRMCRNR98PCQBKA,"","Sour Headband"
018NY6XC00VT0JDV6D050XCNP9,"","Sour Herijuana"
018NY6XC00VTQDFSHM7QJWTFK2,"","Sour Hound"
018NY6XC00VTWWWTDWXDQPPD25,"","Sour Jack"
018NY6XC00VTWC3HE4JRGVQ01X,"","Sour Jefe"
018NY6XC00VTB2V4KQHGTD8956,"","Sour Jilly"
018NY6XC00VT0YJEF0YP5B6Q2C,"","Sour Joker"
018NY6XC00VTKBBDTZ9XR60982,"","SourKaBerry F1"
018NY6XC00VT462AGM6D403QHW,"","Sour Kenobi"
018NY6XC00VTZXYPWBGG5DVRWA,"","Sour Kosher"
018NY6XC00VTB3BFAX64SNGMGE,"","Sour Krush"
018NY6XC00VTJE7FX87PG1WGAV,"","Sour Krypt"
018NY6XC00VTSR7106S9AHJ5Q3,"","Sour Kush"
018NY6XC00VTPHSVDHTCNEV1J5,"","Sour Kush GAL6202"
018NY6XC00VTJGRCNA9GJ2KVH5,"","Sour Kush GAL6511"
018NY6XC00VTK96MV9R6Q8Y2Q1,"","Sour Kush (Reserva Privada CO)"
01E7C21K18Q85ZY7Y60E03MEG1,"-unknown-","Sour Kush x Screamin' OG #1"
018NY6XC00VTS3TV0JQWKDJ2NC,"","Sour LA"
018NY6XC00VTB6XSYSBVQ0MM0S,"","Sour LA Confidential"
018NY6XC00VT8XV79VJQM4SH0M,"","Sour Lamb"
018NY6XC00VTFXT496TFCSW0JP,"","Sour Larry OGK BX1"
018NY6XC00VTG943ZEF2106CZY,"","Sour Lemon D"
018NY6XC00VT96EEJYNBWE3WZQ,"","Sour Lemon Haze"
018NY6XC00VTAME3E8TZEXXQFX,"","Sour Lemonhead"
018NY6XC00VTE614WAQF1S6ANY,"","Sour Lemon Larry"
018NY6XC00VTYX5TGCQF6KZS17,"","Sour Lemon OG"
018NY6XC00VT8TTCK74C04SZW7,"","Sour LifeSaver"
018NY6XC00VTTNR9CBMEJD4T4K,"","Sour Lime Pie"
018NY6XC00VT5Q9RZ5YYDNYW6C,"","Sour Limon"
018NY6XC00VTWY87G23XW088WZ,"","Sourlope"
018NY6XC00VT6W4AFVGFT27X2T,"","Sour Lopez"
018NY6XC00VTPV13JF178ET29B,"","Sour LSD"
018NY6XC00VTTMYA5F4MDZJZSC,"","Sour Mandarina"
018NY6XC00VT4QVCGX33WSP6CV,"","Sour Mango"
018NY6XC00VT2KDE4KKEF10E0K,"","Sour Maui"
018NY6XC00VT4HXBZZ5RCJ04KB,"","Sour Maui Waui"
018NY6XC00VTN2XY2JVE861V30,"","Sour Mist"
018NY6XC00VT592P7RGEN6KEAB,"","Sour Monkey"
018NY6XC00VT0AH887VHPF6VR2,"","Sour Monkey (Relentless Genetics)"
018NY6XC00VTBPCZA6KABMFH9T,"","Sour Moonrocks"
018NY6XC00VT5NVWSE4D4ZD2Y6,"","Sour Nightmare Kush"
018NY6XC00VTJHCZN0ZBPEEJ09,"","Sour Nyquil OG"
018NY6XC00VTEA6CP3EH1JEW9H,"","Sour OG"
018NY6XC00VTZP8MJXV7QSEJ3D,"","Sour OG (AliGee)"
018NY6XC00VT4J2X10AH9G3HQP,"","Sour OG Grapefruit"
018NY6XC00VTMRMRZM12SMP64Q,"","Sour OG Hazewreck"
018NY6XC00VTC2B23MHHWSCWSR,"","Sour OG Kush"
018NY6XC00VTDE3CDGW5RZ38E3,"","Sour P"
018NY6XC00VTT9SATYXSZ7763F,"","Sour Patch Kids"
018NY6XC00VT03TEG7RP0J29RK,"","Sour Patch Kiss"
018NY6XC00VTG3QH38NHTEPVGE,"","Sour PC"
018NY6XC00VTYED0XCP8D0YVM0,"","Sour Pebbles"
018NY6XC00VTNV35GN8AAJHXEE,"","Sour Pez"
018NY6XC00VTA9H27Z8R8ZX74N,"","Sour Pineapple"
018NY6XC00VTG3F02ZVQD4R1P8,"","Sour Pink Grapefruit"
018NY6XC00VTANTRK06K7N7K8H,"","Sour Poison"
018NY6XC00VTNAZBT2Y0DSQ6AE,"","Sour Poison OG"
018NY6XC00VTXAX335RZWR2Z01,"","Sour Power"
018NY6XC00VTHR5TTDJAGPYJRH,"","Sour Primo"
018NY6XC00VTDDVC7F1YCCJHGE,"","Sour Punch"
018NY6XC00VT6MCET91XSG202G,"","Sour Purple Kush"
018NY6XC00VT9FXJM4CPY7VG26,"","Sour Purple Strawberries (Strawberry Dakini)"
018NY6XC00VTYXPQQ3XCZZCK3T,"","Sour Puss"
018NY6XC00VTVTQXXR99GA4PMA,"","Sour Queen"
018NY6XC00VTFX7DPBXHJDDVJN,"","Sour Raspberry"
018NY6XC00VTYCVME5JA0W8Y9R,"","Sour Romulan"
018NY6XC00VT2H0Z5XVE4A2RDS,"","Sour Royal"
018NY6XC00VTFD23AXF1VE3T9J,"","Sour Russian"
018NY6XC00VTHB3BD8DT1036XB,"","Sour/Sage"
018NY6XC00VTRKAFWB1TDJS1G1,"","Sour Saturn OG"
018NY6XC00VTN7WYW0Z2G4X9FV,"","Sour Saver"
018NY6XC00VTNE5GHJXJWCH505,"","Sour Saver 2.5"
018NY6XC00VTZY1S9WZ7YTSRQF,"","Sour Scout"
018NY6XC00VT5G32B2ERBBZ0EN,"","Sour Secret"
018NY6XC00VT35X0CQQ6W6FJ94,"","Sour Shark"
018NY6XC00VTKGED4MXT4EJGP7,"","Sour Sherbert"
018NY6XC00VT07DVQ9JNGTQKWY,"","Sour Skunk"
018NY6XC00VTA4061EYG78KBJM,"","Sour Skywalker OG"
018NY6XC00VT3HSBJMDK0S6ZTN,"","Sour Smurf"
018NY6XC00VTKQ33X5TJVE3JY9,"","Sour Spades"
018NY6XC00VTNMCYD2EQSKFN78,"","Sour Spyder"
018NY6XC00VTZ9ZA2V85WK0XKZ,"","Sour Star"
018NY6XC00VTWSD8V07138P0R6,"","Sour Strawberry"
018NY6XC00VTFJHFH5CQDPBXDV,"","Sour Strawberry Diesel"
018NY6XC00VT88H9H68146A4AS,"","Sour Strawberry Kush"
018NY6XC00VTPWH4HA2Q8BS360,"","Sour Strawberry Moonshine"
018NY6XC00VTMGT0MCWW80EZF5,"","Sour Sunset"
018NY6XC00VTY7N4S8JM4PWFW2,"","Sour Tangie"
01E7BXQKNDSGP4HZ56KR45ABW7,"-unknown-","Sour Tangie x Love"
018NY6XC00VTA3JT9T8CGSGJHD,"","Sour Thai CBD"
018NY6XC00VTYCVHV2BVS43YQM,"","Sour Tropical D"
018NY6XC00VT4BN8WFQ2J2WS7F,"","Sour Truth"
018NY6XC00VTXEG3ERETKYXNYE,"","Sour Tsunami"
018NY6XC00VT1B97XJJZ882TFG,"","Sour Tsunami #3"
018NY6XC00VTQZZ5ZDCV28GJEK,"","Sour Turbo"
018NY6XC00VTQRMAQCSNDQCKW3,"","Sour Ultimate Indica"
018NY6XC00VTCJ9GTPPXEHQWRF,"","Sour Urkle"
018NY6XC00VTCV3W946XMDVE4D,"","Sour Valley"
018NY6XC00VT7T3H49CNG2ZGBF,"","Sour Widow"
018NY6XC00VT6DVDWNDF24E3TQ,"","Sour Wifey"
018NY6XC00VTKVDEHSKS4YSDB5,"","Sour Willie"
018NY6XC00VT3E7YH18HKTX8NY,"","Sour Wonder"
018NY6XC00VT4NWVQR1TQ3Y7JR,"","Sour X"
018NY6XC00VT83C141PWGKEF0Y,"","Sour Zkittlez"
018NY6XC00VT55E4RWRZSQKZ47,"","South Africa"
018NY6XC00VT8P3GH5KFEC2AFB,"","South African D.P. 34"
018NY6XC00VTKKQDNGXZ3FWN2W,"","South African Landrace"
018NY6XC00VT1046GP75MT8G8T,"","South African Sativa"
018NY6XC00VTMW243A0RB3NG90,"","South American"
018NY6XC00VTNTK169Y5K5N32H,"","South Asian Indica"
018NY6XC00VT6KX7JG0YXNY31R,"","South Asian Sativa"
018NY6XC00VTV9NK52AF52CD4R,"","South Central LA"
018NY6XC00VT0QA3TCRHCRNZ05,"","Southeast Asian Landrace"
018NY6XC00VT3DYQXAW1595P8Z,"","southern bell"
018NY6XC00VTRAQHE00BQJ6WQ1,"","Southern Comfort"
018NY6XC00VT6W05ZWFXKZFSDP,"","Southern Ghost"
018NY6XC00VT4VBYZN1J2HJN5W,"","Southern Kentucky Cherry Bomb"
018NY6XC00VTSCVBPDPEA6D3EK,"","Southern Knight"
018NY6XC00VTX43VZMB4FYNVP9,"","Southern Lights"
018NY6XC00VTNEJ9RWCXPWWMG0,"","Southern Lights (White Star)"
018NY6XC00VT7D40JMYQ7DCSCW,"","Southern Locomotive"
018NY6XC00VTAVP1TVF4025MJ2,"","Southern Nights"
018NY6XC00VTR8ND5HJ18JE1C9,"","Southern Purp"
018NY6XC00VTQ6M378Y9HJRTK3,"","South Fork Kush"
018NY6XC00VTPMWJPX6BGBNAMM,"","South Indian"
018NY6XC00VT5BH37MVFAE6C7M,"","South Indian Indica"
018NY6XC00VT0TW3T4N27GZ0FY,"","South Indian Landrace"
018NY6XC00VTAD0F3R79A3TYQA,"","South Indian Sativa"
018NY6XC00VTD2QNE656FEAKGQ,"","South'rn D'Lights"
018NY6XC00VT8497KRY9M6VQMD,"","South'rn Silver Daze"
018NY6XC00VTEKV1S984GQ75M2,"","Southside Flame"
018NY6XC00VTTT5JMYTX98J7E5,"","South Sound Tonic"
018NY6XC00VTZHPXC6NCKCJ3G7,"","South Star"
018NY6XC00VTVJMAVZBPH54TFX,"","Space Ace"
018NY6XC00VT2JFR3S4T9RAHV3,"","Spaceaged OG cut"
018NY6XC00VTJE8GVBJMR19K2F,"","SpaceAged OG F2"
018NY6XC00VTWG75D0YZ232HC6,"","Space Ape"
018NY6XC00VTXDR7J6FC9SGBM1,"","Spaceballs"
018NY6XC00VT3V8DD34VTTCGKN,"","Space Bomb"
018NY6XC00VT8JC1N53CPVJSSQ,"","Space Cake"
018NY6XC00VTHWG948AJSB8E02,"","Space Candy"
018NY6XC00VTRCYXAJ7H48D0B8,"","Space Candy GAL19834"
018NY6XC00VT2XZBR6KQQA5SBK,"","Space Candy GAL5971"
018NY6XC00VTCBHJKJGVRV69HJ,"","Space Candy GAL6212"
018NY6XC00VTPV10YXEWXHK6BK,"","Space Cookies"
018NY6XC00VTE7Z3TRBHSWX6C7,"","Space Cowboy"
018NY6XC00VTY3WP7KDARJZBFW,"","Space Cream"
018NY6XC00VT6J8GSRM7D1ANVQ,"","Spaced Alien Queen"
018NY6XC00VT28AD072RR9A1XH,"","Spacedawg"
018NY6XC00VTTG4E1MX0HQK8QA,"","Space Dawg"
018NY6XC00VTZD1F0PF5091ZED,"","Spacedude"
018NY6XC00VTTMVM8DZ6R89MSJ,"","Space Dude"
018NY6XC00VTF47MJDF0VYXPD5,"","Space Ghost"
018NY6XC00VTJ45W9GMP1N88AP,"","Space Ghost (Red Bee)"
018NY6XC00VT78H839SB7873GH,"","SpaceGlue"
018NY6XC00VTKQKJEQXWVEYRJ3,"","Space Helicopter"
018NY6XC00VT1MCC3XJ6K198JN,"","Space Jam"
018NY6XC00VTVRH6APKT80TYGS,"","Space Jill"
018NY6XC00VTARM2PCVN1YCVZ0,"","SpaceJill"
018NY6XC00VT132ZG1SQCN5Y2S,"","Space Kush"
018NY6XC00VTEKGFRPT2VWJ75R,"","Space Mandala"
018NY6XC00VTZTVXY3N5DSN5X7,"","Space Monster"
018NY6XC00VTWP2KC09FTFZEA2,"","Space Mountain"
018NY6XC00VTZ1V35J07CX4ZSV,"","Space Needle"
018NY6XC00VTGNR4EGJQ6Y9P4H,"","Space Oddity"
018NY6XC00VTP23R2H0AFWFZ13,"","Space Qleaner"
018NY6XC00VT7H1AMA54WQXBN0,"","Space Queen"
018NY6XC00VTF9ESXYENGEFAJJ,"","Space Queen F2 (Space Jill)"
018NY6XC00VTQ46FTCA8MX2ZE2,"","Space Queen F3"
018NY6XC00VTM74KY8KC69PPS2,"","Space Queen (Red Bee)"
018NY6XC00VTW555DRXXZG1X4B,"","Space Rain"
018NY6XC00VT8AW90V27A3C682,"","Space Rhino F1"
018NY6XC00VTKE355EJPCMS0F5,"","Spacetooth #3"
018NY6XC00VTERE7KYG505MWS4,"","Space Turtle"
018NY6XC00VTN0D8CG96YH9G0C,"","Space Walker"
018NY6XC00VT9QXDR3G8X1QDEQ,"","Spanish Landrace"
018NY6XC00VTQP372HRMBX2E1M,"","Spanish Nights"
018NY6XC00VTZ2FVCZQ6VDE2YC,"","Spawntanica"
018NY6XC00VTPWA654BR8B7NXQ,"","Speakeasy"
018NY6XC00VT3GJW5CES0T2ZM4,"","Special Ak"
018NY6XC00VTJYYSEQJ2PTVWTN,"","Special K"
018NY6XC00VTK282VYHA18YW4F,"","Special Kush #1"
018NY6XC00VTQ28J79KRCA36ZJ,"","Special Queen"
018NY6XC00VTYNX93QDF5Y7FGK,"","Special Queen #1"
018NY6XC00VTNT6R0171WWZ8BE,"","Special Skunk"
018NY6XC00VT7H7B5E5Y6ECCY8,"","Spec-Ops"
018NY6XC00VTSP22QT8MPH4BZE,"","+Speed"
018NY6XC00VTWT90NNZPMXJBWX,"","Speedball"
018NY6XC00VTD6GM76NW10XVTC,"","Speed Devil"
018NY6XC00VTEM8RC104BTDAVH,"","Speed Devil #2"
018NY6XC00VT212KZQE4WK5SQY,"","Speed'Off"
018NY6XC00VTJH54GWG3XTF0GC,"","Speed'On"
018NY6XC00VTEAJPGB9WPTGDEA,"","Speed Queen"
018NY6XC00VT5QH0KSVV4DX27G,"","Speedy Chile"
018NY6XC00VT43YSE9M3DSRGKD,"","Speedy Gonzales"
018NY6XC00VTXR4KD92WM051EA,"","Spellbound"
018NY6XC00VT9FR3P66PY9AY5Q,"","Spice"
018NY6XC00VTNNENWVFB02F5BW,"","Spice Girl"
018NY6XC00VT6TXYY4T90DYPZR,"","Spicy Bitch"
018NY6XC00VT6NVW7VDA51H09Z,"","Spicy Cinderella 99"
018NY6XC00VTF1EP09BTSY15C5,"","Spicy Disco"
018NY6XC00VTJF4B6W8ZVBY07K,"","Spicy Jack"
018NY6XC00VTW9P6AJ3DD506N7,"","Spicy Thai"
018NY6XC00VTAB7E06M9ZPNGBF,"","Spicy White Devil"
018NY6XC00VTY0AE7BQK7DNGYD,"","Spiderbite"
018NY6XC00VT0RM5BRAKRPZ8WH,"","Spider Kush F1"
018NY6XC00VTE6A114XC0P16EJ,"","Spiderman OG"
018NY6XC00VTV8SA5GVGWERFZ3,"","Spilt Milk"
018NY6XC00VTXWCVMJREDW32G2,"","Spinning Buzz Kick"
018NY6XC00VTRV0FPHCHEY38Y0,"","Spirit Animal"
018NY6XC00VTCG507M6SWMH41S,"","Spirit in the Sky"
018NY6XC00VTY19AJHRZBCN0Y4,"","Spirit of 76"
018NY6XC00VT08XK0GTRBNWZQC,"","Spiritual Punk"
018NY6XC00VTWBWJ0HBR8SAH0D,"","Spliffin OG"
018NY6XC00VTYK5E5JZB2JYJBT,"","Spliff's Strawberry"
018NY6XC00VTWFMV1MCA9VFHZG,"","Split"
018NY6XC00VTENZT8X27E37TQE,"","Spoetnik #1"
018NY6XC00VTMK9V3AVJ117K70,"","Spongebob"
018NY6XC00VT4ZC1JG28QTP2M3,"","Spontanica"
018NY6XC00VTY20N461EWCXNPH,"","Spurkle"
018NY6XC00VT4MNHD9YFW2QW6C,"","Sputnik"
018NY6XC00VTBPYH8GKS8E4H92,"","Sputnik 1.0 (Pinky)"
018NY6XC00VTQWXQ50SJ5ANGTW,"","Sputnik 2.0"
018NY6XC00VT2SCFRQ72NVDFWD,"","Spyder Mon"
018NY6XC00VT09WTNK2VKVTYXF,"","Spyrock Blueberry"
018NY6XC00VTBYF8E8RKKFS764,"Indica","Squiblica"
018NY6XC00VT85GE15WMD52G4R,"","SR-71"
018NY6XC00VTXDS6DM5EPY96MC,"","SR71OG"
018NY6XC00VTY0M52FQWRFNH0V,"","Sra. Amparo"
018NY6XC00VTBX40S94J7HHSZ1,"","SSC OG"
018NY6XC00VTYXKJP7PWXB2T3B,"","SSK / Tahoe OG"
018NY6XC00VT8MF9RDE6FYYMRS,"","ST3"
018NY6XC00VTZJJ3PE2QF4931T,"","Stacked Kush"
018NY6XC00VT68W1YJXMPGS57M,"","Stacy's Mom"
018NY6XC00VTPTA6JTW96Q1YYF,"","Stairway To Heaven"
018NY6XC00VTYH5VBWRJ8XYXV1,"","Stantz Kush"
018NY6XC00VTJ7MSACHN4DRMVW,"","Star"
018NY6XC00VT4V6G8GNPG71GCX,"","Star 47"
018NY6XC00VT7QEA6FPWEP47HR,"","Star 58"
018NY6XC00VTKX8F7W6RK9GGF2,"","Star Berry"
018NY6XC00VTQKCS350XZBQV9Z,"","Star Berry Indica"
018NY6XC00VTX4N7J1R6N3S5PP,"","Starbright"
018NY6XC00VT7FVFSMCM3CRXVN,"","Starbud"
018NY6XC00VTCGZ97P14R1VJVS,"","StarBud"
018NY6XC00VT111DEFZ1RRQQJW,"","Starburst"
018NY6XC00VT75M966DDAH18NN,"","Starburst OG"
018NY6XC00VTDXE8TP1ABF69N7,"","Starcatcher"
018NY6XC00VTRQ7SJFHVFENXNC,"","Star Chief"
018NY6XC00VT7V178HC1MT6D5E,"","Star Child"
018NY6XC00VTJ3V93TJKQY751Y,"","Star Cookie"
018NY6XC00VT2SW5TVE52MR1PB,"","Stardawg"
018NY6XC00VTG1WX832RMK0DK3,"","StarDawg"
018NY6XC00VTGV9HTSW33D3WBN,"","Stardawg Guava"
018NY6XC00VT8Z4Y81YQZP0G3A,"","Stardawg IX"
018NY6XC00VTPDS0FRD0MC43XW,"","Star Dot"
018NY6XC00VTZ68S7HT780XJF8,"","Stardust"
018NY6XC00VTAFP7ETTPAF6RJS,"","Starduster"
018NY6XC00VT28QEC0E1XTVZTK,"","Starfighter"
018NY6XC00VTW9NWG4D17HKRFA,"","Starfighter F2"
018NY6XC00VT2PN1QXC6F8J5ZW,"","Star Fighter F2"
01E7C0RAZF29V417QP2EW5NW3S,"-unknown-","Starfighter F2 x Pre98 Bubba Kush"
01E7C0RA2X4HMM2AQ568RT73Y4,"-unknown-","Starfighter F2 x Skywalker OG"
018NY6XC00VT19Q40GWB0GZXEA,"","Starfighter IX2"
018NY6XC00VTKEJE74V3EJTC5H,"","Star Fire"
018NY6XC00VTVQ316KWE491AHC,"","Star Flight"
018NY6XC00VT5F0H4KG22VQ3P1,"","Star Fox"
018NY6XC00VTRQX4XRB17N6XPY,"","Starfruit"
018NY6XC00VTJ4549WE6SFQM7K,"","StarFruit"
018NY6XC00VTQKTRMXT6ASFMBF,"","Stargate"
018NY6XC00VT5PFX2S9KKVSF3Q,"","Stargazer"
018NY6XC00VTGVRNATD1DAXEG7,"","Star Gazer (Stargazer)"
018NY6XC00VT94QQP4M26M55Q6,"","Star Ghaze"
018NY6XC00VT5T4ATRET710KQH,"","Starkiller"
018NY6XC00VTG90G3YQZN5666D,"","Star Killer"
018NY6XC00VTEMTGGK1F6W5CCX,"","Star Killer #17"
018NY6XC00VTCQ5XDPNSR8X9RX,"","Starlet Kush"
018NY6XC00VTEW1HNDTEP6708K,"","Starlight"
018NY6XC00VT6RTZWY45XMEV7D,"","Star Master Kush"
018NY6XC00VTRFJSN5EGHJE04P,"","Star Nebula"
018NY6XC00VTMY81N3D2K39SDN,"","Starrcade"
018NY6XC00VTJZYFA4WH4BAD4P,"","StarRyder"
018NY6XC00VT1FQC6QJ6NHQWZ3,"","Starry Night"
018NY6XC00VT37BK1ASCMKP4B4,"","Starship"
018NY6XC00VTT0WYA46QNQA9WE,"","Star Tonic"
018NY6XC00VTQ9GBCC3CWJTVPR,"","Startrain"
018NY6XC00VTH1Y6EPMXX8YQVN,"","Star Trek"
018NY6XC00VTWVTV9P0DEC4PFB,"","Star Trek Super Kush"
018NY6XC00VTMC8MX3D9E78S0T,"","Starwalker"
018NY6XC00VT88TB5K4B9X93P7,"","Starwarz"
018NY6XC00VTEQDEASNWGR6DCD,"","Star Wreck"
018NY6XC00VTWB8Q44ADXJ423Q,"","Stashplant"
018NY6XC00VT5JRET4SQK6293C,"","Stay-Frostie_SBG"
018NY6XC00VTD2Z3T8PMPYAEX8,"","Stealth"
018NY6XC00VTANJE896JVQ6KBD,"","Steal Your Face"
018NY6XC00VTT0PASTPFYNXRBM,"","Stella Blue"
018NY6XC00VTD66P2VE3D7SGWY,"","Stella Blue GAL11053"
018NY6XC00VT1S76W2WNYC8GBR,"","Stella Blue GAL5867"
018NY6XC00VT0BDHA6VHCN9YZ2,"","SteLouse"
018NY6XC00VTCN588A833ZSJMT,"","Stephen Hawking Kush"
018NY6XC00VTQ0D10TXRWX32KK,"","Stephen Hawking OG"
018NY6XC00VT0HATSEDY7FPK2Q,"","Steve McGarretts Hair"
018NY6XC00VTSCPHS84T1C9F3H,"","Steven Hawkins Kush"
018NY6XC00VT4JYQK78R3VGFFS,"","Steve Urkle"
018NY6XC00VTPHVSA2XCYAY4DQ,"","Stevie Wonder"
018NY6XC00VT2Q3Z7Q16M9RFBK,"","Sticky Bitch"
018NY6XC00VTY4M0CS53DFTMGQ,"","Sticky Haze"
018NY6XC00VTGF3470YTSSAKZ0,"","Sticky Icky OG Kush"
018NY6XC00VTKZWY9AAXWQAMN6,"","Sticky Sista"
018NY6XC00VTJQ438FQWAWVWJR,"","Sticky Vicky"
018NY6XC00VTMZR6X6RXJWVQQA,"","Stimpy's Kush"
018NY6XC00VTCVB8DC5H8Q16Z7,"","Stinger-Missile_SBG"
018NY6XC00VT6BFG126S2RZMH1,"","Stink Bomb"
018NY6XC00VTARM6ZQ7TN8TBEC,"","Stinky Fudge Pinky"
018NY6XC00VTZ9V2V078P1HZ9R,"","Stinky Hash"
018NY6XC00VTP108T3FS4MYKP0,"","Stinky Pete"
018NY6XC00VTPABV14W0P5E7HV,"","Stinky Pinky"
018NY6XC00VTJE955297H8VG38,"","Stitch 0.1"
018NY6XC00VT7ZWGE2TB8RS8QC,"","St Lucian"
018NY6XC00VT7CD2HVKXJ9T44T,"","Stone Free"
018NY6XC00VTW5ZSC5SZSPF3JV,"","Stonehedge"
018NY6XC00VTA2KS68GJQ4SSTM,"","Stonehenge"
018NY6XC00VTRB19NW1EXTZKTC,"","Stone Mountain"
018NY6XC00VT9VFATZ6H0YY990,"","Stoney Baloney"
018NY6XC00VTJZPBJXD3QH3S3Y,"","Stoney Creek"
018NY6XC00VTJQWKG54MZRS05A,"","Stoney Creek OG"
018NY6XC00VTG1D0BTSXVCSKM6,"","Stoney High"
018NY6XC00VTJPK97WXPQ9QDGA,"","Stormberry"
018NY6XC00VT949QPZTFS52YSX,"","Storm Trooper"
018NY6XC00VT6TFJY7G76VYAK0,"","Stormtrooper OG"
018NY6XC00VT54PZT8BSGF2AW4,"","Straight A's Haze"
018NY6XC00VTHN9P4YWMGP7YKX,"","Straight Jacket"
018NY6XC00VTKTBTWN72HX3KMQ,"","strain-test-2"
018NY6XC00VTVZ2WBF9P7A85KS,"","Strange Brew"
018NY6XC00VTH60ZKFC49WN2K6,"","Strange Love"
018NY6XC00VTHDD9CTZ55TM8CA,"","Stratosphere"
018NY6XC00VT11X68TPQ2FPAGK,"","StrawBanana Cream"
018NY6XC00VTJW72W6EY9YK2P1,"","Strawberries and Cream"
018NY6XC00VT3C5J9G27TGJKMM,"","Strawberry"
018NY6XC00VTEPDVSDHJQQZSPE,"","Strawberry Alien Kush"
018NY6XC00VTBDR7Y34655AB98,"","Strawberry Amnesia"
018NY6XC00VTHYXTYZ8D33KENP,"","Strawberry Banana"
018NY6XC00VTNBCC1MNFEPREBZ,"","Strawberry Banana Sherbert"
018NY6XC00VTZJXDJKXRW6S9VX,"","Strawberry Banana Smoothie"
018NY6XC00VT6RGQ4PAET7Q77A,"","Strawberry Banana Tangie"
018NY6XC00VTAZSRDDV2D5AMQ0,"","Strawberry Blonde"
018NY6XC00VT1206JF97KJEMJC,"","Strawberry Blondie"
018NY6XC00VTKWQ4B6087V6BF4,"","Strawberry Blue"
018NY6XC00VTFFH6S1AW87PGZR,"","Strawberry Bubba"
018NY6XC00VT2GWV6HJC75WNZN,"","Strawberry Bubblegum"
018NY6XC00VTK76QECT9JEC5AV,"","Strawberry Cheesecake"
018NY6XC00VTYJE2S1C4EN81NQ,"","Strawberry Chemdawg"
018NY6XC00VTZ4HBJ1K3VZ0SJE,"","Strawberry Chunk F1"
018NY6XC00VT4JPFWQZZ3WCXY1,"","Strawberry Cindy"
018NY6XC00VTQ5A5ZCX0FKSDRM,"","Strawberry Cookies"
018NY6XC00VT531CZQ5Q9KTBKY,"","Strawberry Cookiez"
018NY6XC00VT10ARHN0JNWN44B,"","Strawberry Cough"
018NY6XC00VTHC2EGT819P0T2P,"","Strawberry Cough #2"
018NY6XC00VT3BKM141ZA35MQ8,"","Strawberry Cough (Dutch Passion)"
018NY6XC00VTS40QZK92PWEKCN,"","Strawberry Cough GAL6048"
018NY6XC00VTK380GTW4CPNAGY,"","Strawberry Cough GAL6057"
018NY6XC00VTFN91A1FZXSP07D,"","Strawberry Cough OG"
01E7BXQJ3Y7F1WVF5J97P84AEN,"-unknown-","Strawberry Cough x Mendo Breath"
018NY6XC00VTZRKACNJMFWQMJ6,"","Strawberry Creme"
018NY6XC00VTRN6NYAGKDAHQQN,"","Strawberry Creme (Riot Seeds)"
018NY6XC00VT9KB3VTFHZP1H3D,"","Strawberry Cruz"
018NY6XC00VTMGBX45ATTTSY54,"","Strawberry Daiquiri"
018NY6XC00VTMSETP37C12XSXD,"","Strawberry Dawg"
018NY6XC00VTZJA2RGFG0RQ6WR,"","Strawberry Diesel"
018NY6XC00VTJZJX09CMFTY147,"","Strawberry Diesel 1.1"
018NY6XC00VTRA5DGATCF3KQM8,"","Strawberry Diesel (Holy Smoke)"
018NY6XC00VTCQ73YB5YRQFK05,"","Strawberry D-Lite"
018NY6XC00VTVJS8QG2G9BNEV1,"","Strawberry Dog Shit"
018NY6XC00VTG6XB72A86K6HJC,"","Strawberry Dream"
018NY6XC00VT0K08HNDZVT8SXA,"","Strawberry Dream (Sticky Finger Seeds)"
018NY6XC00VTGEAH5BW1WXF0K6,"","Strawberry Durban"
018NY6XC00VTJKTGTBZS2QNWZ0,"","Strawberry Durban Diesel"
018NY6XC00VTRCT9Z56QYJ5DNM,"","Strawberry Fields"
018NY6XC00VTHZACX8Q3C2VGS9,"","Strawberry Fire"
018NY6XC00VTAZ70A0QMSNXJQR,"","Strawberry Fire Cough OG"
018NY6XC00VT7B6V5D89TRDEFY,"","Strawberry Forum Cookies"
018NY6XC00VT1M14CW8AEPQVM4,"","Strawberry Frost"
018NY6XC00VTTQFTRJHGV8W25F,"","Strawberry GAL5869"
018NY6XC00VTFX27DXQF8NF2T9,"","Strawberry GAL6159"
018NY6XC00VTTR3GEWV6NQ2XJB,"","Strawberry Glue"
018NY6XC00VTDNK1VD6E4SH7QY,"","Strawberry GSC"
018NY6XC00VTVEMB7Z56YHW6E2,"","Strawberry Hashplant"
018NY6XC00VT7EXSGHTBAHV35E,"","Strawberry Head Band"
018NY6XC00VTGETRFYDN6TZ0EX,"","Strawberry Ice"
018NY6XC00VT0SBGMGFYWHBAG2,"","Strawberry Jack"
018NY6XC00VTZJVS3Q1Z7X71GM,"","Strawberry Koochie"
018NY6XC00VTJ14HSRB1GYMP67,"","Strawberry Kosher"
018NY6XC00VTHD4B3AYNGQ8GK0,"","Strawberry Kush"
018NY6XC00VTPGFA6ADK3F79YY,"","Strawberry Kush/Urkle"
018NY6XC00VTAX0BWZ7QSTC96J,"","Strawberry Las Vegas Bubba Kush (S.L.V.B.K.)"
018NY6XC00VTY7A7EMYSQHDVGB,"","Strawberry Lemonade"
018NY6XC00VTGQKS2J1TZND6M4,"","Strawberry Letter #23"
018NY6XC00VTVMWZZAKW1AYHSX,"","Strawberry Mango Haze"
018NY6XC00VTSMYJZV86XE5N6N,"","Strawberry Milkshake"
018NY6XC00VTB1FY1SZV299HZZ,"","Strawberry Milkshake (GREENLIFE)"
018NY6XC00VTNKY9JDS4JWKED5,"","Strawberry Mind Warp"
018NY6XC00VTQVNBV9V6WQCCGJ,"","Strawberry Northern Lights"
018NY6XC00VT0J4MDY7SH2E6BD,"","Strawberry OG"
018NY6XC00VT04C1H410PC3BGK,"","Strawberry Pez"
018NY6XC00VTZZ280DC159R0WJ,"","Strawberry Pie"
018NY6XC00VTHCVE158JM4AD30,"","Strawberry Rhino"
018NY6XC00VT2RK90SHGXEJEY9,"","Strawberry Satori"
018NY6XC00VTR0EG3VTMA0CFW0,"","Strawberry Scout Cookies"
018NY6XC00VTT72SQQTNBVWFGN,"","Strawberry Shortcake"
018NY6XC00VT8T7350256Z2WEC,"","Strawberry Skunk"
018NY6XC00VT619DC3BD0M08GJ,"","Strawberry Smoothie"
018NY6XC00VTZGSXW0V4TXYG2N,"","Strawberry Snow Cone"
018NY6XC00VTR8SEM875058FQJ,"","Strawberry Soda"
018NY6XC00VT3EV0B0N67MN08P,"","Strawberry Sour Diesel"
018NY6XC00VTJ169AAWJ1GM9TD,"","Strawberry Spice"
018NY6XC00VT6YP9E8QR4VV5S7,"","Strawberry Spider Bite"
018NY6XC00VTRJYY2P4YRGCGTA,"","Strawberry Split"
018NY6XC00VTVA15E6DJ2D3G26,"","Strawberry Squeak F1"
018NY6XC00VT9C2E01XQCRX2M0,"","Strawberry Tahoe"
018NY6XC00VT6QYQNXEB0BCJB9,"","Strawberry Tangie"
018NY6XC00VT532C91MCDY2P1S,"","Strawberry Trainwreck"
018NY6XC00VT9MBR2C9X9JF0YN,"","Strawberry Tsunami"
018NY6XC00VT2MX2J5PKYG90XH,"","Strawberry Web"
018NY6XC00VTT4A86X16A622C7,"","Strawberry Wild"
018NY6XC00VTDRE50A2NAGXMS2,"","Struth"
018NY6XC00VTXGN8WD40C28HM2,"","Study Spewright"
018NY6XC00VT96EK3THX028TZ8,"","Stumptown Wonder"
018NY6XC00VTBGXD1XFQQHD3FQ,"","Stunner OG"
018NY6XC00VTKMFJZG4JNS00N8,"","Stupor Glue"
018NY6XC00VTWCSN36E2CWJBG7,"","Stuporsonic"
018NY6XC00VTTCWBS9M0SVF6MP,"","Stutterlicious OG"
018NY6XC00VTSQD9BMR3AKMP6J,"","Sublime"
018NY6XC00VT1JHJVJE14MS4CC,"","Sublime OG"
018NY6XC00VT671S8K6196C06Q,"","Sub-Sonic"
018NY6XC00VT8FRVJMXNCTSAVM,"","Sub Zero"
018NY6XC00VT51H8HE4XK0NTGQ,"Indica","Suchinose"
018NY6XC00VT69Q1H8KYW3EGZY,"","Sudden Impact"
018NY6XC00VTWE8XF1TJTK80J3,"","Sugar Babe"
018NY6XC00VTZ34AYG64QYZP6B,"","Sugar Baby"
018NY6XC00VTKJSWB0ZDKDKQCK,"","Sugar Baby (Kiwiseeds)"
018NY6XC00VTEFNWYS12EQE0CH,"","Sugar Berries"
018NY6XC00VTQ8D9HJ8KQZSZSJ,"","Sugar Berry"
018NY6XC00VTH79PDQT5DT6PAP,"","Sugar Black Rose"
018NY6XC00VTW9H8YRGSNJDBGR,"","Sugar Blossom F2"
018NY6XC00VTW7J09CDT6DW9SX,"","Sugar Blossoms"
018NY6XC00VTB17ZPFV5FXMJDV,"","Sugar Candy"
018NY6XC00VTEX1PSWY3DJFQTZ,"","Sugar Cookie"
018NY6XC00VT323EKDTWKJYBKM,"","Sugar Cookies"
018NY6XC00VTXPZGS4FCXJ2BWY,"","Sugar Cream"
018NY6XC00VTXGNF4H1BW581K8,"","Sugar Daddy"
018NY6XC00VTEFFAA7HWQ4CC1P,"","Sugaree"
018NY6XC00VT5K6YKYTS1PNJSK,"","Sugar Gom"
018NY6XC00VT2J9BTW0ECWS4DG,"","Sugar Haze"
018NY6XC00VT5308RYF6R3WQA5,"","Sugar in My Bowl"
018NY6XC00VT99QQPTMX7J4X9F,"","Sugar Kiss"
018NY6XC00VTF5VQB92SK6NG8E,"","Sugar Klingon"
018NY6XC00VT10M2XN320B74PP,"","Sugar Klingon II"
018NY6XC00VT991PRSY2ANJZYT,"","Sugar Kush"
018NY6XC00VTBBBHBRJB2P5RR0,"","Sugar Loaf"
018NY6XC00VT3Q6235PXZT12RR,"","Sugar Magnolia"
018NY6XC00VT9D2WDE9MJ0001H,"","Sugar Mama"
018NY6XC00VTX50V6A8YVMT8BS,"","Sugar Momma"
018NY6XC00VT4B20SWRH92KGBV,"","Sugar Mountain"
018NY6XC00VTPX2CE3RX9TZ8A9,"","Sugar Pine"
018NY6XC00VT9107J0TZ48GTWE,"","Sugar Plum"
01E7BX5D107BKBQ42G4W4N8ET7,"","Sugarpop"
018NY6XC00VTJMJV4E1V95NT5V,"","Sugar Punch"
018NY6XC00VT4THF29PW73VB53,"","Sugar Shack"
018NY6XC00VT26THR9TVFVQA58,"","Sugar Skull"
018NY6XC00VT5A71VBFXRW8AX1,"","Sugar Skunk"
018NY6XC00VT9TYETH08KA7MB2,"","Sugartooth"
018NY6XC00VT3Z1R029M21W8QF,"","Sugartown Express"
018NY6XC00VTG9SA2YYEQMSM8Z,"","Sugarwarp"
018NY6XC00VTCZTC4W3MAQCRHX,"","Sugenite OG"
018NY6XC00VTA9YAFVKQEWGR20,"","Suge Pure Kush"
018NY6XC00VT686A920WM0A5H5,"","Suger Town Express"
018NY6XC00VTK93C2KWFB874VC,"","Suicide Cheese (cut)"
018NY6XC00VTPZFQFR3K92C1PH,"","Suicide Girl"
018NY6XC00VTJMS1BZKHCS0PZN,"","Sumatra"
018NY6XC00VTRMF5M8XSE5YEP8,"","Sumatra Tuk Tuk"
018NY6XC00VTFE07DCVYT7HRJD,"","Summer Breeze"
018NY6XC00VT9BGNEDB03AYW7F,"","Summer Queen"
018NY6XC00VT1E2NBNBQVK6NQS,"","Summertime Squeeze"
018NY6XC00VTAEQW6QGRTHJWDV,"","Summit Dog OG"
018NY6XC00VT25PXZHVMJ7ZDCR,"","Summit Star"
018NY6XC00VTQCR6NRBNP5GW95,"","Summit Sweet Skunk"
018NY6XC00VTTMGW88BMGCSMJH,"","Sumo Grande"
018NY6XC00VTX2SXBE1N63SRZK,"","Sumo's OG Kush"
018NY6XC00VT47G0QK7N46PABR,"","Sunburn"
018NY6XC00VTPAH9DKCWY1S1G2,"","SunDaze"
018NY6XC00VT68J32M5SXZNDS1,"","Sundowner"
018NY6XC00VT0Q0C7X15T8PK3A,"Sativa","Sunglow"
018NY6XC00VT5XRH5R3J5KZ08N,"","Sunkiss CBD"
018NY6XC00VTWV4GKZD5ADDE55,"","Sunkist"
018NY6XC00VT9HF9SSYMY517SP,"Sativa","Sunlight"
018NY6XC00VTK3Y2TN815S0QD3,"","Sunlight Skunk"
018NY6XC00VTM910ASA6X16Y5Y,"","Sun Maiden"
018NY6XC00VTVSJFB9JTMG3DNX,"","Sun Monkey"
018NY6XC00VTAY3GH0PX1SSASD,"","Sun Ra"
01E7BZQAFHH2N0AEPGY7PZTZMF,"-unknown-","Sun-Ra"
018NY6XC00VT8KHQESSP9424F2,"CBD","Sunrise"
018NY6XC00VT6YQ5JYH7VMDEB8,"","Sunrise Dew"
018NY6XC00VT7EDH1SCS9Q1S35,"","Sunset Haze"
018NY6XC00VT55CGFE50K08R1C,"","Sunset OG"
018NY6XC00VTG5YSYM2YA5ZCYP,"","Sunset Sherbert"
018NY6XC00VT16MFFBX88Q7M1J,"","Sunset Sherbet"
018NY6XC00VTMDSNRTCTK7YTJR,"","Sunshine"
018NY6XC00VTFN4JJJZRWDJGF5,"","Sunshine #2"
018NY6XC00VTT1V300JTCKCCCA,"","sunshine #4"
018NY6XC00VT9S5YDH4ZKKTXRF,"","Sunshine Daydream"
018NY6XC00VTCWJ9P463MFCACX,"","Sunshine Haze"
018NY6XC00VT770271QHDHR05H,"","SunSour"
018NY6XC00VTZYGAN2F0H8HVWY,"Sativa","Sunva"
018NY6XC00VT94VWWSEJ4FN6K1,"","Supa Don"
018NY6XC00VT48SRRPYQWRTRPT,"","Super Afghan"
018NY6XC00VTVMYPY1DA28ZFC4,"","Super Afghani"
018NY6XC00VTW0A15ADH8YBY5W,"","Super Blue"
018NY6XC00VTC19QHYWE0KN4JP,"","Super Blue Dream"
018NY6XC00VTH8F4AYDNAJJ5FC,"","Super Buckeye"
018NY6XC00VTKQX7ZZEX592SBH,"","Super Bud"
018NY6XC00VTRR66236SSJN3ES,"","Supercalifragilistic"
018NY6XC00VTF2G4G1PCK2JZZT,"","Super Cali Haze"
018NY6XC00VTQTWPBF0HJWMR8V,"","Super Cannalope"
018NY6XC00VTJAC0ZQ0FSYCNKN,"","Super Cat Piss"
018NY6XC00VTBDGWHVDAAB5Y37,"","Super Cheese"
018NY6XC00VTCGPD4T7FWY7G9G,"","Super Cheese Haze"
018NY6XC00VT8C7T7ZHPWMNWEM,"","Super Christ"
018NY6XC00VTSJR35MK40W96FS,"","Super Chronic"
018NY6XC00VT1JEE5E6RHTT1G8,"","Super Cookie Crisp"
018NY6XC00VT6M51ESMQEFV4V9,"","Super Cookies"
018NY6XC00VT2N58R1TM7JKHF4,"","Super Critical"
018NY6XC00VTBRFX4VE7SF24HY,"","Super Crystal"
018NY6XC00VT7H1RKQRD1XAP6A,"","Super Crystal (Super Chrystal)"
018NY6XC00VTBWTCWVT17MXW5J,"","Super Dawg (Giesel)"
018NY6XC00VT28K2Y54ZZHFT1K,"","Superdog"
018NY6XC00VTV9WAT6CP27EYGK,"","Super Dream"
018NY6XC00VTSWVGWKZAJNRNWC,"","Super Dutch Treat"
018NY6XC00VTRAHJEPT2BN6J5W,"","Super Fruit"
018NY6XC00VTEP096EDVPGTYX4,"","Super Fuel"
018NY6XC00VT2VQTC2XKB67ZAF,"","Super G"
018NY6XC00VTX5Q2PQXYAVCG04,"","Supergirl"
018NY6XC00VT22RXCGHR2VSR22,"","Super Girl"
018NY6XC00VT41GDRFME4F00WB,"","Super Girl Scout Cookies"
018NY6XC00VTX226RZVWZ344FJ,"","Superglue"
018NY6XC00VTYXD6P2GRYTH75X,"","Super Glue"
018NY6XC00VTMNR9AFH9Q0W2N6,"","SuperGlue"
018NY6XC00VTEPNAGN6J3NE6SN,"","Superglue OG"
018NY6XC00VT2GX70R2XS6MV0T,"","Super Goji Haze"
018NY6XC00VTBGN9B5EQY76VW8,"","Super Goo"
018NY6XC00VTHSXTFTB69D2PN2,"","Super Grape Ape"
018NY6XC00VTPMK03652XPZK25,"","Super Green Crack"
018NY6XC00VT1BFHK6NAFQQYGK,"","Super Haze"
018NY6XC00VTN6RF6SJX1T56DY,"","Super Haze (CH9)"
018NY6XC00VTY4VYQW321JMZ0S,"","Super Haze (Katsu)"
018NY6XC00VTK43971HY9CRTAK,"","Super Hog"
018NY6XC00VT0CV4REASY2SZYK,"","Super Impact"
018NY6XC00VTYKN5NYVJV0EEH9,"","Super Indoor Indica"
018NY6XC00VTN435SMYSJZ6B3T,"","Super Indoor Sativa"
018NY6XC00VTAG6R7G8NTCHA5P,"","Super Jack"
018NY6XC00VTQBERXDPGX7VBAK,"","SuperJack"
01E7BX5BFM9YX6EJM08VBJGX8X,"","SuperJuani"
018NY6XC00VT1VJDS14R6ZFXNR,"","Super Kimo"
018NY6XC00VT43D7NTZKPK0BQW,"","Super Kush"
018NY6XC00VTCPAR15MA769N42,"","Super Lemon Alien"
018NY6XC00VTGBWY9Z2VJ07HXF,"","Super Lemon Bubba"
018NY6XC00VTXPMQ5P4AM3NMEK,"","Super Lemon Chunk F1"
018NY6XC00VT9Q6GYDMDXAATT6,"","Super Lemon Cookies"
018NY6XC00VTACN9Y91AM93C00,"","Super Lemon Diesel"
018NY6XC00VTFCZJBW9R7HDAEC,"","Super Lemon Dream"
018NY6XC00VT9210PZ2EX66AXV,"","Super Lemon Haze"
018NY6XC00VT3V84XH0WJYKZ02,"","Super Lemon Haze GAL15757"
018NY6XC00VTKKHFDRRCR4888R,"","Super Lemon Haze GAL313"
018NY6XC00VTPZ76DS16C0HG2W,"","Super Lemon Haze GAL5902"
018NY6XC00VT68Y6MB2ZWTEYCX,"","Super Lemon Haze GAL6263"
018NY6XC00VT4AWYEABKECGV9X,"","Super Lemon Jack"
018NY6XC00VT0CPWXFQYVHE661,"","super lemon Kush"
018NY6XC00VT9MQDY3R747V5Y8,"","Super Lemon OG"
018NY6XC00VTR2GMKHA8HPMAKR,"","Super Lemon Skunk"
018NY6XC00VTQZX0PSR8VZNN6M,"","Superman Diesel"
018NY6XC00VTD48PQQDXDBSC7M,"","Superman OG"
018NY6XC00VTPFC6E3Q5ECYYWT,"","Super Maui Dawg"
018NY6XC00VTJ2JM1ZM403H2TJ,"","Super Max"
018NY6XC00VT84P5E9712W8CK7,"","Super Maximus"
018NY6XC00VT6SZT84Y8EDCYFE,"","Supermax OG"
018NY6XC00VTKJAHVPAMM7XTT4,"","Super Max OG"
018NY6XC00VTXCV870Y2WZ1NBV,"","Super MelonHead Kush"
018NY6XC00VTN8KP306EY117K3,"","Supernatural"
018NY6XC00VTZ3F3DNV5VXND0H,"","Supernova"
018NY6XC00VTFNECVBFZ7DAS3B,"","Super Nova"
018NY6XC00VTA789403DKPTZ2R,"","Super Nova (SnowHigh Seeds)"
018NY6XC00VT63PNN5DXDQAGA8,"","Super OG"
018NY6XC00VTC86XBYX8P2JS3D,"","Super OG Master Kush"
018NY6XC00VTWFA785DS4EZCZN,"","Super Pineapple Haze"
018NY6XC00VTHX8TRBZQ3HSTAP,"","Super Purple Kush"
018NY6XC00VTVDV73ME1V97RY9,"","Super Sativa Plus"
018NY6XC00VTCR6T45QFE7G4NW,"","Super Shark"
018NY6XC00VT53Z7TT7EDV4HBJ,"","Super Shiva"
018NY6XC00VTBVRRWM4T95RE79,"","Super Silver"
018NY6XC00VT812PJGMN8K1KNN,"","Super Silver Cheese"
018NY6XC00VTF82VCN2MCTG58W,"","Super Silver Chemdog Haze"
018NY6XC00VTKP47FVEB5AB289,"","Super Silver Daze F1"
018NY6XC00VT6X25KY451MAGYC,"","Super Silver Dream"
018NY6XC00VT0BFMGES5HGK6X4,"","Super Silver Gaze"
018NY6XC00VTVFDT0QHKAEKTBF,"","Super Silver Grape"
018NY6XC00VTQN94AG8RAEXC80,"","Super Silver Haze"
018NY6XC00VTZHHZRHH303TT5W,"","Super Silver Haze #2"
018NY6XC00VT13A8NFCRFERYTT,"","Super Silver Haze F2"
018NY6XC00VT8QAGEFNMEQKZWK,"","Super Silver Haze GAL5884"
018NY6XC00VTZRYXY5B8VNDT2N,"","Super Silver Haze GAL6272"
018NY6XC00VTRY0JPZ0PEXSJZS,"","Super Silver Haze (SSH)"
018NY6XC00VT2YAR7REMZ8BM8Q,"","Super Silver Lights"
018NY6XC00VTD6B9TBX3BE47E3,"","Super Silver OG"
018NY6XC00VTET94F2SZ9E6HRJ,"","Super Silver Pot of Gold"
018NY6XC00VTMD9NA3W1FHXM36,"","Super Silver Sage"
018NY6XC00VT4BQDP6R7T69QVX,"","Super Silver Sour Diesel Haze"
018NY6XC00VT4N8CMMV9SAR0DK,"","Super Silver Sour Diesel Haze (Connoisseur)"
018NY6XC00VT61XP9X47NFY95F,"","Super Silver Spice"
018NY6XC00VTVZMNGV6KBTT4WD,"","Super Silver Squeak F1"
018NY6XC00VT1Z6HDEMWMWMHBT,"","Super Silver White Widow"
018NY6XC00VTAXBWZGZNBC85Q3,"","Super Silver Wreck"
018NY6XC00VT527TP1GG16TFDQ,"","Super Silver Yo Mama"
018NY6XC00VT4PZZKBE3K3Y73Q,"","Superskunk"
018NY6XC00VTA2C6NM99RB6EKV,"","Super Skunk"
018NY6XC00VT1RF39FXZM18WHB,"","Super Skunk Auto"
018NY6XC00VTW6W2MPW3QPVFZ8,"","Super Skunk (Sensi Seeds)"
018NY6XC00VT2MAZC4FWFXKPMC,"","Super Skunk (White Label)"
018NY6XC00VT62NHKNR1Q14CAW,"","Super Sliver Malawi F1"
018NY6XC00VTTTWHVYE277ASKV,"","Super Slutty Hayes"
018NY6XC00VT5BV9B7N3YH10ZV,"","Super Snowdawg"
018NY6XC00VTZ0SKE77XS4TH59,"","Super Snow Dog"
018NY6XC00VTDGRB6DXRT1WY1W,"","Super Snow Lotus"
018NY6XC00VTY28TSZ0667PJE2,"","Supersonic Cristal Storm"
018NY6XC00VT7JYMW7MR5D2MEA,"","Super Sour D3"
018NY6XC00VTT4BAN26XWYCHB4,"","Super Sour Diesel"
018NY6XC00VTQRJZMMTYXJYHMS,"","Super Sour Kush"
018NY6XC00VTP33WJ3H4ZNDKJF,"","Super Sour Lemon Haze"
018NY6XC00VTBY14TDFP3QRN88,"","Super Sour OG"
018NY6XC00VT6D8ACJKS2Z9EN1,"","Super Sour Skunk"
018NY6XC00VT87Z0HV0MKXRCPW,"","Super Sour Widow"
018NY6XC00VTY0ZNC8Q4Z4CMQC,"","Superstar"
018NY6XC00VTADJKKQY7AY2XP6,"","Super Star"
018NY6XC00VTGBH01GXXWZJX8X,"","Superstitious"
018NY6XC00VTJYCYPENTNPJDSQ,"","Super Strawberry Diesel"
018NY6XC00VTHCNWGCSWZ4QN9P,"","Super Sweet"
018NY6XC00VTKAVDF2Z66B34DZ,"","Super Sweet Cindy 05"
018NY6XC00VTWG01QMVWWV10CW,"","Super Sweet Kush"
018NY6XC00VTJJ2FG5M6EC1AYY,"","Super Thai"
018NY6XC00VT9PMCYG8Z4F7213,"","Super Widow"
018NY6XC00VT90Y7M9YV4SGAKE,"","Super Widow's Dream"
018NY6XC00VT0P96ZHWNWDFG66,"","Super Wreck"
018NY6XC00VTH4JKPNXB64EV5N,"","Supreme Dream"
018NY6XC00VT7VGS0A8YDPP5KK,"","Supreme Skunk"
018NY6XC00VTCJT3TQ6BB6AF33,"","Surf Cookies"
018NY6XC00VT2J9M7PVYB06ANJ,"","Surf Ninja"
018NY6XC00VTYWTBKKHF94P926,"","Sutter Kush"
018NY6XC00VTQNHT55QRPA2FVM,"","Suzy Q"
018NY6XC00VT2BE55AJ5K051PM,"","Swahili"
018NY6XC00VTMXKBSAVQNW2596,"","Swamp Punch"
018NY6XC00VT15PGH1NST62K7G,"","Swamp Thing"
018NY6XC00VTJDSHJFN3D5YMN2,"","Swaré"
018NY6XC00VTYDRMYNP4VPNCYH,"","Swazi Gold"
018NY6XC00VT3DA0BX2KASCXMY,"","Swaziland"
018NY6XC00VTRXSF09AKYD2GP5,"","Swaziland African Landrace"
018NY6XC00VTW2VA38RPDJ0AHC,"","Swaziland great"
018NY6XC00VTMP8EG42WZ9RQTQ,"","Swazi PTG"
018NY6XC00VTEHVJ0QPGASCMVN,"","Swazi Redbeard"
018NY6XC00VTTDZQY4YZVD6E6Z,"","Swazi Rooi Bart"
018NY6XC00VTCZSHGZSHMW4F6F,"","Swazi Safari"
018NY6XC00VTXE7HPKQMSM8PSM,"","Swazi Skunk"
018NY6XC00VT3CGZXNCDST8HZJ,"","Sweatband"
018NY6XC00VT0GP1B6EKHNT3NH,"","Sweaty Yeti"
018NY6XC00VT627QAMWAJSDEDC,"","Swedish Nectar"
018NY6XC00VTR4STZFDJWTXKCM,"","Sweet"
018NY6XC00VTNCKWY38MD4P1A1,"","Sweet 105"
018NY6XC00VTCS8G8J4BTJ5RDQ,"","Sweet 13"
018NY6XC00VTMAB0HHPD7NR5MC,"","Sweet Afgani Delicious S1 (SAD)"
018NY6XC00VT0TYZBTWRAESJ3K,"","Sweet and Sour"
018NY6XC00VTV8Z8DVSMPT8BR1,"","Sweet and Sour Diesel"
018NY6XC00VT055YQS4DEG7699,"","Sweet and Sour Widow"
018NY6XC00VTKVEN74A40AE4E7,"","Sweet Apollo"
018NY6XC00VTPGXAA5CFHZ4C8G,"","Sweetarts"
018NY6XC00VTRKDNR1E188YZ8M,"","Sweet Baby Jane"
018NY6XC00VTGECP7CQPQWXHWQ,"","Sweet Berry"
018NY6XC00VTHEYPBFWAV9R2YD,"","Sweet Black Angel"
018NY6XC00VT0EWT596DKZ10HP,"","Sweet Bliss"
018NY6XC00VT1C4EQRPAHA4ZDG,"","Sweet Blue"
018NY6XC00VTTDB1N7EJSVZEZC,"","Sweet Cheese"
018NY6XC00VTMWET8G3JTDJNSS,"","Sweet Cheesus"
018NY6XC00VTRTS3EG41TTNW9P,"","Sweet Cindy99"
018NY6XC00VTD398S6NGVXFYWF,"","Sweet Clements"
018NY6XC00VTYHZYM9A5MB8Y1E,"","Sweet Collision"
018NY6XC00VT1EYBWCBSABTEED,"","SweetCooks"
018NY6XC00VTFJW3X7PRRK6ZXY,"","Sweet Cough"
018NY6XC00VTC09XG5Q9FJ9SA4,"","Sweetdawg"
018NY6XC00VTWC7N9X32EF6Y35,"","Sweet Deep Grapefruit"
018NY6XC00VTE9QSY8BTHEF2CP,"","Sweet Diesel"
018NY6XC00VTGCV09WK6GVBKPB,"","Sweet Double Affie"
018NY6XC00VTDPBEN2CQ1AVGC0,"","Sweet Dream"
018NY6XC00VT025CZKCXX4HG56,"","Sweet Dreams"
018NY6XC00VTVXQTGYXCRSEMEX,"","Sweet Dutch"
018NY6XC00VTS46SEC9091SBW6,"","Sweet Dutchess"
018NY6XC00VTDE7BM4T36Y9K5K,"","Sweetest Sativa"
018NY6XC00VT9DS1MZYBK6C1WW,"","Sweet God"
018NY6XC00VTNXKPZW809MAQ4Y,"","Sweet Grapes"
018NY6XC00VTEXA49T75QYQMT2,"","Sweet Green"
018NY6XC00VTYQ8S45QERM6MSG,"","Sweet Harlem Diesel"
018NY6XC00VT8SSFJPXF420DSQ,"","Sweet Haze"
018NY6XC00VT4S8V0WQNFP66BN,"","Sweetie Pie"
018NY6XC00VTJN6AMT9BBQ7Q24,"","Sweet Irish Kush"
018NY6XC00VTD011KEJAMDMT45,"","Sweet Island Cookies"
018NY6XC00VTBEGQGZ2F6AMCGQ,"","Sweet Island Skunk"
018NY6XC00VTVC0HBJK2P7GJBG,"","Sweet Island Skunk GAL6119"
018NY6XC00VTJ94QQM1M7W88E2,"","Sweet Island Skunk GAL6264"
018NY6XC00VTP43XZM824XW3XY,"","Sweet Jane"
018NY6XC00VT013Y634QC7QTZ9,"","Sweet Kush"
018NY6XC00VTSDMAV0BN9EV6BQ,"","Sweet Lafayette"
018NY6XC00VTWP4Q8JTXREVYMV,"","Sweet Lavender Diesel"
018NY6XC00VTM2RE8WRVRQTTKM,"","Sweet Leaf"
018NY6XC00VTKPY1F347JMPEVR,"","Sweet Lemon Juice"
018NY6XC00VTRWAV3WYQAW5CX4,"","Sweet Lights"
018NY6XC00VT22TSQJNJE8VQ7H,"","Sweet Lion Sitte"
01E7BX5C8AN7HKSSX9RXS64HVR,"","SweetLove"
018NY6XC00VT98XR9EM8BJZBGF,"","Sweet Mango"
018NY6XC00VTZ1ADWNZ7CS7H6M,"","Sweet Nightmare"
018NY6XC00VTG2WNPSDFWMQ8V0,"","Sweet Nina"
018NY6XC00VTP3NKNSG4WRBB8R,"","Sweet n' Sour"
018NY6XC00VT2BEKARPBS0K8AE,"","Sweet OG"
018NY6XC00VTK6T46N7M2PEYME,"","Sweet Pebbles"
018NY6XC00VTNCAHEB2FZYHXHC,"","Sweet Pink Cheese"
018NY6XC00VTMQP0AYZNXYKPBA,"","Sweet Pink Grapefruit"
018NY6XC00VTQ3M2KG7YS7WH78,"","Sweet Pink Stink"
018NY6XC00VTREN06DEE57RETQ,"","Sweet Purple"
018NY6XC00VT2A4SY5M5DK0PTX,"","Sweet Push"
018NY6XC00VTNEZNZBH5MYF935,"","Sweet Royal"
018NY6XC00VT6J3YJ28DMSNG9X,"","Sweet Sativa Special"
018NY6XC00VTBKJPB84TSAWB1M,"","Sweet Seranade"
018NY6XC00VTVXVDJ92905DXBQ,"","Sweet Sherbert"
018NY6XC00VT0WDD5RZSN3VYP6,"","Sweet Skunk"
018NY6XC00VTFTJATWBBYY9F1S,"","Sweet Skunk Auto"
018NY6XC00VT1PPZGCJAVBWHPE,"","Sweet Skunk F1 Fast Version"
018NY6XC00VT4A16YPGA4Z35GF,"","Sweet Skunk Selfed"
018NY6XC00VTWNF8DQAB1MNTC3,"","Sweet & Sour Cindy"
018NY6XC00VT1ERYSQZ989SK6E,"","Sweet & Sour Heaven"
018NY6XC00VTYFV1VTZ5T40D6Z,"","Sweet Special Auto"
018NY6XC00VTCN7G9EG0QJ6ZG0,"","Sweetstar"
018NY6XC00VTDWTFBCG7GA3M75,"","Sweet Tangerine"
018NY6XC00VTXKSR1MKP70K435,"","Sweet Tart"
018NY6XC00VTK8C90MHFF52XV9,"","Sweet Thai"
018NY6XC00VTZWQXWNQXVNMXYT,"","Sweet Timer"
018NY6XC00VTJ4D4PW2TKBTNA8,"","Sweet Tooth"
018NY6XC00VTYSZR1F2ARR0TMZ,"","Sweet Tooth #1"
018NY6XC00VTWEZE9HKG2VEFZ9,"","Sweet Tooth #1.1"
018NY6XC00VTV9S6A086AHFTDN,"","Sweet Tooth #3"
018NY6XC00VTG0D0T1T0CA0FV5,"","Sweet Tooth #4"
018NY6XC00VTN6NE224016QR0W,"","Sweet Tooth (Barney's Farm)"
018NY6XC00VTJVMK6VBJJABXSP,"","Sweet Trainwreck"
018NY6XC00VT0MQN2FHA0BGQDN,"","Sweet Treat"
018NY6XC00VTHM34F6TW8YD3TD,"","Sweetwater OG"
018NY6XC00VTSK9C8R91FC0PW6,"","Sweet White Malawi"
018NY6XC00VT7P7PTWP42VC8QW,"","Sweet Wolf"
018NY6XC00VTRXCDZEBSBFG1AR,"","Swift Creek Cinex"
018NY6XC00VTNQX66XZ3CENN9T,"","Swing Kid"
018NY6XC00VTAGR0V4G6Q63YTC,"","Swiss Bliss"
018NY6XC00VT73SPX2S09K2328,"","Swiss Cheese"
018NY6XC00VTGBWTW1NR2CX6XW,"","Swiss Diesel"
018NY6XC00VTC9ATMSEKPMYJ3S,"","Swiss Erdbeer"
018NY6XC00VTZGP2YJZ9A2C5X3,"","Swiss Gold"
018NY6XC00VT7WFYP2ASNDFF1Z,"","Swiss Indica"
018NY6XC00VT9ARKC0DN6RFKG1,"","Swiss Kiss"
018NY6XC00VT1AAPSJA1VHQPSR,"","Swiss Miss"
018NY6XC00VTDYNX63JVNQHPJX,"","Swiss / Pine-Tsu"
018NY6XC00VTSHH1J56HYGRHRF,"","Swiss Sativa"
018NY6XC00VT5ZQ1D2AZZHG7FX,"","Swiss Toowin"
018NY6XC00VTBWQXMMP0MQ34T2,"","Swiss-Tsu"
018NY6XC00VT73T8DMNZB24513,"","Swiss Tsunami"
018NY6XC00VT04FM2F19T38AHP,"","Swiss-xT"
018NY6XC00VTDXV02V9HY3174Z,"","SX"
018NY6XC00VTBRB93CCN85Y6D9,"Indica","Sylacan"
018NY6XC00VTWEV7M6603NC11W,"","Synergy"
018NY6XC00VT9RAM2XQ4GV8EQA,"","Syrup"
018NY6XC00VTR5KK4B9EBG1MAN,"","Syrup OG"
018NY6XC00VTZTXEDT1J8F9JBQ,"","T-1 (This Is The Shit)"
018NY6XC00VT9B18HFCXYQB696,"","T-4"
018NY6XC00VTRH59CC3MD3RQS4,"","T4 (T-4)"
018NY6XC00VTCKJTG1JFM6ZJWK,"","Tabernacle"
018NY6XC00VTB60441MR1D4B18,"","Taco"
018NY6XC00VT8S42AAZYNA9S0X,"","taffie"
018NY6XC00VTJMZNJ0KBFYT67X,"","Taffie"
018NY6XC00VTZXAPHJCGQ1X34P,"","Tahoe Alien"
018NY6XC00VTVRC4WW5G64Q2XV,"","Tahoe Alien Bubblegum"
018NY6XC00VTQBXNFW7MWH94AA,"","Tahoe Alien F2"
018NY6XC00VT0XBC1ZVTP8QYWN,"","Tahoe Blue Classic"
018NY6XC00VTZFRQN9PQA48VSX,"","Tahoe Blue Dream"
018NY6XC00VTJW29SQ89EA20M0,"","Tahoe Blue Kush"
018NY6XC00VTSJJWGQ13TQQP5R,"","Tahoe Chem"
018NY6XC00VTQDZVVWKWQBEXBZ,"","Tahoe Cookies"
018NY6XC00VT2G77AB6JME5TSS,"","Tahoe Cure"
018NY6XC00VT75J81VAKV9BWC4,"","Tahoe Dream"
018NY6XC00VTTPKJ3NRA61Z3KM,"","Tahoe Fighter"
018NY6XC00VT88BP94HKXVCDD4,"","Tahoe Fire OG"
018NY6XC00VTSSSYQW01Q7Y6HB,"","Tahoe Frostbite"
018NY6XC00VTA9SNEBVZXNKN70,"","Tahoe Gold"
018NY6XC00VTZ8Y7YTFDT702XR,"","Tahoe Hydro Champagne"
018NY6XC00VT1Q95Q46J6AWHYP,"","Tahoe Hydro OG"
018NY6XC00VTRF2SNPSVYD2DKX,"","Tahoe Larry OG"
018NY6XC00VTH39V4VKV0V2R4Y,"","Tahoe OG"
018NY6XC00VT786VJ2BDR4ZDE8,"","Tahoe OG Kush"
018NY6XC00VTEQY99PM18HA8HJ,"","Tahoe Purps"
018NY6XC00VTSHPCAZN7P5N72W,"","Tahoe Thunder"
018NY6XC00VTQ2SP39M5VC3N38,"","Tahoe White"
018NY6XC00VTG8CHFRF1BFH6F6,"","Tahoe White Budlets"
018NY6XC00VTXG9Y9258671RJ9,"","Taiga"
018NY6XC00VT001P8P5D8YJX4M,"","Taint"
018NY6XC00VT6REVYXXY07086D,"","Tajikistani Landrace"
018NY6XC00VT76M9C1CZM2G4ZY,"","Tal"
018NY6XC00VTRTEX1FGP0EW7XE,"","Taliban Poison"
018NY6XC00VT6RPS9VG5TTR1SC,"","Talisman"
018NY6XC00VT7N617SKA21G9ZS,"","Talk of Kabul"
018NY6XC00VTKVZXQBDWFSBN0W,"","Tang"
018NY6XC00VTYR1VQ8S31D3D9R,"","tangelo"
018NY6XC00VTV0P3F3CAKYTV30,"","Tangelo Kush"
018NY6XC00VTF0THP7R28ADKVR,"","Tangelo Rapido"
018NY6XC00VT413RGAVGHBJEDF,"","Tangenesia"
018NY6XC00VT90X9YDHYRD9FWQ,"","Tangerine"
018NY6XC00VTZMXY2E59Z3DTTQ,"","Tangerine Amnesia OG"
018NY6XC00VT13WV0Y9JF1WSRX,"","Tangerine Birthday Cookies"
018NY6XC00VTZ5AJAXRF8DGW76,"","Tangerine Cookies"
018NY6XC00VTEKYJ3MTM1R8HAP,"","Tangerine Dream"
018NY6XC00VTW30QD870BHEJ0A,"","Tangerine Haze"
018NY6XC00VTC80QK7EBTTNWH2,"","Tangerine Headband"
018NY6XC00VTEMNK4VN24ZK3ZA,"","Tangerine II"
018NY6XC00VTV4Y5XJZWDNEVA6,"","Tangerine Kush"
018NY6XC00VT4BS33M4G2J37RA,"","Tangerine Man"
018NY6XC00VT2ZV614EWPC577K,"","Tangerine Mints"
018NY6XC00VTKYK7R8298PHCEX,"","Tangerine OG"
018NY6XC00VTYCY1NXCX3CHTXT,"","Tangerine Power"
018NY6XC00VT337ZNZB65YY00C,"","TANGERINE POWER KUSH"
018NY6XC00VTYESSWYQDN8GD8R,"","Tangerine Punch"
018NY6XC00VT8D353D40F7R4NW,"","Tangerine Sour D"
018NY6XC00VTNR5ZM6R7VK3A14,"","Tangerine Sunrise"
018NY6XC00VTGDXX5TS0TGZNV1,"","Tangerine Tahoe"
018NY6XC00VTZQ4M1V44NJHWTD,"","Tangerine Trainwreck Haze"
018NY6XC00VTF1QXK6B8NXGDRB,"","TangiBerry"
018NY6XC00VTAT1FA5GKD4ZF36,"","Tangie"
018NY6XC00VTS914BMM7FT0C1T,"","Tangie Banana Surprise"
018NY6XC00VTD5AFZPDHB7XCCW,"","Tangie Blaster"
018NY6XC00VT18GQKPBGPPVCMM,"","Tangie Cheese Cake"
018NY6XC00VTJRVK2EXVMQSV26,"","Tangie Dream"
018NY6XC00VTTZX0M88GF7XJ32,"","Tangie Dreamwalker"
018NY6XC00VTM1N2WHV4HBHPMN,"","Tangie Ewok OG"
018NY6XC00VT8V57R6GGETW0QH,"","Tangie GAL15753"
018NY6XC00VTY3EZ4D3Y8FWAFG,"","Tangie GAL5822"
018NY6XC00VTGXVV1FDRHZQANR,"","Tangie GAL6033"
018NY6XC00VTSESSRMQSHDT22Z,"","Tangie Ghost Train"
018NY6XC00VTY49RX93NF2SY76,"","Tangie Glue"
018NY6XC00VTPDC56E0X5NRSYC,"","Tangie Goji"
018NY6XC00VTN2J8DFT6AP2TMS,"","Tangie Jack"
018NY6XC00VT77B10BFTNY6HRD,"","Tangieland"
018NY6XC00VT00VN1APC6EVGTC,"","Tangielime"
018NY6XC00VT7N2QG86HZJP9FC,"","Tangie OG"
018NY6XC00VT1DGZNGCYY7N49Q,"","Tangie Power"
018NY6XC00VT5QMVYD1HM437P4,"","Tangie Prime"
018NY6XC00VTG6XMEPGY191FGP,"","Tangier Chilly"
018NY6XC00VT3NGRV0BT4X5DXM,"","Tangie Sherbet"
018NY6XC00VTZDPHY924A6A9XE,"Sativa","Tangilex"
018NY6XC00VTZHN5219RVZ9WJ6,"","Tangilope"
018NY6XC00VTHQA8XWMR6SGYAC,"","Tango"
018NY6XC00VTGJRETF803VQTS3,"","Tango Kush"
018NY6XC00VTEBBHC94WVRXSMV,"","Tang Tang"
018NY6XC00VT1FCRNT0P1YS8M7,"","Tanzanian A"
018NY6XC00VTRXCT3YJECMDX43,"","Tanzanian B"
018NY6XC00VTG818EK196NQ733,"","Tanzanian C"
018NY6XC00VTB3C11JC9A39QNH,"","Tanzanian Magic"
018NY6XC00VT0JCZ7R6KFW0RXV,"","Tardis"
018NY6XC00VT9WYAH3MZVNFYKK,"","Taskenti"
018NY6XC00VTH9VK4MY25M8N9V,"","Tasman Haze"
018NY6XC00VT9A194EC4KEZVPP,"","Taste Bud"
018NY6XC00VTMCTCDQW0V2RFXY,"","Tatanka (White Buffalo)"
018NY6XC00VTSA9N5DR0GJMQ1K,"Indica","Tathracet"
018NY6XC00VTDTVBNRJRB62CDA,"","Tatooine Dream"
018NY6XC00VT5626C2HYRY2X8G,"Sativa","Tauradene"
018NY6XC00VTRZP5HRN0DANEVN,"","Tavern Walker"
018NY6XC00VTWM7NF872C7AFQY,"","Taylor Swift"
018NY6XC00VTYJJ1WSMKWNEQSA,"Sativa","Taytenate"
018NY6XC00VT86A9ZFJE8KXTK8,"","TBD"
018NY6XC00VT5YP9B3SWVT2Y7K,"","TC Blu (Trinity County Blueberry)"
018NY6XC00VTKHV4S7Z2PD27BJ,"","Tea Tree"
018NY6XC00VT1663WR8M6KSN42,"","Teen Spirit"
018NY6XC00VT4X5VTXNPG5MVKG,"Hybrid","Tegecan"
018NY6XC00VTR494RXJJ0XJHRX,"","Tembo Kush"
018NY6XC00VTZZBZFCT6QJSVGT,"","Templar"
018NY6XC00VTPCV6E8XAMR9QKW,"","Temple"
018NY6XC00VT8HCC9W58YSPFP5,"","Temple Flo"
018NY6XC00VT6D0ZAGFCXK9PYE,"","Temple Haze"
018NY6XC00VTE2JA5CYSQ95SD2,"","Temple of Larry"
018NY6XC00VT9ZS2F9GMFMDCZ4,"","Temple OG"
018NY6XC00VTBKYYTVH7WEMN7T,"","Tennessee Purple Kush"
018NY6XC00VTJ1AB4T0QPZ9J5N,"","Tequila"
018NY6XC00VTE22TKSFZ12HNHG,"","Terminator Kush"
018NY6XC00VTDM85N6KAB0HA5A,"","Terminator OG"
018NY6XC00VTW392B3ZJWJE3VZ,"","Terpenator Tea Tree"
018NY6XC00VT40TPXSXEKPRH9E,"","Terperella"
018NY6XC00VT2VTPWCHW85JJPM,"","Terprazolam"
018NY6XC00VT939KMJ45RMQ3NP,"","Tesla"
018NY6XC00VT4792EG5SHA00EQ,"","Tesla Tower"
018NY6XC00VTF0AV2J4P60B2YC,"","Tessa"
018NY6XC00VTHDKDP0GFY5P7YT,"","Texada Timewarp"
018NY6XC00VTZ0X8HY8XH0TQA2,"","Texada Timewarp (THC Seeds)"
018NY6XC00VT29RCAJ3DV57TYJ,"","Texada Timewarp (Twister)"
018NY6XC00VT8V0HWM1ZA7XSHV,"","Thai"
018NY6XC00VTRQ8W3S1TJPXAMB,"","Thai/Afghan"
018NY6XC00VT5XC70VVTT9D0JS,"","thai coast"
018NY6XC00VTCK08KHXZYHXYP8,"","Thai Coast OG"
018NY6XC00VT0CZH92B34EJ9NJ,"","Thaidal Wave"
018NY6XC00VTYZR8QS7MB2624D,"","Thai Dragon 99"
018NY6XC00VTPN9EKPD7B9AJ5A,"","Thai Experience"
018NY6XC00VTD7611NFCH3EGNN,"","Thai Fire OG"
018NY6XC00VTA5HBTEGB7CV4ZK,"","Thaifun Horizon"
018NY6XC00VT0QGXKFWPH51ETC,"","Thai GAL6078"
018NY6XC00VTDSHFT1V9M2ST7M,"","Thai GAL6447"
018NY6XC00VTP896F6BF0ANYRV,"","Thai Girl"
018NY6XC00VTAFBE0B1K99CK4G,"","Thai Hashplant"
018NY6XC00VT1PPQ3414N9N8V0,"","Thai Haze"
018NY6XC00VTY8MY17HCNHGKF8,"","Thailand GAL6130"
018NY6XC00VT51JH3QSCTWYN7X,"","Thailand GAL6251"
018NY6XC00VTDRHEQEXGMMXH0B,"","Thailand GAL6416"
018NY6XC00VT4FHQWSS69DYA4A,"","Thailand GAL6424"
018NY6XC00VT1FCTXNYWNPZ575,"","Thai Landrace"
018NY6XC00VT2FW4743SNGHFEE,"","Thai Lights"
018NY6XC00VTB78RFEAG7YJJSS,"","Thai Medicine GAL6444"
018NY6XC00VTKA3XJCDEM5WBBC,"","Thai Medicine GAL6445"
018NY6XC00VT3V87PSJ7RPCK2T,"","Thai-Mex"
018NY6XC00VTDYMEAJ686FYQWN,"","Thai-Ngerine Power"
018NY6XC00VTS6BCZ1AX7CNCT9,"","Thai OG"
018NY6XC00VTAJJXA4PSFCAA76,"","Thai Rock"
018NY6XC00VT2VFHDX2N3VA6CF,"","Thai Stick"
018NY6XC00VTHK2A295YNQQW8F,"","Thai Stick GAL6440"
018NY6XC00VTVYXP5NB7494XS0,"","Thai Stick GAL6441"
018NY6XC00VTS0BC6WK8X0ZZFF,"","Thai Stick GAL6452"
018NY6XC00VTAA7PVZTVFGBRX7,"","Thai-tanic"
018NY6XC00VTM05XJ632KNERT2,"","Thai Tanic"
018NY6XC00VT4H9RDET4PWPMYJ,"","THC Bomb"
018NY6XC00VTYTA37XGDR169B7,"","THC (F.I. Skunk)"
018NY6XC00VT34QDJ9XQBX1VGV,"","THC-I: Sour Tangie"
018NY6XC00VTD2TPNV4CCPEQ6C,"","THC Pro"
018NY6XC00VTQR0GEV240QT65P,"","The 411"
018NY6XC00VTX47RP92970KWB4,"","The 415"
018NY6XC00VTC88FAPSC3G0QH4,"","The Alchemist"
018NY6XC00VTF3JQXEWV5GK9W0,"","The Angels Share"
018NY6XC00VTVVR0T1530H5TM7,"","The Bern"
018NY6XC00VTSPWQAEQNNF2GDC,"","The Big Dirty"
018NY6XC00VTGBZPR52K8VRZFR,"","The Black"
018NY6XC00VTEMSKPVP800M996,"","The Black Beauty"
018NY6XC00VTXPFBAD83FWSJCT,"","The Blintz"
018NY6XC00VT3SKK4V52SRFX32,"","The Blood"
018NY6XC00VTKQCRKMZCN4MBSY,"","The Blubonic"
018NY6XC00VT6KC5B7D7V0TYBN,"","The Blue"
018NY6XC00VTYQ6ZVRB9C8ZPDT,"","The Boardwalk"
018NY6XC00VTSZN5VD86S6AF55,"","The Bob"
018NY6XC00VTK7TZY6C85AB07V,"","The Bomb"
018NY6XC00VTWKDXDKWYH3D9GT,"","The Boost"
018NY6XC00VTFDZ9H7M5JDTHYK,"","The Brotherhood"
018NY6XC00VT15JPTV2Q1E81SV,"","The Cake"
018NY6XC00VTR4PPR86HVYHR1P,"","The Cat's Meow"
018NY6XC00VTDW26D7AWC3JHNQ,"","The Chronic"
018NY6XC00VTFZRH80JA9EMPXV,"","The Church"
018NY6XC00VTTFZTEWGZWX99G0,"","The Claw"
018NY6XC00VTJN09BQFDVPMBRS,"","The Clone Zone"
018NY6XC00VTHPMTPVYNMH3JRB,"","The Cough"
018NY6XC00VT9CK5Q6XKKS11QK,"","The Creeper"
018NY6XC00VTY0H7JBBTF7CKH8,"","The Crystal Ship"
018NY6XC00VTGDS9WWJXB4W0RD,"","The Cure"
018NY6XC00VTSYX881R2YNK77Q,"","The Dessert"
018NY6XC00VTT0GV5M5PXY7KJG,"","The Doctor"
018NY6XC00VTZXSMW30P92QVX0,"","The Dope"
018NY6XC00VTXY4QDA163115SK,"","The Dutchess"
018NY6XC00VTAXDMX2S548ZDG9,"","The Element"
018NY6XC00VT1YK8B3PSMNM99H,"","The Emperor"
018NY6XC00VT5554SNXES7KV23,"","The Fantasy"
018NY6XC00VTWYQTF9AGT2PYMP,"","The Flav"
018NY6XC00VT83J6XB67X0YB48,"","The Flight"
018NY6XC00VT6JN9ECBH773WHQ,"","The Forbidden Fruit"
018NY6XC00VTMXH9YFXNSECZWC,"","The Fork"
018NY6XC00VTXPYWK2HXREJE10,"","The Fudd"
018NY6XC00VT32JRT3HQPW143S,"","The Full Nelson"
018NY6XC00VTPZBX6EE62JGY9V,"","The Funk"
018NY6XC00VTSX99PM2ZV36DEV,"","The Fuzz"
018NY6XC00VTJZCX9S8P4P9A64,"","The F Word"
018NY6XC00VTND15VTZJGB0VVZ,"","The Gaffa"
018NY6XC00VT6H1S07K3HGD49S,"","The Gift"
018NY6XC00VTG61H6GT1QGV1AS,"","The Grapes"
018NY6XC00VTH18JY2G2JF3D4Y,"","The Great Gazoo"
018NY6XC00VT3V7RJZ1QW03CDC,"","The Grinch"
018NY6XC00VT7ZTM25GY2RXDCR,"","The Grunk"
018NY6XC00VTZW3YFNN7SGK4BD,"","The Guice"
018NY6XC00VTSHZTDEJNF6GBB0,"","The Halcyon"
018NY6XC00VT4Z7SFWDYK6VTA2,"","The Helper"
018NY6XC00VTYTVV5P6KYPVQ9H,"","The Hog"
018NY6XC00VT2TG7GYYK2TBM23,"","The HOG"
018NY6XC00VT3JA0569HNSM7M4,"","The Hulk"
018NY6XC00VTA1Z8AASJMYT1K8,"","The Hunk"
018NY6XC00VT5BCC2Q4S57QQ4B,"","The Incredible Bulk"
018NY6XC00VT2XH238Y5GT9VH5,"","The Kali"
018NY6XC00VTWMFXXDZCHEEZS5,"","The Kitchen"
018NY6XC00VTJNB3GSKH0KPWCY,"","The Krush"
018NY6XC00VTFNNCDAD2GEBMC3,"","The Lazarus Strain"
018NY6XC00VTN35AJJ1DXK71NH,"","Thelonious Skunk"
018NY6XC00VT4254JTHH4F3VZ7,"","The Love"
018NY6XC00VT9KVEG57P02MVRN,"","The 'L' Word"
018NY6XC00VTQHG6X986TF2WD0,"","The Maestro"
018NY6XC00VTZBP1SCB3FJQ8F6,"","The Magic"
018NY6XC00VTZSFJG80H76NRG3,"","The Mangler"
018NY6XC00VTJ6RYE338C9Z6PF,"","The Manna Machine"
018NY6XC00VT75QM8J9Y86SCPJ,"","The Matrix"
018NY6XC00VT7K170923XK8J26,"","The Mendo"
018NY6XC00VTS24444YXERZHKT,"","The Nubia"
018NY6XC00VTHAS0R7DT49JHMC,"","The OG #18 (Private Reserve OG)"
018NY6XC00VTCWHZ7TA83S0QEB,"","The OG Skunk"
018NY6XC00VTCN97DWQQQ8W8ME,"","The One"
018NY6XC00VT4SY0S1WH85SF0F,"","The Ooze"
018NY6XC00VT89A3B8F39GTJ4K,"","The Original Haze"
018NY6XC00VTAQZEGVWHZH6T6C,"","The Other Crystal Ship"
018NY6XC00VTG81KAK03NAPDVE,"","The Ox"
018NY6XC00VTZFDJJTE1WZYSMW,"","The OX"
018NY6XC00VTMSQHHKZXM6SW03,"","The Ox Piss"
018NY6XC00VT8MWF0VPMEQPRGG,"","The Palin"
018NY6XC00VTCBE9VY7A42ZAK0,"","The Prophet"
018NY6XC00VT6H3TTXXSKHVKR3,"","The Pure"
018NY6XC00VTTA1ZQQ5S5PYK6R,"","The Purp"
018NY6XC00VTQ9NCBQ53N44B6C,"","the purple stuff"
018NY6XC00VTYZMCFB0WBCR5WC,"","The Purps"
018NY6XC00VTV7RJXTVRK8EKWX,"","The Ranger"
018NY6XC00VT3V3DWS7BCFE958,"","Theraplant 14001"
018NY6XC00VTD280KZC254AH27,"","Theraplant 14003"
018NY6XC00VTNME525DAB9W4DE,"","Theraplant 14004"
018NY6XC00VTDH8VV0ZGMEZR20,"","Theraplant 14005"
018NY6XC00VTR4HSWB1RVJCYAP,"","Theraplant 14006"
018NY6XC00VTBYX3G556BM68BY,"","Theraplant 14007"
018NY6XC00VT8Z14FGP9NR0V5A,"","Theraplant 14008"
018NY6XC00VTPC3GGRZPK1RZS4,"","Theraplant 14032"
018NY6XC00VTHCQ12EPHFFBRM3,"","Theraplant 15028"
018NY6XC00VT6NXPGF2RG0GHK9,"","The Real Banana"
018NY6XC00VTMNRWT00SHSBQGZ,"","The Real McCoy"
018NY6XC00VTQZ3VW4E4PSN0MB,"","The Red"
018NY6XC00VTNZ6GDK1JVPS9E4,"","The Red Eyed Bride"
018NY6XC00VTH4Y0A8JYTRB2DZ,"","The Rem"
018NY6XC00VTZ1AKERHSNRHG41,"","THE RIDDLER"
018NY6XC00VTTNCAB85GAKKMQV,"","The Rump OG"
018NY6XC00VT4577T90NFABZV8,"","The Sauce"
018NY6XC00VTG4BWBR28FDGXE1,"","The Sheriff"
018NY6XC00VT6WPG1P3EF4E7PN,"","The Shire"
018NY6XC00VTXQ3ZYQ29TTEGE7,"","The Sister"
018NY6XC00VTWR80G1VMV07DJ1,"","The Sour Funk"
018NY6XC00VTH17TD12S61FQ86,"","The Star"
018NY6XC00VT4FZMWJTWNXSKHY,"","The Tardis"
018NY6XC00VT2D6K2H1203GX48,"","The Teenone"
018NY6XC00VT9Q18KVDWVCMDS2,"","The Third Dimension"
018NY6XC00VT3S5QDKQZGTDDK7,"","The Troll"
018NY6XC00VTBA20KHZ2FDE07V,"","The True OG"
018NY6XC00VT028EC6VHQR0M8D,"","The Truth"
018NY6XC00VT6EKKDGFEBM6X00,"","The Truth (True Canna Genetics)"
018NY6XC00VTVJVW5EZ1VR03PP,"","The Ultimate"
018NY6XC00VTQQRAHYD4SA5C81,"","The Ultimate Nerds"
018NY6XC00VTAEE5D14C64PN0C,"","The Underchunk"
018NY6XC00VT9YG416KYFKBG4B,"","The Void"
018NY6XC00VTS1XS8K3P505EE9,"","The White"
018NY6XC00VT0M76S6AWV12S63,"","The White Angel"
018NY6XC00VTEVCJDBEWMGFWD8,"","The White Jones"
018NY6XC00VTH99QK92DYBHB1D,"","The White Train"
018NY6XC00VTXZZ6BPRER6FG24,"","The Wife"
018NY6XC00VTB848ZXV7BYWN34,"","The Wiz"
018NY6XC00VTZGV8DNR423AFCM,"","The Wonder Kid"
018NY6XC00VT9F2SRZS2GK1ANC,"","The Wow"
018NY6XC00VTK42SGDKT3SW52A,"","The Yellow"
018NY6XC00VTD7W62MGYWVJX4H,"","Thick Wicket"
018NY6XC00VTQZMGPMZ49E5RAY,"","Thimilicious Kush"
018NY6XC00VTG68Z8VDM96W2GE,"","Think Different"
018NY6XC00VTKEQ3F40NBP4EC6,"","Think-Tank"
018NY6XC00VT5P5PVFDVP5QPN4,"","Thin Mint"
018NY6XC00VT6KWVM0200TCWR7,"","Thin Mint Cookies"
018NY6XC00VTAR07GFZB13DSKN,"","Thin Mint Girl Scout Cookies"
018NY6XC00VTR5BHYS2KAE78F0,"","Thin Mint OG"
018NY6XC00VT4CWHESBCSMA0NS,"","Third Coast Panama Chunk"
018NY6XC00VTM4EPPDDNDCQ73E,"","Third Degree"
018NY6XC00VT85DP6ZZMPDS8WZ,"","Third Dimension"
018NY6XC00VT3B5YCM1QJT5M1M,"","Third Eye"
018NY6XC00VTC1R3RAEMFSCBE8,"","Thor's Hammer"
018NY6XC00VT12GSZV8F33S0XS,"","Thors Hammer"
018NY6XC00VT0TKN1S7ENM4X8X,"","Throwback Kush"
018NY6XC00VTTBPPSZ89RK09R1,"","Thumper"
018NY6XC00VTVZKC7ZHBVF5AW9,"","Thunderberry"
018NY6XC00VT9Z7Q8W9Z8VVMAQ,"","Thunderbird Rose"
018NY6XC00VT29PJ46CKGYYMG8,"","Thunder Bloody Mary"
018NY6XC00VTMCTC3Y3SRS6G6S,"","Thunderbolt"
018NY6XC00VTBZE57G7GY2FGVE,"","Thunderbud"
018NY6XC00VTYWDN6QHT0QA046,"","ThunderBud"
018NY6XC00VTGB46A0BDPS5SB3,"","Thunderdome"
018NY6XC00VT51CCP37ZJCS108,"","Thunderfuck Diesel"
018NY6XC00VTGBC5DM3FBJBZ1R,"","Thunderfucking Grinch"
018NY6XC00VTC26BGNJ58MHBN4,"","Thunder Fuckin Wonder"
018NY6XC00VT4DCQAG07HNJSD6,"","Thunderfuc* OG"
018NY6XC00VT3159R5Y4FE2JEA,"","Thunderfunked"
018NY6XC00VTXD21DK1XC704SV,"","Thunder G"
018NY6XC00VTA7VPYDXF1FFR7K,"","Thunderhead"
018NY6XC00VT5QFCSKANEF2FX9,"","Thunder Pearl"
018NY6XC00VTYMTDX4SDFCAQSE,"","Thunderstruck"
018NY6XC00VT05EXXMKZYTTZ7J,"","Thunder Struck"
018NY6XC00VTWS72Z9WP7KZQD3,"","Thunder Thai"
018NY6XC00VT72MCYMNDA82M8F,"Hybrid","Thusobrid"
018NY6XC00VTNFHR30YCKHVZ5K,"","Tian Shui Giansu China GAL6252"
018NY6XC00VTY1GDP34MMVBD1Y,"","Tian Shui Giansu China GAL6253"
018NY6XC00VT7NKFJJ25DP4B1M,"","Tibetan Purple"
018NY6XC00VT8FDF77Y03JH87Q,"","Tickle Kush"
018NY6XC00VTRYDTYX3HC0GH9J,"","Tiger Beat"
018NY6XC00VTDJTGEF8WC2G7WF,"","Tiger Blood OG"
018NY6XC00VTG65312FSVVKSTM,"","Tigermelon"
018NY6XC00VTD7ZJ9AASPXP5H9,"","Tiger Mountain"
018NY6XC00VTGJN8VREX7TGJ8N,"","Tiger's Milk"
018NY6XC00VTCBRSTZP1G5DF2H,"","Tigers Milk"
018NY6XC00VTCVPTGDSC3AH3JT,"","Tigers Piss"
018NY6XC00VTVRWB8HR36D2643,"","Tiger Temple"
018NY6XC00VTV4GM85EDYCTVGS,"","Tiger Woods"
01E7BXB94BKJHNG3V1ABV960W9,"-unknown-","Tijuana"
018NY6XC00VTKKB2GYNE7X7Y0J,"","Tikal"
018NY6XC00VTXMAQJCJD8ZYCH7,"","Tillamook Strawberry"
018NY6XC00VTRKWQKPZFS45Y7D,"","Timanfaya Devil"
018NY6XC00VTW4G3JZD81HNJ4G,"","Timber Kush"
018NY6XC00VT52KRZ1XS2HBQM7,"","Timber Wolf"
018NY6XC00VTA171GFP4YYF7ZB,"","TIMEBOMB"
018NY6XC00VTEQ9EMDMXRFJRH0,"","timelord"
018NY6XC00VTQG2X1VYJ85ZF85,"","Timewarp"
018NY6XC00VT0RN4R8KQJ7S253,"","Timewarp N5"
018NY6XC00VT9MFT04BPW6YE75,"","Timewreck"
018NY6XC00VT6W6EYHJB3SZ5A5,"","Tina Danza"
018NY6XC00VTJQMM9HKT2SFNHB,"","Tinkerbell's Revenge"
018NY6XC00VT4PNJT8JW768ER0,"","Tiny Bomb"
018NY6XC00VTQNZZQWGXF7HJNB,"","Tirah Nepali"
018NY6XC00VTRCP9SAFGBCGNDT,"","Tisza"
018NY6XC00VTBJSJCEKR7ZDQ67,"","Titan"
018NY6XC00VT1KH4C4VM94PDR0,"","Titanic"
018NY6XC00VT4GETG8ZHC0FKEC,"","Titanium"
018NY6XC00VT17HM75EY64RAZ9,"","Titanium Fire"
018NY6XC00VTWRB5B2MQQ34EGM,"","Titankane"
018NY6XC00VTCD5SBQXXH5Y2ZS,"","Titan OG"
018NY6XC00VTG6X3MA8Z6X91VZ,"","Titan's Haze"
018NY6XC00VT95HCN25EE7ATMF,"","Titan's Haze (Fuma con Diablos)"
018NY6XC00VTQZ53WCJVHM46HX,"","T.I.T.S #8 (This Is The Shit)"
018NY6XC00VT6F6H9MH60VCW25,"","TJ"
018NY6XC00VTDHACW15R46YJ3Y,"","TJ's CBD"
018NY6XC00VTX40GBS2CCB34Y8,"","TJ's White Label"
018NY6XC00VTMC0J221H332Z6J,"","T.K.O. OG Kush"
018NY6XC00VT2FR2BNVC9CCTRP,"","TMK (Terence McKenna)"
018NY6XC00VTHH2MM3K66HYNSW,"","T.N.R (TNR)"
018NY6XC00VT0CPV4A9HYNS1VC,"","T.N.T."
018NY6XC00VTZH62W7WPD4AZXZ,"","TNT Kush"
018NY6XC00VTN9C5NSDSTHB04D,"","TNT Kush CBD"
018NY6XC00VTGWVXF801F3Y4AM,"","Toe Jam"
018NY6XC00VT7KTZDD29S4K7MX,"","Tokyo OG"
018NY6XC00VT269Q0SMWZ7SMKN,"Indica","Tomandi"
018NY6XC00VT8GAK69M1DQR601,"","Tom Hill's Haze"
018NY6XC00VTA6EJHXW53KV5XK,"","Tommy Boy"
018NY6XC00VT2SFV5HRRWDH1M0,"","Tommy Gun"
018NY6XC00VT55CB74W2XRC4EP,"","Tommy's Home Grown"
018NY6XC00VTWA072M1JS5ZDHQ,"","Tongue Twister"
018NY6XC00VTHV8ASNHFY8AHMD,"","Tonics Web"
018NY6XC00VTGJV8HCBRRT80WY,"","Tony Clifton"
018NY6XC00VTN9BJ1SKEWN75KE,"","Tony Montana"
018NY6XC00VTRJA7CPXJDS01WK,"","Toof Decay"
018NY6XC00VTEA63QE9WEZ3P7G,"","Tootsie Roll"
018NY6XC00VT35RTPBF0TYW462,"","Tootzie Pop"
018NY6XC00VTFHCXBVT5EMRF1V,"","Top 44"
018NY6XC00VT1W823G3AKN5RJE,"","Top Dawg"
018NY6XC00VTV65HNP294FB6N1,"","Topicana"
018NY6XC00VTSHDY4W873993EK,"","Top Lady"
018NY6XC00VTS0H1F6406N7895,"","Tora Bora"
018NY6XC00VT3650NFHR64G6QK,"","Tora Bora (PakxAF)"
018NY6XC00VTW9FDFZK92ERAAT,"","Toto"
018NY6XC00VT014TXS6Y7215MB,"","Touch of Grey"
018NY6XC00VTY6ZYB0555CVEHH,"","Tour De France"
018NY6XC00VTSAM0J6RXKE2K7B,"","Toxic"
018NY6XC00VTJZK99MXDQAV7KR,"","Toxic Blue"
018NY6XC00VTGGFQ4MRQVD85M0,"","Toxic Chem F1"
018NY6XC00VT242NGSP6Z36WTP,"","Toxic Green"
018NY6XC00VTGCP99WVCAGWRHB,"","Toxic Punch"
018NY6XC00VTY2DPT7CDH9BA4D,"","Tragic"
018NY6XC00VT03TY8XW36TPQQ1,"","Training Day"
018NY6XC00VTKW5EGASXYQKRSB,"","Trainwreck"
018NY6XC00VT4YPJXP2PVGJ43H,"","Train Wreck"
018NY6XC00VTTS4NTWM0JFW93A,"","Trainwreck #2"
018NY6XC00VTZ39RNQMMKJZVSX,"","Trainwreck A"
018NY6XC00VTFVDC4HY86M3P6C,"","Trainwreck (Arcata)"
018NY6XC00VTHNM5C8H8VGDAPV,"","Trainwreck B"
018NY6XC00VT383ZWH8NVGVD5A,"","Trainwreck C"
018NY6XC00VT21BHXA2HB8CKA6,"","Trainwreck Goo"
018NY6XC00VT5ATBGTACRRDRS1,"","Trainwreck Kush Haze #1"
018NY6XC00VT7GKBJA7TXNQ77G,"","Trainwreck Malawi"
018NY6XC00VTQCE0D0XSX3TNFK,"","TrainWreck Willie"
018NY6XC00VTZBNC60BRX4GKN3,"","Trance"
018NY6XC00VT34SHAEAC2MX57F,"","Tranq"
018NY6XC00VT3CTV0Z3NJGZ8J2,"","Tranquil Elephantizer"
018NY6XC00VTRWQ0J0060ZSRSJ,"","Tranquil Elephantizer Remix"
018NY6XC00VT77NMYTGKZ4BQNN,"","Tranquil Elephantizer: Remix"
018NY6XC00VT5JDDSJ0HSNFS44,"","Tranquilo"
018NY6XC00VTZG0QSHBV10ZTK1,"","Transformer"
018NY6XC00VTF6KM1N07F2A7N3,"","Transkei Green"
018NY6XC00VTVRFZ2VAW3G47XP,"","Trash"
018NY6XC00VTCN5FMY118WNK2F,"","Travel Joint"
018NY6XC00VTSDGM8MBW5H7G5N,"","Trc Devestation"
018NY6XC00VTDG8T82ZB43A0AX,"","Trc Devestator"
018NY6XC00VT4VXZDX4P9V6R0K,"","Trc Tarantula"
018NY6XC00VTQ58M9S8H995W45,"","Trc Texas Mystic"
018NY6XC00VTCFT5MTBT5GNYZF,"","Treasure"
018NY6XC00VT1N0979YJ1R36MH,"","Treasure Island"
018NY6XC00VTC4SJZEZW1WR4FY,"","Tree of Life"
018NY6XC00VTAY6EB9MNFKJ9Q8,"","Tree Of Life"
018NY6XC00VTMWYSQSX0KG2EPY,"","Trench Town Lights"
018NY6XC00VTFJT06KX4FYESGJ,"","Tre OG Kush"
018NY6XC00VT9CPG61XGC12TPJ,"","Tres Dawg"
018NY6XC00VTVD2J594AF69ZDP,"","Tres Dawg IX"
018NY6XC00VTKEWXPAW0QW9YTY,"","Tres Sister"
018NY6XC00VTDKG0H636FCW862,"","Tres Star Dawg"
018NY6XC00VTJEFDEQ3J2MNVDD,"","T-Rex"
018NY6XC00VTNXY1T8SGRA8R6M,"","Triad"
018NY6XC00VTC424K7M2E848WN,"","Triad OG"
018NY6XC00VTK71R1MMZBGK8CX,"","Triangle Kush"
018NY6XC00VTH1C4YNRDTET643,"","Triangle Kush (Flo Rida Kush)"
018NY6XC00VTXJX2PT7CYNGNJX,"","Triangle OG"
018NY6XC00VTXDXNTS5H3T4B3S,"","Tribal Vision"
018NY6XC00VT1QS9A5K6BXWJVZ,"Sativa","Tribiken"
018NY6XC00VTB0YBZRND1VYNZJ,"","Trident"
018NY6XC00VTF4JDQ3DTS0ME0C,"","TRIDENT"
018NY6XC00VT82YGPV31XQC3S7,"","Trident GAL11066"
018NY6XC00VTN3W1Y6XDBJ0R04,"","Trident GAL6356"
018NY6XC00VTTXAP5RBRTYW42C,"","Trifecta"
018NY6XC00VTVS07XHDC5A9JH1,"","Triffid"
018NY6XC00VT3TPKT7208GMEGZ,"","Trinity"
018NY6XC00VTM94ERNT8VNNAVN,"","Trinity Blueberry"
018NY6XC00VTAYTQQH25ANDX5V,"","Trinity Jack"
01E7BXQJWPDJMX0E2E5S8SXJHC,"-unknown-","Trinity x Jack Herer"
018NY6XC00VTPA1F8XDY8N2RW4,"","Triple 7 Mango Kush"
018NY6XC00VTD5C3H25P8MFGQD,"","Triple Afghan Slam"
018NY6XC00VTTD1TNGX54YAN2B,"","Triple AK"
018NY6XC00VTCCR7V2676JB66S,"","Triple Berry"
018NY6XC00VT9J4P0R9ZMR3NBT,"","Triple Berry Goo"
018NY6XC00VTQ4Z7FXDS13YCY9,"","Triple Cheese"
018NY6XC00VT12QMFCFE9N5BN2,"","Triple Cherry Diesel"
018NY6XC00VTERZ6SZRFMFAWMV,"","Triple Crown OG"
018NY6XC00VTZY14JKSQASP5F5,"","Triple C's"
018NY6XC00VT6AQAWNYB999R9P,"","Triple Deez"
018NY6XC00VTYQKSBJ0S5RZ3S7,"","Triple Diesel"
018NY6XC00VTFNJTDAZH9SDKYH,"","Triple Double"
018NY6XC00VTEYDB1VPAXYJT3P,"","Triple Dubble"
018NY6XC00VTBYX9QABEVNRRKS,"","Triple Haze"
018NY6XC00VTPE4Q38T7DXRYTY,"","Triple HB Boost"
018NY6XC00VTZZ98C6BDVM8P49,"","Triple Kush"
018NY6XC00VTV5DYETV43G27W3,"","Triple Nova"
018NY6XC00VTSQB75ZNX5VCMRZ,"","Triple Platinum"
018NY6XC00VT73RENMKCEJP2ZF,"","Triple Proof Blue Moonshine"
018NY6XC00VTYDE5RXVA2070GQ,"","Triple Purple Doja"
018NY6XC00VTTN26MKZ8WAPFMN,"","Triple Purple Kush"
018NY6XC00VTD8A14XGWZM2KGK,"","Triple Sour Diesel"
018NY6XC00VTSY75G75T5M3SZE,"","Triple Threat"
018NY6XC00VTMQKK5EB4F4MH7X,"","Triton #7"
018NY6XC00VTE669PYQXS7GPD2,"","Trix"
018NY6XC00VTJ73VN8HPH81N05,"","Trojan"
018NY6XC00VT0H5TG9C66SH7S9,"","Tropical Haze"
018NY6XC00VT88GC7ABDCVRV4K,"","Tropicali"
018NY6XC00VTA3NTXP1X74N8TH,"","Tropical Mist"
018NY6XC00VTY2FESBTTMY0QH8,"","Tropical OG"
018NY6XC00VT10NQ5XV656BXNR,"","Tropical Paradise"
018NY6XC00VTYE5D5ZT0VFK4Q8,"","Tropical Peach"
018NY6XC00VT99F6THW6XJ94M7,"","Tropical Punch"
018NY6XC00VTB8GFRK9X20FECR,"","Tropical Sugar"
018NY6XC00VTYDZ84GFM2G4QDK,"","Tropical Tang"
018NY6XC00VT6SMCJ6SRCT5DHC,"","Tropical Timewarp"
018NY6XC00VTRPSF92V2MVAQP6,"","Tropical Treat Special"
018NY6XC00VT5R1GJTA57TQB1D,"","Tropicana #1"
018NY6XC00VTWHK96SGZR0J5XP,"","Tropicoma"
018NY6XC00VT957PHSV4V2GY3G,"","Tropic Thunder"
018NY6XC00VT3CTQ0G5J6C90H7,"","Tropikal"
01E7BX7H5CYJN03PXZB2G250CC,"","Tropimango"
018NY6XC00VTN9HQC15C4PZNDH,"","Trubble"
018NY6XC00VTHCFWPXE9JE8MDA,"","Truck Stop Cookies"
018NY6XC00VTX6K6ES13QGREXQ,"","True Believer"
018NY6XC00VTG62GGBJMJR99CD,"","Trueberry"
018NY6XC00VTD3ZZFCJESPN23V,"","True Blue"
018NY6XC00VTXCD0MCFZA8NM1B,"","True Blueberry"
018NY6XC00VTHQ4Z6R57W3X27Z,"","True Crack"
018NY6XC00VT7CC7WKPQ103CD2,"","True OG"
018NY6XC00VTXVHKNC50AS5TAJ,"","True Power OG"
018NY6XC00VT0CXCWHDM4ECFC7,"","True Purple"
018NY6XC00VT16GYQBQ5XPDKA1,"","True Religion"
018NY6XC00VTZTMYMZJGWNHZWN,"","True SFV"
018NY6XC00VT8M6H57NE1KP40G,"","True Skunk #1"
018NY6XC00VTQFZG64705T37SK,"","True sour d"
018NY6XC00VT5E6HBP882F56Z8,"","True Sour OG"
018NY6XC00VTREV87XCYRXNF85,"","True X"
018NY6XC00VT8CV62Z8TGED0H6,"","Truffle Butter"
018NY6XC00VTQQE8VN1CDVQXJT,"","Truffle Butter OG"
018NY6XC00VTCHF4747476SYE5,"","Truffle Shuffle"
018NY6XC00VT26WB9FARN0PDE5,"","Truly Fruity"
018NY6XC00VT95X6F2BGVEXQDB,"","Trump OG"
018NY6XC00VT8XEMA1Y8D7K4P3,"","Truthbomb"
018NY6XC00VTQ8TRHGK0SVRSY1,"","Truth or Consequences"
018NY6XC00VTXE5H0813CWCX3M,"","Truth Serum"
018NY6XC00VT6192J6RW16JN33,"","Tsi Fly"
018NY6XC00VTBH4YPYMP55NAWV,"","T.S.T. Cookies"
018NY6XC00VTFDMK14EY5BM73Z,"","Tsu Jack City"
018NY6XC00VT4NJ01K6QV5MPRV,"","Tsunami"
018NY6XC00VTZP1FJNJDX95VG2,"","Tsunami Crush"
018NY6XC00VT27BRXDE2AES0GE,"","Tsunami OG"
018NY6XC00VTF44ECG95T2WY96,"","Tsunami Rose"
018NY6XC00VTEYM2Q6K0CSMR8Y,"","Tuguegaro Filipino"
018NY6XC00VTBPHR7SN3DZM8ZV,"","Tuna Kush"
018NY6XC00VT5YQ8PNS58CKEKH,"","Tundra"
018NY6XC00VTJA3DDE2H4142EN,"","Turbo Diesel"
018NY6XC00VTBY5BGWDQH7EZCW,"","Turbo Mind Warp"
018NY6XC00VTRZC5AJDJGJMV85,"","Turbo OG"
018NY6XC00VTZSZ83QNKY8ENZ1,"","Turkish Landrace"
018NY6XC00VTXK0K13YVRBVP2V,"","Turquoise Jeep"
018NY6XC00VTB879V4F0P2QDEY,"","Turtle Power"
018NY6XC00VTBSZJFAVE3KCHVH,"","Tutankhamon"
018NY6XC00VTY8EMMQ31DNDK07,"","Tutankhamon (King Tut)"
018NY6XC00VT9CQ1NXBZN1FH8F,"","Tutti Frutti"
018NY6XC00VTFNAZSSH86DRFPY,"","Twilicth"
018NY6XC00VTCAG1NF3F6XW172,"","Twilight"
018NY6XC00VTDYNWA6V3CRKQEF,"","Twilight Indica"
018NY6XC00VTK54NX0JM283E45,"","Twista"
018NY6XC00VTDJBEVJ7JVM37SA,"","Twisted Citrus"
018NY6XC00VTMHY1V8GAWPTFP7,"","Twisted Fruit"
018NY6XC00VTQ6ZJJZVDWPMRTW,"","Twisted Purple OG"
018NY6XC00VTDRPQ8K0X7GEPGT,"","Twisted Purple OGK"
018NY6XC00VT4EM6WEXWWEEVPV,"","Twisted Velvet"
018NY6XC00VT75H3KC49VZFJ2W,"","Twister"
018NY6XC00VTXA9PSDM68PFEC0,"","Twitter OG"
018NY6XC00VTXWXRMZEJE25CND,"","Twizzler"
018NY6XC00VT1VGQ84JBT1TZG5,"","Two Wave Hold Down"
018NY6XC00VT5NMAAY4WP8N94K,"","Tygra"
018NY6XC00VTVKHFR221VKFXA3,"","Tyler Perry"
018NY6XC00VTBRKDZN7RM6N4S0,"","Tylight"
018NY6XC00VTEGYQ1PQ8T209VP,"","Tyra Banks Conspiracy Kush #5"
018NY6XC00VTEKZ3B01GTWBPSD,"","Tyrone Special"
018NY6XC00VTGH1SHEK6W0QQFM,"","Tyson"
018NY6XC00VTASR3N7RVWGA215,"Indica","Tzional"
018NY6XC00VTJ40BX2NG5B57XM,"","U2"
018NY6XC00VTPHM9ETCAYJ576G,"","U2 Cookies"
018NY6XC00VTZ6A2DHAMV69TY3,"","U2 Kush"
018NY6XC00VTKS567WHBK6ZN78,"","UBC Chemo"
018NY6XC00VTD70ZBMX9YW55GF,"","Uber Candy Haze"
018NY6XC00VT2CXWDWYBGXYXGA,"","Uberkush"
018NY6XC00VTZA5RNN24ZBVRBP,"","Udikki Kerela"
018NY6XC00VTDQ24NZGXXSEGPE,"","U Dream"
018NY6XC00VTYH5N89FA03GZ5R,"","U DUB"
018NY6XC00VTGQYAQQ2FF3S317,"","U-dub Gold"
018NY6XC00VTD7T0WHP3K5SHM4,"","U Dub (UW)"
018NY6XC00VTDCKXA21RFJ0QZR,"","UFO Moon Rocks"
018NY6XC00VTP2P9S059SSMDPP,"","UK08"
018NY6XC00VTBVH71PKQD63BAR,"","UKAW 1"
018NY6XC00VTXFTW3X5S8V2DH1,"","UKAW 2"
018NY6XC00VTC5EXTSQYR34ZC3,"","UK Cheese"
018NY6XC00VT33VK7G61ETT19G,"","Ukranian Landrace"
018NY6XC00VTRC0QPHQWQJ93H5,"","UK Sherbert"
018NY6XC00VT6NSKQM790HRE84,"","Ultimate Blueberry"
018NY6XC00VTSM276YA1NPRJMA,"","Ultimate Chem 2010"
018NY6XC00VTBMPKYHZHBFS9JR,"","Ultimate Chemdawg"
018NY6XC00VT8MSX5PNYYB1RSJ,"","Ultimate Chem SFV"
018NY6XC00VT6CAFXFPGTVD99M,"","Ultimate Indica"
018NY6XC00VT4DGG3MQRPGY5AW,"","Ultimate Indoor"
018NY6XC00VTJNC8CWXD3FSRCD,"","Ultimate Lav"
018NY6XC00VTNAJ4ZYHB7STQ4R,"","Ultimate Moonshine"
018NY6XC00VT1585FZPY5R578K,"","Ultimate OG"
018NY6XC00VTE0SBTDQ64VD1EX,"","Ultimate Peak"
018NY6XC00VT9JZFBFWSNCGRDH,"","Ultimate Purple"
018NY6XC00VTH9P9AGQCQWW6BT,"","Ultimate Thai"
018NY6XC00VTEHPNXXEP7RVT0M,"","Ultimate Trainwreck"
018NY6XC00VTXJ03V9RM3HEFR8,"","Ultra Alien"
018NY6XC00VT531K6ATF161EFJ,"","Ultra Banana"
018NY6XC00VT6XAKZA8R9X4X1G,"","Ultra Blue Romulan"
018NY6XC00VTNQ0TTV6YYPZKJZ,"","Ultra G"
018NY6XC00VT62M7V9E4SYXS51,"","Ultra G CBD"
018NY6XC00VTCFX78852PX6828,"","Ultra Grapes"
018NY6XC00VTSACAARYTMGFMHA,"","Ultra Lemon Haze"
018NY6XC00VTFF0T4QH6P047V4,"","Ultraman"
018NY6XC00VTE331Q7V66480X1,"","Ultra OG"
018NY6XC00VTE0ZPP9HM9DBBPE,"","Ultra Skunk"
018NY6XC00VT7SCGXMBHVRNQQ9,"","Ultra Sonja"
018NY6XC00VT84RNFQTMV7Z4E8,"","Ultra Sour"
018NY6XC00VT6XJ3EFJKT6M7PE,"","Ultra Violence"
018NY6XC00VTRQTB8G7MFT7WMQ,"","Ultraviolet"
018NY6XC00VTTSPDMWGP5RM4VE,"","UltraViolet OG"
018NY6XC00VTDDNV9ETHAHJX88,"Hybrid","Umber"
018NY6XC00VTFB5P5NB24RC48V,"Indica","Umbrica"
018NY6XC00VTVSTXBTNWJCYMMA,"","Unchained Melodie"
018NY6XC00VTB1WA2KDHDSD49E,"","Uncirculated OG"
018NY6XC00VTZW092AX5M2TC6P,"","Unclebuds J1"
018NY6XC00VT1ES3GC5ZVBKWAB,"","Uncle Glenn's Revenge"
018NY6XC00VTCSJHEN08873M6X,"","Uncle Remus"
018NY6XC00VT8QF987K1QG8J1S,"","Underdawg OG"
018NY6XC00VT35ZJ7R8Z1CYMS6,"","Underdog OG"
018NY6XC00VTAV8V7NM6EM0RE4,"","Under Foo"
018NY6XC00VTPA7H6RNX9SAKQQ,"","Undertaker"
018NY6XC00VTB2443APVNKXVGX,"","Unicorn Horn"
018NY6XC00VTP2NZDZB13QRKTB,"","Unification"
018NY6XC00VT746D5X96WVD29J,"Indica","Unigen"
018NY6XC00VTN6XRXH5CQ1JD83,"","UNITY"
018NY6XC00VTHPZFCZ0XZBKMQS,"","Unknown"
018NY6XC00VT886ZN9YBPS7DA8,"","Unknown #1"
018NY6XC00VTYWK4206CX5YBE3,"","Unknown #2"
018NY6XC00VT99XMVHVK03J8CN,"","Unnamed"
018NY6XC00VT17X83THF1V89FB,"","Unstable"
018NY6XC00VTKGRY8G5EVDWSS3,"","Upgrade"
018NY6XC00VTDXZDF03XKK4NS8,"","U Pink Kush"
018NY6XC00VT2YT72NRG4W8FWP,"","Uppercut"
018NY6XC00VT4DH6HP9EM5V2S4,"","upstream"
018NY6XC00VT9JC2457PNXBQ0M,"","UP Sunrise"
018NY6XC00VTVQ8AFYAAQ6K65T,"","Uptown Girl"
018NY6XC00VTNKASA8Y2TV5E56,"","Uptown Haze"
018NY6XC00VT9Z0SA505VJM1G8,"","Uptown Piff"
018NY6XC00VTA0HRND999P9ZDP,"","Urban OG"
018NY6XC00VTFXJ31SEXHCXH2W,"","Urban Poison"
018NY6XC00VTRAABQ7YBP5N593,"","Urkle Berry II"
018NY6XC00VTMVFXH0YXACWKVZ,"","Urkle Dawg"
018NY6XC00VTAN44ZVP5CB2HGG,"","Urkle's Ghost"
018NY6XC00VTFAY6TJ1RYWWV9H,"","Urkle's Revenge"
018NY6XC00VT0KQMPS1FGJDXWB,"","Urkle Train Haze"
018NY6XC00VTNN6SJN9T2MBG4Z,"","Urkulan"
018NY6XC00VTB338X5MVW2CF9C,"","Ursa Major"
018NY6XC00VTNB1H8YXGKJJ9KK,"","USO31"
018NY6XC00VT7MRJ7FSPW65KEM,"","Utlimate Peak"
018NY6XC00VTY6NMD59PBZ0ETX,"","Utopia"
018NY6XC00VTKABQKFZQ7G6FBJ,"","Utopia Haze"
018NY6XC00VTV8VP9MTWBCR1N3,"","UV-A"
018NY6XC00VTBSVS76ZBAQ8AZN,"","UW"
018NY6XC00VTE4ZT76Q7FVW727,"","UW Black"
018NY6XC00VTWK5J44NV1EAKGK,"","UW Gold"
018NY6XC00VT45Y36BAX5HAHG2,"","UWPurp"
018NY6XC00VTAB5RNRJCN9G9PM,"","UW purple"
018NY6XC00VT1GQP0TWBJQH0D4,"","UW Purps + Bubba Kush"
018NY6XC00VTQYW9GGGH7CXYGQ,"","UW Sativa"
018NY6XC00VTT149P4CKR218Y3,"","Uzbekistani Hashplant"
018NY6XC00VT5AC9P2J7PQ1Q2H,"","Uzbekistan P4"
018NY6XC00VT0SFJVX4670MY5D,"","Uzbekistan P5"
018NY6XC00VTSQ3ZDTS3M4SQ6T,"","V2 Rocket"
018NY6XC00VTFK78TBP8RDJS6B,"","V3"
018NY6XC00VTFX1F3BJ040QJJ6,"","Vader Kush"
018NY6XC00VTD5BX7YFAQ18GN4,"","Vader OG"
018NY6XC00VT97MAGJKSBR1DT2,"","Valaria"
018NY6XC00VT34ZNATJCK7HDH5,"Indica","Valedica"
018NY6XC00VT9CR9SWCF7W1GQV,"","Valencia"
018NY6XC00VTMNJB5RQWH9MDAW,"","Valentine X"
018NY6XC00VT87H7Q2864FHE48,"","Vale' Vale'"
018NY6XC00VT38DS6ABM2BF6R7,"","Valhalla"
018NY6XC00VTXMR6JRQXRKZ9CF,"","Valkyrie"
018NY6XC00VTZ2NCSTC35TVRQ1,"","Valley Ghash"
018NY6XC00VT9P7TMVQWH134AB,"","Valley Ghash (VGH)"
018NY6XC00VT2JXCW8BW1K099S,"","Valley Girl"
018NY6XC00VTWTK08V7JQGG1ED,"","Valley Queen"
018NY6XC00VTHZQ41NX06DNQN6,"","Valley Rose"
018NY6XC00VTDVBGKVAHPFDMV8,"","Vamp Kush (510)"
018NY6XC00VTN8QBKKZWDV8GKQ,"","Vancity Kush"
018NY6XC00VTMYV84VFREWH37D,"","Vanilla"
018NY6XC00VT5N6MPDXCGA8M49,"","Vanilla Bean"
018NY6XC00VT8HJYDY9Z5H5YBX,"","Vanilla Cookies"
018NY6XC00VTKGWWYTT068391E,"","Vanilla Diesel"
018NY6XC00VTECQJZS2NW23VX1,"","Vanilla Frost"
018NY6XC00VTJGQV01FDP61HQN,"","Vanilla Glue"
018NY6XC00VTZJC58N1E5H20AM,"","Vanilla Gorilla"
018NY6XC00VTHG23HZP9DH2XX5,"","Vanilla Haze"
018NY6XC00VTKBAB9TBVPXB614,"","Vanilla Kush"
018NY6XC00VTMMQFTT88HKX3EN,"","Vanilla Sky"
018NY6XC00VTB1HT2GXY2EGZMH,"","Vanilluna"
018NY6XC00VT212FN9NBYPEWZM,"","Vaniluna"
018NY6XC00VTQ0BP8YZAA40MQM,"","Van Nuys OG"
018NY6XC00VTNGTGFS64N8ET7V,"","VCDC"
018NY6XC00VTP1542S55WSZCP8,"","Veganic Starkiller OG"
018NY6XC00VTS06J6M267WX2BM,"","Velvet Bud"
018NY6XC00VTWZ2WC2ECZZEW0T,"","Velvet Cookies"
018NY6XC00VT4SNTFQMBZ5PBMK,"","Velvet Kush"
018NY6XC00VT85RD0GHCA3W8BP,"","Velvet Kush (Royal Kush)"
018NY6XC00VTP8FPVYN16PV8KV,"","Velvet Pie"
018NY6XC00VT4YS6WJ7BCR8EV4,"","Velvet Purps"
018NY6XC00VT09WG7VR89S66SN,"","Velvet Rush"
01E7BZ5B626TCHSECP40B0YEJA,"-unknown-","Velvet Rush X NL5/Haze"
018NY6XC00VTBQN7CGNDTQAYX9,"","Venice OG"
018NY6XC00VTYQMEYS07A1G7W8,"","Venkman OG"
018NY6XC00VTEWXAHQ57YBEF9H,"","Venom"
018NY6XC00VTGB130JG5ASN6PK,"","Venomberry"
018NY6XC00VTV5FPNC0R7V6B3G,"","Venom OG"
018NY6XC00VTYEMCV13EWK0RMV,"","Venom OG Kush"
018NY6XC00VT9WQKRXPHX4PFSG,"","Venus"
018NY6XC00VTZF87E9NF2B9PRN,"","Venus OG"
018NY6XC00VTQAYJNSGVPAA4BZ,"","Verdad"
018NY6XC00VTE0SAE1RHD0M71S,"","Verde Electric"
018NY6XC00VTRF54QBKY5QE5XZ,"","Versace"
018NY6XC00VTWCTBJSC9ZB8GZM,"","Versace Cookies"
018NY6XC00VTEBR3M7CWKZP5VP,"","Versace OG"
018NY6XC00VTE0MH3MHAS0NCJ1,"","Versailles OG"
018NY6XC00VTFVPA4SSRD9JJST,"","Vertigo"
018NY6XC00VT62WR6CBT0159RS,"","Vertigo_SBG"
018NY6XC00VT0C388HQQ8BP8TN,"","Very Berry"
018NY6XC00VTVA9GSV7THPBA66,"","Very Berry Cheesecake"
018NY6XC00VTPDFJ688SPV7CB8,"","Very Berry Dutch Treat"
018NY6XC00VT2KPY4927QWCXP7,"","Very Berry Haze"
018NY6XC00VTDWYJW67QF6XZTZ,"","Very Berry Kush"
018NY6XC00VTC5QCFJ9HFNYTVG,"","Very Berry Surprise (VBS)"
018NY6XC00VT256P1YAQW6ZA3F,"","Very White"
018NY6XC00VT5VNT5P4ZJ7F92E,"","Vets OG"
018NY6XC00VTJG72789NT8JTVS,"","VGH OG"
018NY6XC00VT60RMP8FXM0HAA7,"","Vickies Cookies"
018NY6XC00VTH9DNPRC3102PWX,"","Victor Baarn"
018NY6XC00VT7FZKGS6EG7HMNM,"","Victory"
018NY6XC00VTJFVN638R4K6YZH,"","Victory Cookies"
018NY6XC00VTGJ3XTTZVV93SM6,"","Viet Combo"
018NY6XC00VTQ4VQSB97YFZG7M,"","Vietnam"
018NY6XC00VTEG1HSTD9EMKNJ9,"","Vietnam 1990s"
018NY6XC00VTF3Z73SYN8S6A9T,"","Vietnam Delat"
018NY6XC00VTBVSENZVMGD2WXD,"","Vietnamese Black"
018NY6XC00VTHCKZ0VCM0VHWY4,"","Vietnamese Bubba"
018NY6XC00VTPWMAZEP9PJQPP0,"","Vietnam Haze"
018NY6XC00VTQ0KMGJRAY9XTYG,"","Vietnam Tourist Hemp"
018NY6XC00VT9MGQGSXKJ0J1PB,"","Viking"
018NY6XC00VTP0TWVDP8XZBAJ6,"","Vin Diesel"
018NY6XC00VTSN0DCZWT77Q95V,"","Vintner's Moonshine"
018NY6XC00VTFPAY5NW81CTQBK,"","Vintners Moonshine"
018NY6XC00VTYCXVHAX936ZA3E,"","Violator Kush"
018NY6XC00VTAT7Y8J5V8ESGF7,"","Violet"
018NY6XC00VT5Y95056WX3Q8DJ,"","Violeta"
018NY6XC00VTCTN4PF1ZRH2XDV,"","Violet Delight"
018NY6XC00VTMK0DRK18GMHD29,"","Viper"
018NY6XC00VTE0FSZ9Z3D8AWG7,"","Viper City OG"
018NY6XC00VTBHK9EGG6EJNECV,"","Viper City Og XIII"
018NY6XC00VTRJK37P5RZVRQZY,"","Viper Cookies"
018NY6XC00VT362YEX1VQ3NQDW,"","Viper Goji"
018NY6XC00VTWT33AG1TQN8VRW,"","VIP OG"
018NY6XC00VTBE8FT6KFYTQ0HY,"","Virgin (Burmese Skunk)"
018NY6XC00VTXHJE935VJTVH5G,"","Vitamin CBD"
018NY6XC00VTEXG3PQJ22FND7V,"","VITAMIN CBD"
018NY6XC00VTDJ38967KSV031C,"","Viuda Blanca"
018NY6XC00VTPYW35JGY505BX7,"","VK1 (Voodoo Kookie #1)"
018NY6XC00VT2MJV71XVSAQRZV,"","VL"
018NY6XC00VTKWJ98EP25ZYD17,"","VOG (Volcanic Fog)"
018NY6XC00VTAWWE281MNSAEMF,"","Volcano"
018NY6XC00VTJSRR14SM231KJR,"","Volcano Hash Plant"
018NY6XC00VTPFKMNTH6NN1HZC,"","Voodoo"
018NY6XC00VTSZEX87WF449ZYA,"","VooDoo Kush"
018NY6XC00VT3P2A2EEM5EZE0C,"","Voodoo Star"
018NY6XC00VTVS2E174YZEXD3H,"","Vorberry"
018NY6XC00VTYFJ3PDT4FJENP3,"","Vortex"
018NY6XC00VT8R3DG7BA8RF13Q,"","Vortex GAL11062"
018NY6XC00VTRYVST373CJDBBH,"","Vortex GAL5928"
018NY6XC00VTDM4BXPGSDM8C67,"","Vortex (God's Pussy)"
018NY6XC00VTM0S1KXJ7NCVR2R,"","VOTS AZ Super Sour OG"
018NY6XC00VTXY0XG6746SPFDD,"","Voyager"
018NY6XC00VT9M8VYCRAQSZJG0,"","Voyager 1"
018NY6XC00VT3AXT0E710DKY1F,"","Vulcan"
018NY6XC00VT7BR61EME62RWZM,"","Waiile Bud"
018NY6XC00VTAB4956A12BYA6V,"","Waikiki Queen"
018NY6XC00VTNKFGM6VXWPZ8XG,"","Waipi'o Hapa"
018NY6XC00VT2ZE6MNT4HC5B00,"","Waipi'o Haze"
018NY6XC00VTJRGVJKZ6WFVH8E,"","Wakeford"
018NY6XC00VT917FSX1RXJRN5N,"","Wakeford II"
018NY6XC00VT8E2K1A8BNVYGYW,"","Waldo"
018NY6XC00VTR4TSQZKWKNGFPJ,"","Walkabout"
018NY6XC00VTF9YJNEC26VRGGP,"","Walker Kush"
018NY6XC00VTS6G3NKHH9KFA67,"","Walk'n the Dawg"
018NY6XC00VTRPNCJZAT34VAHD,"","Wall-E's Plant"
018NY6XC00VTGK29H95W4NTGBT,"","Walliser Queen"
018NY6XC00VT0GQ8S7ZPFE8ZSY,"","Wally OG"
018NY6XC00VTFXR6XTXY11YJ5Z,"","Walrus Kush"
018NY6XC00VT6E5PQFE08XJSDW,"","Walter 2014"
018NY6XC00VTYC5XTMCNZY323Q,"","Walter White"
018NY6XC00VTQ3DNCCF7W9SZ57,"","Walter White OG"
018NY6XC00VTPR3XPM1JWB6PYF,"","Wapiti"
018NY6XC00VT60EJHXA17BRNWT,"","Wappa"
018NY6XC00VTVMH1E21ZA5F212,"","Warda'reek'n OG"
018NY6XC00VTPW4XFMY6CV4K1V,"","Warhammer"
018NY6XC00VTX1252MQ9F2W7AE,"","Warlock"
018NY6XC00VTK78T6VKWD5H9RQ,"","Warlock Diesel"
018NY6XC00VTD640WD3104852W,"","Warlock Queen"
018NY6XC00VT8VVQNVR86Y6AN9,"","Warpberry"
018NY6XC00VT6ED1QK84KMDRE5,"","Washing Machine"
018NY6XC00VTR4KZ0J0MW39XTK,"","Washington Apple"
018NY6XC00VTV040Y3Q35AV2JB,"","Washington Indica"
018NY6XC00VTF7X35CH2G9ESWN,"","Washington Watch Dog"
018NY6XC00VTMGM135G0RN1THP,"","Watermelon"
018NY6XC00VTAK8ZC4FJ0C1EM3,"","Watermelon Kush"
018NY6XC00VTB6MAVDCJY45DF6,"","Watermelon Skunk"
018NY6XC00VT0DP4Q2E12NJ543,"","Watkins"
018NY6XC00VTD9N1X3BG978ZCP,"","WA Woo Cookies"
018NY6XC00VTVEEYFR8YQVSC8K,"Sativa","Waybrid"
018NY6XC00VTB4676J8QM203XA,"","WB OG (Weed Bros. Cut)"
018NY6XC00VT765MK82A7HXFEX,"","Webbed Indica"
018NY6XC00VTABX1JR3GYFBYDQ,"","WEB OF LIES"
018NY6XC00VTGA687XX32K7091,"","Webster"
018NY6XC00VT9YBPXGZ48H5719,"","Wedding Cake"
018NY6XC00VTH0ZMYBKTR1DP39,"","Wedding Cake (Pink Cookies)"
018NY6XC00VTSCPE3W6KH5NJ39,"","Weedle"
018NY6XC00VTWJDYHDE8N2DVH2,"","Weezy"
018NY6XC00VTJ8GJQRP6S0V7DG,"","Weird Willie"
018NY6XC00VTN69WSHB6M0Z9P6,"","Wellness OG"
018NY6XC00VTC5QA880F4N8C6B,"","Wembley"
018NY6XC00VT7A9E6CP6KSFJAM,"","We Not Me"
018NY6XC00VTWMRYNDQR38E09M,"","Werthers"
018NY6XC00VTMSDJ1GETH4XC86,"","West Coast Cookies"
018NY6XC00VTGH8SRMMXMM11SG,"","West Coast Dawg"
018NY6XC00VTCQWGDCWJZ8C0DK,"","West Coast Dawg 710"
018NY6XC00VTK5HN5V0EK4F1YY,"","West Coast Diesel"
018NY6XC00VTZP27AF6XEBK6S9,"","West Coast Dog"
018NY6XC00VTBZ8G3KNW417YD8,"","West Coast OG"
018NY6XC00VT8ZSTQP5W5ZWARC,"","West Coast Sour Diesel (W.C.S.D.)"
018NY6XC00VTXJZRM3W0VRC66Y,"","West Coast Willie"
018NY6XC00VTZN7PMDWFEHBK9D,"","Western Winds"
018NY6XC00VTJ9M1PPBN9M1AW2,"","West L.A. Fadeaway"
018NY6XC00VTX1J70YJVVW8D1Z,"","West OG"
018NY6XC00VTRT2B2FZB95JX7E,"","West Seattle"
018NY6XC00VTDT1PYMNT53DCEG,"","West Seattle CBD"
018NY6XC00VTGTFM3GSPPD08Z4,"","Wet Dream"
018NY6XC00VT41PQZP7EEZF8ZE,"","Wet Dreams F1"
018NY6XC00VTJV45J111SFAAVN,"","Where's My Bike"
018NY6XC00VT9B2STDX6JEMWGB,"Indica","Whimgo"
018NY6XC00VTE1CCZHRTFCZ0SE,"","Whippett"
018NY6XC00VTVN9R5SV8RPGAFS,"Indica","Whisprim"
018NY6XC00VTBV4NPQQMQD76CH,"","Whitaker Blue"
018NY6XC00VTX538TVKFJ8ENVZ,"","Whitaker Blues"
018NY6XC00VTMMT5VTTEW3BNCK,"","White 99"
018NY6XC00VTQHBEZ751VSF6HH,"","White Afghan"
018NY6XC00VTCV6YGRPPDHTEF7,"","White Afghani"
018NY6XC00VT480MR5RBA0EVF9,"","White Alien"
018NY6XC00VTZDHB894XGZJGAT,"","White Amnesia"
018NY6XC00VTS47TWG39E9DWPB,"","White Animal"
018NY6XC00VTTT5VBXY10X36CN,"","White Apollo 710"
018NY6XC00VT2J9TB3R25B203E,"","White Bastard"
018NY6XC00VTHW2ZRNFXGFT33P,"","White Beezle Bubba"
018NY6XC00VT7ASRM866PQZPV3,"","White Berry"
018NY6XC00VT5XQ3W7H7Z4X1Z7,"","White Biker"
018NY6XC00VTTRZ92VR3GPBJ49,"","Whitebird"
018NY6XC00VTWVQMRXCH0ZZ3AR,"","white bubba"
018NY6XC00VT2XVBJW3BZEG4AA,"","White Bubba"
018NY6XC00VTM6H9AN24Q9YVPZ,"","White Bubba G.I."
018NY6XC00VT9EXJ450VX71BJA,"","White Bubblegum"
018NY6XC00VT6VCYP1APV0930A,"","White Buffalo"
018NY6XC00VTR01YS2ZHK1RD80,"","White Buffalo (King Klone)"
018NY6XC00VTCH4Z97HND6AMP5,"","White Buzz"
018NY6XC00VTS5TRSXH7WGYV14,"","White Candy"
018NY6XC00VTBET5R24S1M9K6N,"","WhiteCap"
018NY6XC00VTMK34J6X8XT50EC,"","White Caramel Cookie"
018NY6XC00VT91WTTENW64T7QR,"","White Cashmere"
018NY6XC00VT19762H4C7SSZFC,"","White Castle"
018NY6XC00VTX2RR0V16HN4PC4,"","White CC9"
018NY6XC00VTGDRX0GDGACXNEC,"","White Cheese"
018NY6XC00VTM4NQ5GMBYD5C2Y,"","White Cherry Pie"
018NY6XC00VT2KW1JAD8P1SKKN,"","White Chocolate"
018NY6XC00VTMMGQX1TFMJW6PC,"","White Chocolate (Albino HP13)"
018NY6XC00VTSCDA7XPZ3FXSQR,"","White Chocolate (Purple Caper Seeds)"
018NY6XC00VTGE35GVTJNNPSN8,"","White Chocolate (Sin City Seeds)"
018NY6XC00VTD0EC23V3G523K6,"","White Cinderella"
018NY6XC00VTKNWHH162R8XSKV,"","White Cloud"
018NY6XC00VT6Z4CWNMSHN4RPY,"","White Cookies"
018NY6XC00VT6GP1BQ4A4TK1H7,"","White Cookies (Relentless Genetics)"
018NY6XC00VTB2JD381PTS87GR,"","White Crystal"
018NY6XC00VT1Z1GFCJJT269AZ,"","White Dawg"
018NY6XC00VTJG0EBQ767H0BDX,"","White Dawg Fire OG"
018NY6XC00VTWRV9QXRKA1RPC1,"","White Dawgsbreath"
018NY6XC00VTATXR1XMNQ17E8H,"","White Death Star"
018NY6XC00VT0JFF9PCZCEEH6T,"","White Delight"
018NY6XC00VTMNZK3HJ8Q8ZXMQ,"","White Demon"
018NY6XC00VT0AR8T4RAXBYAAW,"","White Diagonal"
018NY6XC00VTEG078SCQZA8GWR,"","White Diesel"
018NY6XC00VTTAJBCS288DVWXH,"","White Diesel OG"
018NY6XC00VTDFW4XAA7GZVG9G,"","White Domina"
018NY6XC00VTSFZ4GT8EFSA2B1,"","White Domina CBD"
018NY6XC00VTKN0DW588CKFRA5,"","White Dragon"
018NY6XC00VTBQSFBZ8RBRGMDF,"","White Dream"
018NY6XC00VTYX9S2K62SY26T1,"","White Durban"
018NY6XC00VT6VJ2DS1CG23NKK,"","White Dwarf"
018NY6XC00VTNXM0TE0T9KYTCV,"","White Dwarf (Buddha Seeds)"
018NY6XC00VT1J2PFN925ECFD8,"","White Dynamite"
018NY6XC00VTZ7HBY19QEY3V0C,"","White Elephant"
018NY6XC00VTV1SS3SMNKPJZDT,"","White Empress"
018NY6XC00VTW5KRFAJBDX2VH6,"","White Fighter"
018NY6XC00VTDE9HWRMEMR5TYF,"","White Fire"
018NY6XC00VTCCF8T6MSVJ8MAB,"","White Fire 43"
018NY6XC00VT7C1C70DHDT17BB,"","White Fire 43 (Wifi 43)"
018NY6XC00VT7XNJ9BNWFZSH3A,"","White Fire A"
018NY6XC00VTSSZ5N414H3AV59,"","White Fire Alien"
018NY6XC00VT2PWC4EDAS1VVNS,"","White Fire Alien OG"
018NY6XC00VT842YS9M5ED3C6T,"","White Fire GAL5974"
018NY6XC00VT3EWVTEWVYFZSJ3,"","White Fire GAL6035"
018NY6XC00VT83WRDK6FDRGRB1,"","White Fire Jedi OG"
018NY6XC00VT6BA8PY6V0JYSTR,"","White Fire OG"
018NY6XC00VTD70MJHDG56EV15,"","White Fire OG (WiFi OG)"
018NY6XC00VTSPGQYPAWBRWNM4,"","White Flow"
018NY6XC00VTHEEJG9SHMHZH4E,"","White Forest"
018NY6XC00VT7FRZ0BXHEJZ6GK,"","White Fuel"
018NY6XC00VTGKGGH74KYW4D6F,"","White Funk"
018NY6XC00VTDVFW9SSH7ZXJY2,"","White Giant"
018NY6XC00VT2BGWD682QD1TXY,"","White Giant 2"
018NY6XC00VT69CN2T8B89J7T2,"","White Girl"
018NY6XC00VTXNH33T2SCDDWHQ,"","White Goji OG"
018NY6XC00VTJ0H9C3ZF8Q4169,"","White Gold"
018NY6XC00VTYFB5QR105ZWY31,"","White Gorilla"
018NY6XC00VT2XX9AT6TDW9AW4,"","White Grape Dawg"
018NY6XC00VT887R85754ZSA2J,"","White Grapefruit"
018NY6XC00VT7NJWSGVAFNT0CY,"","White Grapes"
018NY6XC00VT7WN4HJ6E75Y9KG,"","White Grizzly"
018NY6XC00VT35S48XKN2XM0C0,"","White Guava"
018NY6XC00VT9SHMQSPCM4B49T,"","White Harmony"
018NY6XC00VT7FWWY3RXB1ASBA,"","White Hashplant"
018NY6XC00VTA9S55X1HP5ESNN,"","White Haze"
018NY6XC00VT9D4ZP21TXH4RM7,"","White Haze (Top Dawg's)"
018NY6XC00VTQM4RFNMVDVHKTN,"","White Heaven"
018NY6XC00VTTJ5WS8W480TZRE,"","White Himalayan Haze"
018NY6XC00VTEVTTFM4HF6V1SK,"","White Himilayan Haze"
018NY6XC00VTK95YWFM94S951R,"","White Ice"
018NY6XC00VTVVDM54NB9324JP,"","White Indica"
018NY6XC00VT7XY5TXPBM6V8E4,"","White Island"
018NY6XC00VT7T5077GNT51T1M,"","White Jazz"
018NY6XC00VTAEYJN7V6B6DFX4,"","White K.C."
018NY6XC00VTAE0N0N1AHNCSKZ,"","White Knight"
018NY6XC00VT421S9A7JFK9TJR,"","White Knuckle"
018NY6XC00VTSVMKP6SKBHEXCG,"","White Knuckles (Exotic Genetix)"
018NY6XC00VTC16D61T6NR88HN,"","White Kryptonite"
018NY6XC00VTC80AAKAYSWH2PR,"","White Kush"
018NY6XC00VT7T8DWCHG2CHBX7,"","White Kush (Top Dawg's)"
018NY6XC00VTM6TWQWDGMJZVPG,"","White Label Jack Herer"
018NY6XC00VTT774QHPX7CXJQZ,"","White Label Rhino"
018NY6XC00VTC38WM2JHJZ8V1V,"","White Lady"
018NY6XC00VT18864PKBZG9MA4,"","White Lady OG"
018NY6XC00VTCKT4FDFFR9NC2X,"","White Lavender"
018NY6XC00VTJA8STPP35A0VT8,"","White Lemon"
018NY6XC00VT7BPF8VG64H4RSW,"","White Lemons (Relentless Genetics)"
018NY6XC00VTE48J3K4E6FNTR4,"","White Light"
018NY6XC00VT3V2KYHHV3KT5SV,"","White Lightnin"
018NY6XC00VT80EWA8206C05NY,"","White Lightning"
018NY6XC00VTKYTT3FAKH07BQB,"","White Lion OG"
018NY6XC00VTDNED99R4BGKPZ2,"","White Lion Tequila"
018NY6XC00VTA7SY150N6J4WTR,"","White Lotus"
018NY6XC00VTTFTE0WZ0VTXB2C,"","White Louie"
018NY6XC00VTCZJS78655EAM4W,"","White LSD"
018NY6XC00VTMD2YAQMHJWAKEW,"","White Magic"
018NY6XC00VTWRATAD8Y1909ZP,"","White Magoo"
018NY6XC00VT8S2YYY24CQ2X0B,"","White Mango"
018NY6XC00VT5K53PZX1ZPQC9J,"","White Master"
018NY6XC00VTDV9CCBA235JQSM,"","White Meadow"
018NY6XC00VTTHFDAWYBXSZPGJ,"","White Metal"
018NY6XC00VTDE0GZW8KQ98SF5,"","White Molokai"
018NY6XC00VT23Y04E3BGG5BYF,"","White Moonshine"
018NY6XC00VT6FTHNHW2VYG5N3,"","White Moscow"
018NY6XC00VTTNH8440GSEMRKV,"","White Mr. Nice"
018NY6XC00VTK3GMVWM9DPRDPY,"","White Mustang"
018NY6XC00VT8MVZN1GYM65HHC,"","White Nectar"
018NY6XC00VT8ZA8A7A2833SPV,"","White Nightmare"
018NY6XC00VTDWNBZ6CDWR74RV,"","White Noise"
018NY6XC00VT5TETNFFGMQ5WWC,"","White OG"
018NY6XC00VTNBAFYTG3X8Z3BY,"","White OG / Blue Dream"
018NY6XC00VTEDDMRRA1Y1PDQ2,"","White OG V2.0"
018NY6XC00VT6PG3XK7E5K6JTF,"","Whiteout"
018NY6XC00VTY4H8QE79QCJ3WG,"","White Panther (White Dwarf)"
018NY6XC00VTSXHECFK1M3QWKS,"","White Pearl"
018NY6XC00VTA1V6ZW1NK303HH,"","White Phantom"
018NY6XC00VT51MZXNZM1N7F15,"","White Pie"
018NY6XC00VTX515R4WKNWMVRM,"","White Platinum OG"
018NY6XC00VTTZACFGEJXT5MHS,"","White Queen"
018NY6XC00VT2HKDC3R27VV78M,"","White Rabbit"
018NY6XC00VT27B243FQEZA02X,"","White Rhino"
018NY6XC00VT9QDSCVHJJRADQA,"","White Rhino Bull"
018NY6XC00VTR4SNXZWAJ3WHZH,"","White Rhino (MMS)"
018NY6XC00VTTKEHSNTF2ENGCS,"","White Ribbon"
018NY6XC00VTH4VHPB771ZRTAA,"","White Romulan"
018NY6XC00VTN1Q6ZRV5D1QR0F,"","White Rose"
018NY6XC00VT0M4RV7Y527QV1W,"","White Russian"
018NY6XC00VT0SD41Z2YZTJYCB,"","White Russian F2"
018NY6XC00VTAJ60CCGR23SRSW,"","White Russian (Joey)"
018NY6XC00VTNKN4RXF7N6V1TJ,"","White Ryder"
018NY6XC00VTE9MVF9K1P95CZK,"","White S1"
018NY6XC00VTACGC7D1CAJEGMJ,"","White Sage"
018NY6XC00VTRP4SZA89F8RQRB,"","White Sangria"
018NY6XC00VTQMZ9QPGB81A0XK,"","White Satin"
018NY6XC00VT6VHZK5YB19Z6VT,"","White Shark"
018NY6XC00VT8NE4QXVK3GKCH7,"","White Siberian"
018NY6XC00VTZS1RV1WF1BWN4H,"","White Sirius"
018NY6XC00VTG6HEWF87RV75CA,"","White Skunk"
018NY6XC00VTDNVVZDW92M65YM,"","White Sky"
018NY6XC00VTJ657AD05YQCGN1,"","White Slipper"
018NY6XC00VTFT9D4NFB08RQSZ,"","White Smurf"
018NY6XC00VTYNVFGQWK2RPNS3,"","White Snake"
018NY6XC00VTV74YCWFV63ZM5Y,"","White Sour Pineapples"
018NY6XC00VTNVDGXWTSQ8VPBG,"","White Special"
018NY6XC00VTBFGTHEM87Y3753,"","White Star"
018NY6XC00VTXEX75WYTF1PG30,"","White Star Dawg"
018NY6XC00VTXKG1ABTBEDAXPC,"","White Strawberries (Stormy White Cough)"
018NY6XC00VTXZK6VTSP43DFTY,"","White Strawberry"
018NY6XC00VTM2AZVZ5GHKRS4D,"","White Strawberry Skunk"
018NY6XC00VTPWSWHPWB48MFE7,"","White Super Skunk"
018NY6XC00VT6071SCH3CNBGVN,"","White Sweet Skunk"
018NY6XC00VTS04960C08KYJAQ,"","White Tahoe Cookie"
018NY6XC00VTD75H72F39XGFRN,"","White Tangie Starburst OG"
018NY6XC00VT73JJE8NSHFTY2Z,"","White Tea Biscuits"
018NY6XC00VTZYEZTS6VK53XH6,"","White Trainwreck"
018NY6XC00VTN78AJ1EQFRVJZF,"","White Tusk"
018NY6XC00VT8ZXFXBPQCSRBCV,"","White Tygh Dream"
018NY6XC00VTGRS8D2EA2CT78T,"","White Urkle"
018NY6XC00VTH0P8QW044TP6MB,"","White Urkle Deez"
018NY6XC00VT0XBAYNNQKRA29Y,"","White Voodoo"
018NY6XC00VT7SEQRJBYJXV9VC,"","White Walker"
018NY6XC00VTTJMWKZXQEJYYEK,"","White Walker Kush"
018NY6XC00VTB0GDPDF75W0RVN,"","Whitewalker OG"
018NY6XC00VTW1P990PNEJ2DHB,"","White Walrus"
018NY6XC00VTNMDK11M2H8BREK,"","Whitewaltz"
018NY6XC00VTXBXN37S7VK84RK,"","White Wash"
018NY6XC00VT9C95W495D89D84,"","White Water"
018NY6XC00VTMZNKQ9Q7GD4XCC,"","White Wicka"
018NY6XC00VTRHTFT2B0G1CPR3,"","White Widow"
018NY6XC00VTK0FY4BZ6HNHJQA,"","White Widow 1.1"
018NY6XC00VTNF9R3EXV8AMRSX,"","White Widow ('98 Aloha)"
018NY6XC00VTWAGZ65GREJ6MFN,"","White Widow F2"
018NY6XC00VTQ0EKSGEW5A88F8,"","White Widow GAL5873"
018NY6XC00VT32CZPYE09AST95,"","White Widow GAL6188"
018NY6XC00VTCP4X54EMCK9FGD,"","White Widow GAL6368"
018NY6XC00VTMAQ08T8K7Z8ZA6,"","White Widow Max"
018NY6XC00VTR3BTYNT8NR98GX,"","White Widow (MMS)"
018NY6XC00VT99R8SWY3NFARH1,"","White Widow (THC Seeds)"
018NY6XC00VT4CQASQXSZTE5DB,"","White Widow Unk"
018NY6XC00VT2BT8VKQT407X6D,"","White Willow"
018NY6XC00VTSJ8DJP2GMAPHGQ,"","White Witch"
018NY6XC00VTJ0DJG2Z7TGV267,"","White Wizard"
018NY6XC00VTB2ZTKYGQRRQRWD,"","White Wombat"
018NY6XC00VTEA1EX9NWJQ94AP,"","White Wreck"
018NY6XC00VTW6GZZ5BH3QNESS,"","Whitey"
018NY6XC00VTD1XRRHDY56364X,"","White Yeti (Abominable Snowman)"
01E7BX5A4ADRTYZ6YGAG33C88Z,"","White Yoda Auto"
018NY6XC00VTKQ0Q2Z85HNPRT1,"","White Zombie"
018NY6XC00VT0BSP65BMP1NDTN,"","Who Dat Orange Kush"
018NY6XC00VTCC1EAAA3GYRJRD,"","Whurk'd Bubba"
018NY6XC00VT7821D11785H7KS,"","Whurkle"
018NY6XC00VT8VJHEPCX1VZWYJ,"","Widow Bomb"
018NY6XC00VTCQYYEK6YBHB5CT,"","Widow Diesel"
018NY6XC00VTJZ2114EP27ZA6D,"","Widow Haze"
018NY6XC00VTTW5RWB94X9AYAD,"","Widow Jack"
018NY6XC00VTSRP20X1TJMMCN4,"","Widowmaker"
018NY6XC00VT5649Q8682SZ1BY,"","Widow OG"
018NY6XC00VTSZV4CVZ5NPX2Q4,"","Widowrella"
018NY6XC00VTHA9TJEHSKJXPTY,"","Widows Gift"
018NY6XC00VT5P4VMNSRYTWF4F,"","Widow Shock"
018NY6XC00VTZC96P1PSX0TXB6,"","Widow Warrior"
018NY6XC00VT2Q21A62RDX8VQK,"","Widow Wreck"
018NY6XC00VTP3878RNVG57WHN,"","Wife"
018NY6XC00VTPNWQ69KF9CWJ8T,"","Wifey '07"
018NY6XC00VT48VTDHCKA9EVTR,"","Wifi"
018NY6XC00VTTCQDKK2RPV29KE,"","WiFi Afghani"
018NY6XC00VTJ7KCVSZVG4N8X6,"","Wifi Leroy"
018NY6XC00VT60QAQX101BQHMN,"","WiFi OG"
018NY6XC00VTFKWJX5ZB0TMDVJ,"","Wild Amazone"
018NY6XC00VT08VQV7K1K5XQ39,"","Wild Berry"
018NY6XC00VTTN00P7GVXA5C29,"","Wild Berry Kush"
018NY6XC00VTCG7CJAQSX962TD,"","Wild Cherry"
018NY6XC00VT1TM0XFH6DYY2BG,"","Wild Cherry Cookies"
018NY6XC00VTPMJF3RR4CB9HJV,"","WILDMAN"
018NY6XC00VTGNBTJE47C4RGVZ,"","Wild Rose"
018NY6XC00VTS89Y0RHASVMDVX,"","Wild Skunk"
018NY6XC00VTGAK3JJ2ZBPMDQD,"","Wild Thailand"
018NY6XC00VT03MACMDG0XK8XB,"","Wild Thailand Ryder"
018NY6XC00VT0YMN0BZTECSZ02,"","Wild West"
018NY6XC00VT66K7TS4QZ3DBEG,"","Wild Zombie"
018NY6XC00VT63RTQYW3KCV2BZ,"","Willamette Valley Pineapple"
018NY6XC00VTQR3ET2K0MP4MQA,"","Willem's Firecracker"
018NY6XC00VTMT6RKGJ57HRG62,"","Williams Firecracker"
018NY6XC00VTTKYGAW1P3NQDEW,"","William's White Russian"
018NY6XC00VT8YF6R2MJN1RE3T,"","William's Wonder"
018NY6XC00VTGV8ZPYWJJ7FV7S,"","Williams Wonder BX#2"
018NY6XC00VTV7QTE56281RC99,"","Williams Wonder (Willem's Wonder)"
018NY6XC00VTEVWW2STM43CPC4,"","Willie D"
018NY6XC00VTVYBHPGWFAPF8MZ,"","Willie Nelson"
018NY6XC00VTR7CWBK8P7ZJX3D,"","Willie Nelson (GGG)"
018NY6XC00VTD7AW21KBSJ95X6,"","Willijuana"
018NY6XC00VTPBWGRN4HC7ENAN,"","WillowBillyReserve"
018NY6XC00VTPMR3P2Q9FVVD6K,"","Willow Woman"
018NY6XC00VTQ3GQD430RSSYMD,"","Wills"
018NY6XC00VTJ43J5SRYP509EQ,"","Willy G's Lebanese"
018NY6XC00VT6HCZ7D4AFEGH7X,"","Willy Jack"
018NY6XC00VTC9Q27GHYE3MNH9,"","Willy Nelson"
018NY6XC00VT78JTBCHPW33M14,"","Willy's Light"
018NY6XC00VTQG11ADFSBPR02F,"","Willy's Wonder"
018NY6XC00VTSDF22M23WW3YP7,"","Willy Wonka"
018NY6XC00VT5D4DYKPBJ796ZZ,"","Wing Attack Plan R"
018NY6XC00VT1C32M560RFYXPK,"","WiPie"
018NY6XC00VTZDCFN1S5D8BY7J,"","Wish Mountain"
018NY6XC00VTN7H8WWP7K1Q7FX,"","Wish Mountain v2"
018NY6XC00VTGCTDKT8DEM8P09,"","Witches Weed"
018NY6XC00VT1DWFHEQV6QPZB2,"","Wizard of OZ"
018NY6XC00VT0YB78QRCNTQHDA,"","Wizard OG"
018NY6XC00VT3Y6YT80SFE9HPS,"","Wizard's Potion"
018NY6XC00VT966RKPHRV26DK1,"","WMD"
018NY6XC00VT9D4P9MRHV5W00E,"","Wolverine Kush"
018NY6XC00VTWEF9VVM1Y0FDD6,"","Wombat"
018NY6XC00VTBEY22S69W3CX4X,"","Wonder"
018NY6XC00VTWN7H7C82W4TVJ0,"","Wonder 99"
018NY6XC00VTKQQXDSB5984P30,"","Wonderberry"
018NY6XC00VTGDX22WXPSQYA0S,"","Wonder Bread"
018NY6XC00VTFWCRW77AA88VQV,"","Wonder Chunk"
018NY6XC00VTHK5Z55G7PMJTWE,"","Wonder Cookies"
018NY6XC00VTBNV7CYP5RZY2BS,"","Wonder Diesel"
018NY6XC00VT74DPEFSHKQ9K8R,"","Wonderdog"
018NY6XC00VTC6SKV34ZNXEVD5,"","Wonderfuck"
018NY6XC00VTSKDVBQ816JNRV9,"","Wonder Haze"
018NY6XC00VTQV3DEYMF1NYAB9,"","Wonder Kid"
018NY6XC00VT2GBHBGYN2QMAC1,"","Wonder Kush"
018NY6XC00VTWHE7XHPNNH2AP9,"","Wonder Woman"
018NY6XC00VTWBHCSESVA73D9M,"","Wonder Woman OG"
018NY6XC00VTAREM1819KXVR5V,"","Wonka"
018NY6XC00VT4BJ89N0E8RQ0WX,"","Wonka Chem F2"
018NY6XC00VT0KJNS1E5NYFSNM,"","Wonka OG"
018NY6XC00VT9VKVH80C5EGAHF,"","Wonka's Bubblicious"
018NY6XC00VT6MZCAQAKSS0A29,"","Wonkstar"
018NY6XC00VT6ME751JBW899KV,"","Woody"
018NY6XC00VTQC58ACS0WCW8PF,"","Woody Harrelson OG"
018NY6XC00VTA9CJ2AM0Q6B995,"","Woody Kush"
018NY6XC00VTKHW4ZJR26NRM1D,"","Woody OG"
018NY6XC00VTDVWASW6PMFR92N,"","Woody's GDP"
018NY6XC00VT3DZYSF04RNM2AB,"","Wookie"
018NY6XC00VT250K01Z2AN1WYP,"","Wookie #7"
018NY6XC00VT5YBR3K53J9D779,"","Wookie Cookies"
018NY6XC00VTMDS5XPX6DB7PD3,"","Wookie Glue"
018NY6XC00VTCPACPXDVK8WVSA,"","Wookies"
018NY6XC00VTRFTZJMZEBXKS8V,"","Wounded Warrior"
018NY6XC00VTGT2HVT855BMH82,"","Wreck"
018NY6XC00VTGZN8VSMQJGYPZJ,"","Wreckage"
018NY6XC00VTAHP0WHKPCRJ7AB,"","Wrecked Cookies"
018NY6XC00VTH19ZD603ZQFH5V,"","Wrecking Ball"
018NY6XC00VTNHMESDHHG1C1XK,"","Wreckle"
018NY6XC00VTR6021A1E05F3ZB,"","Wreckless"
018NY6XC00VTJPNK3MCD47XBHR,"","Wreck of Angels"
018NY6XC00VTADYFBNC6MREW7W,"","Wrex"
018NY6XC00VTVGMP2047TPFQ9M,"","WSU"
018NY6XC00VT2VB1SDH2ZEHDQA,"","WTF"
018NY6XC00VTB0660JBXJG5WQY,"","WWD"
018NY6XC00VT2JTC4WXAQ6ACGH,"","X13"
018NY6XC00VTW6ZAPFE935NTHJ,"","Xanadu"
018NY6XC00VT7K9E4N667VM270,"Indica","Xenoden"
018NY6XC00VTM1E4W00M37D99V,"","Xenu"
018NY6XC00VTZHRAMC14XG7ZK1,"","X Factor"
018NY6XC00VT8KTDCGC5EEDJQ7,"","X-File"
018NY6XC00VT4GZZJCJ8QRTS53,"","X-Files"
018NY6XC00VTN1VM6ZD3SY3TWY,"","X Haze"
018NY6XC00VTGGAAHG624CS9ZY,"Sativa","Xinva"
018NY6XC00VTKSZEW9M0X5FA0M,"","XJ 13"
018NY6XC00VT53RTJEHP78NWPK,"","XJ-13"
018NY6XC00VTD302D80NY1J98R,"","XJ-Doji"
018NY6XC00VTSHAYB0XPVD8YXZ,"","XJ Goji"
018NY6XC00VTAM12E4Q450PBQK,"","X-Kush #1"
018NY6XC00VTR25Y3F3T8C57YJ,"","X Lights"
018NY6XC00VTQQDMTK065H8YGJ,"","Xmas Cookies"
018NY6XC00VTDMH46YJK179XP3,"","Xocolope"
018NY6XC00VTN2BEJKTDC8RQPR,"","XTC OG"
018NY6XC00VTVFF0TSAT9MHFD7,"","X-Tra Chz"
018NY6XC00VTC081DS4KDW6576,"","X-Tra CHZ"
018NY6XC00VTN7VN5JVD9GY5YZ,"","X-Wing"
018NY6XC00VTP21Q7FYCHK91Z5,"","XXX"
018NY6XC00VTS7TQW46BWWCHKX,"","XXX 420"
018NY6XC00VT1Q37RGAW8AQX88,"","XXX Bubba"
018NY6XC00VTPM8RK98AWZDVXP,"","XXX HeadBand OG"
018NY6XC00VT2YPAK09K6EHZYG,"","XXX OG"
018NY6XC00VT171ERYFMMRR9HE,"","XXXTra Skunk"
018NY6XC00VTRT07K0QNY71FPB,"","Y2K"
018NY6XC00VTXKZRKQ38CW0G02,"","Yabba Dabba Diesel"
018NY6XC00VTTXDFGJ2EYX1P70,"","Yampa Valley Couch-Lock"
018NY6XC00VT43VQ6H4KYTFDQZ,"","Yamuna"
018NY6XC00VTEAS19CHDZM0DEM,"","Yarkhun E"
018NY6XC00VTRDTVWMXHEBH0X8,"","Yarkhun WS"
018NY6XC00VTT788B4WHA7SNYW,"","Yarkoum"
018NY6XC00VTDBMTD6AT5W975R,"","Yeager"
018NY6XC00VTASRJQD6BQSC99X,"","Yeezus OG"
018NY6XC00VTRYQ9KCB5W2249Q,"Sativa","Yellow"
018NY6XC00VTMJZCKTKBX90KKZ,"","Yellow Brick Wall"
018NY6XC00VTT1PCD8NA2XH8EA,"","Yellow Lion Rum"
018NY6XC00VT4KWZ44WJAYDTP0,"","Yem OG"
018NY6XC00VTXD6MANHJQRNK9C,"","Yenzo Cookies"
018NY6XC00VTQC1HJT8WH5Z2SD,"","Yerba Buena"
018NY6XC00VTX2C4PERYE2D7R6,"","Yeti"
018NY6XC00VTCZ65Q6KF1ZQDAM,"","Yeti OG"
018NY6XC00VTKK955W5B8V7QED,"","Yeti's Duke"
018NY6XC00VTQJAZJEQAH76QY2,"","Y Griega"
018NY6XC00VTXXZ4HBMYFZDM1E,"","Yieldmaster"
018NY6XC00VTFDBYYJ770BXBGE,"","Ying Yang"
018NY6XC00VTTWQG6TR45M9WS4,"","Y Life"
018NY6XC00VTJBAMBTH51GFX46,"","YLIFE"
018NY6XC00VT6GGXN9N1NNKDCZ,"","Yoda OG"
018NY6XC00VTV06HD99Y9CZ7ZH,"","Yoda OG Kush"
018NY6XC00VT6PX2HR59BR1HZ3,"","Yoda's Brain"
018NY6XC00VTGG12W5BTN2226H,"","Yoda's Brains"
01E7C0ZR7ET21QAMDWHFYT3GGE,"-unknown-","Yoda x Death Star OG"
018NY6XC00VTGJV1ZDMDD1TZEM,"","Yogi"
018NY6XC00VTVJWADJ9RJXHR72,"","Yogi Diesel"
018NY6XC00VT9SN5KECJZYE1DC,"","Yo Mama"
018NY6XC00VT936Q5G5K31CV77,"","Yorker"
018NY6XC00VT3ZMX3QN26P8AHZ,"","Yoruba Nigeria"
018NY6XC00VT6TNM8Q1M1H34QQ,"","Your Welcome"
018NY6XC00VTAYYDCGFYWA2A7S,"","Youth In Asia"
018NY6XC00VT3V984R6MXYYVWY,"","Yuckleberry Wow"
018NY6XC00VT40GT48W13TW0FX,"","Yugoslavia"
018NY6XC00VT3XCP3PWDW802TH,"","Yulong"
018NY6XC00VTD9FJT0Y31M07TA,"","Yumberry"
018NY6XC00VTPPJ32GBJKRQ07K,"","Yumboldt"
018NY6XC00VTZEKT1PWQ9H4HZY,"","Yumboldt '47"
01E7BX59BMND9GYFSHR4A5TFRH,"","Yumbolt"
018NY6XC00VTRMBWWG82FSHQDW,"","Yummy"
018NY6XC00VTK29XJASCWF8FRA,"","Yum Yum Bud"
018NY6XC00VT1A9GBW192N51J8,"","Yunnan China"
018NY6XC00VTPA52C59MYW6BVC,"","Z6"
018NY6XC00VTRDRBPZ8REB4PC1,"","Z7 (Remedy)"
018NY6XC00VTSR828PVGNJCEX8,"","Zacatecas"
018NY6XC00VTWAXNDNASFB2CS6,"","Zag Zilla"
018NY6XC00VTPTA8ABTN1XHWMF,"Sativa","Zainavir"
018NY6XC00VTAJD3TMSG72CQGK,"","Zamal"
018NY6XC00VTQTYCTMT6C7ZAA5,"","Zamaldelica"
018NY6XC00VT39EA4Y9GBTXW42,"","Zambia GAL6299"
018NY6XC00VTHQPF66J64H89S3,"","Zambia GAL6309"
018NY6XC00VTDMTG8V2CJ6YZGY,"","Zambian Copper"
018NY6XC00VT7DYJAAR3QQJSPS,"","Zargorsk"
018NY6XC00VT50XN32VV59RBQ9,"","Zebra"
018NY6XC00VTAWG2BKYK10G1RJ,"","Zed"
018NY6XC00VTXR30R7QHBZ8444,"","Zei"
018NY6XC00VTMNR2BQFJYSF94X,"","Zelda"
018NY6XC00VT50HX03RX8ZQ7S4,"","Zelda Berry"
018NY6XC00VTRNPVVZMTQ3K6Q2,"","Zelly’s Gift"
018NY6XC00VTJWB6MKDXSR6X05,"","Zen"
018NY6XC00VTZ3W1Z66R26NJ0R,"","Zenith"
018NY6XC00VT23GEVQ2MXVRTRA,"","Zen Remedy"
018NY6XC00VTM8T1J1DR6A89P1,"","Zensation"
018NY6XC00VTPTQ85B720JF5FR,"","Zen Skywalker OG"
018NY6XC00VTGF8D0NB5VHA5YX,"","Zen-X"
018NY6XC00VT3X3KW2JGKN6YJC,"","Zero Gravity"
018NY6XC00VTNMFXZTR7SDSCT3,"","Zero-Gravity"
018NY6XC00VTJK445FB2899NBJ,"","Zerozero"
018NY6XC00VTZ3WWAJS8EQVMAX,"Indica","Zerzica"
018NY6XC00VTAANAQNSTFVVX8G,"","Zeta"
018NY6XC00VT2YE8584FN5YFXD,"","Zeta Sage"
018NY6XC00VTC331KVVPQCMETZ,"","Zeta S.A.G.E."
018NY6XC00VT79CF2YBBFV1JWW,"","Zeus"
018NY6XC00VTCQJBJDMVENA9SW,"","Zeus OG"
018NY6XC00VT03W23RP5EDQ2ZK,"","Zilla OG"
018NY6XC00VTPCBC3035ZB9M6Y,"","Zimbabwe Beauty"
018NY6XC00VTF8T689BNYBDXDV,"","Zinn"
018NY6XC00VTHC4Z4C74RVSWXV,"","Zion"
018NY6XC00VTRVFJTS7MQYZ2W4,"","Zion's Amethyst"
018NY6XC00VTSF95E1G2FC03BC,"CBD","Zircon"
018NY6XC00VT3WCN9X7NY52X3H,"","Zit"
018NY6XC00VT71R76C8JF2EK1R,"","Zkittles"
018NY6XC00VT3ET52G0J0S5E4D,"","Zkittlez"
018NY6XC00VTZGWCJE0D2T0PRW,"","Zkittlez/Cookies"
018NY6XC00VTBZXV5XZ07KR9EY,"","Zkittlez/OG Eddy Lepp"
018NY6XC00VTJGCVF5NN59FHVJ,"","ZOD OG"
018NY6XC00VTPHAVBXPGF39V1K,"","Zombie Kush"
018NY6XC00VTWAYD4VNX4JT18C,"","Zombie OG"
018NY6XC00VTAZTSA3WYDQ4TQ7,"","Zombie Stomp"
018NY6XC00VT0S3ZD48CWPKKAK,"","Zoom Pie"
018NY6XC00VTHKN65TH8RXT4X8,"","Zorro"
018NY6XC00VT2HTJM6S57K2E4M,"","Zozobra"
018NY6XC00VTQPKRDA11A60S57,"","Zukke Knolle"
018NY6XC00VT6K6QAEPG2KFN6T,"","Zulu Girl"
018NY6XC00VT079ZXMPBFMP3EB,"","Zuvuya"
018NY6XC00VTZRTHCHQYTXQ9T2,"Hybrid","Zybrid"
